{"root_pose": [-2.8770058155059814, -0.03070392832159996, 0.11155432462692261], "body_pose": [[-0.13788242638111115, -0.058145344257354736, -0.00606145104393363], [-0.24791651964187622, 0.029528167098760605, 0.034103021025657654], [0.00894445925951004, 0.017048168927431107, 0.0011549750342965126], [0.1581910103559494, -0.06410153955221176, -0.03358732908964157], [0.3542628288269043, 0.013734888285398483, 0.05042552202939987], [0.008223666809499264, -0.00041543960105627775, -0.005597848445177078], [-0.3385150730609894, 0.21286138892173767, 0.005981103517115116], [-0.32718032598495483, -0.26245418190956116, -0.03605417162179947], [0.009056725539267063, 0.000524452596437186, 0.0015340291429311037], [0.1337851881980896, 0.4358541667461395, 0.03913465142250061], [0.006967632099986076, -0.4997018575668335, -0.024748925119638443], [0.007924823090434074, 0.0213360246270895, -0.04037794470787048], [0.020046988502144814, -0.09011323750019073, -0.08964823186397552], [0.007995370775461197, 0.015458296053111553, 0.11075633764266968], [-0.0017094946233555675, 0.03388902172446251, 0.000992949353531003], [0.15879985690116882, -0.11494963616132736, -0.6233072876930237], [0.08814673125743866, 0.12144586443901062, 0.6972393989562988], [0.10088732093572617, -0.4661533534526825, 0.13369254767894745], [0.12859217822551727, 0.6393129229545593, -0.269985556602478], [-0.7060902118682861, 0.1091899499297142, 0.01823022961616516], [-0.49343910813331604, -0.05481814220547676, -0.21449552476406097]], "jaw_pose": [0.012415501289069653, 0.00997071247547865, 0.0032787651289254427], "leye_pose": [1.0105150067829527e-05, -5.721989964513341e-06, -4.855167389905546e-06], "reye_pose": [-6.645178928010864e-06, 4.837594133277889e-06, 2.1948004302885238e-07], "lhand_pose": [[-0.07420311123132706, 0.10045520961284637, 0.02506980486214161], [0.09441448748111725, -0.0029752859845757484, 0.42109522223472595], [-0.0436745211482048, 0.052271559834480286, 0.506811797618866], [0.0159610603004694, -0.23055480420589447, -0.0610247440636158], [0.08769992738962173, 0.06418559700250626, 0.6380801796913147], [0.03296136111021042, 0.03705938905477524, 0.42381730675697327], [0.4332450330257416, -0.13945285975933075, 0.38906222581863403], [-0.014935358427464962, 0.14730530977249146, 0.2626771628856659], [0.2029934674501419, 0.05336149036884308, 0.2131813019514084], [0.17206180095672607, -0.24376383423805237, 0.10245082527399063], [0.12249447405338287, -0.016804134473204613, 0.6193365454673767], [0.06920713931322098, 0.10230734944343567, 0.3601933717727661], [-0.22014014422893524, 0.16791823506355286, 0.11621793359518051], [0.0322444885969162, 0.033914629369974136, -0.011880160309374332], [-0.2139999121427536, -0.3396732807159424, 0.22591830790042877]], "rhand_pose": [[-0.14082424342632294, -0.07307431846857071, 0.02667195349931717], [0.14851272106170654, -0.02559259533882141, -0.26200583577156067], [-0.040208831429481506, -0.002380019286647439, -0.4104781150817871], [-0.03475641459226608, 0.1436462253332138, 0.15497122704982758], [0.07937160134315491, -0.023671671748161316, -0.5486652255058289], [0.002531570615246892, -0.033963292837142944, -0.2838982939720154], [0.47021445631980896, 0.1918792575597763, -0.22743654251098633], [-0.2831377685070038, -0.06458771973848343, -0.21471606194972992], [0.20528028905391693, 0.027610735967755318, -0.0674649178981781], [0.23158112168312073, 0.11261511594057083, 0.013727916404604912], [0.011577856726944447, 0.043955571949481964, -0.47153717279434204], [0.020716315135359764, -0.1238211840391159, -0.2290469855070114], [-0.1917116791009903, 0.04981301352381706, 0.10079453140497208], [0.10229414701461792, 0.0944107249379158, 0.24220559000968933], [-0.06846732646226883, 0.19023841619491577, -0.3275844156742096]], "expr": [-0.18076346814632416, 0.19620418548583984, -0.02476651966571808, -0.011944874189794064, 0.050983041524887085, -0.13117003440856934, 0.39191776514053345, 0.13649828732013702, -0.2025354504585266, -0.04191520810127258, 0.2672064006328583, -0.26795098185539246, -0.07832878828048706, 0.2711280882358551, 0.09499357640743256, -0.025886408984661102, 0.19312812387943268, -0.1707962155342102, 0.21740618348121643, 0.12716005742549896, -0.02810691110789776, -0.06444110721349716, -0.12451478093862534, -0.11463843286037445, 0.043591901659965515, -0.17085134983062744, 0.04774971306324005, -0.15218575298786163, -0.13944394886493683, -0.029307091608643532, 0.024187121540308, -0.13903771340847015, 0.07932417839765549, -0.028867734596133232, -0.12603850662708282, 0.10263172537088394, -0.09914208948612213, 0.0576111301779747, 0.08510798960924149, -0.21252292394638062, -0.33588406443595886, -0.06642308831214905, -0.037068262696266174, -0.11890756338834763, -0.15535968542099, -0.060156434774398804, -0.09685488045215607, 0.15697401762008667, 0.008628356270492077, -0.1237851157784462], "trans": [0.0770018994808197, 0.37472331523895264, 3.9437544345855713]}