{"root_pose": [-2.8761911392211914, -0.0484105721116066, 0.1687924861907959], "body_pose": [[-0.13015376031398773, -0.05490882322192192, 0.007290984038263559], [-0.2980717420578003, 0.04226114600896835, 0.04734426736831665], [0.011433047242462635, 0.021681295707821846, 0.009005600586533546], [0.15067806839942932, -0.02557050809264183, -0.034989744424819946], [0.4099230468273163, 0.03154836595058441, 0.05350325256586075], [0.010024241171777248, 0.004055937752127647, -0.012682960368692875], [-0.3499419093132019, 0.21373654901981354, -0.011288209818303585], [-0.32906395196914673, -0.27097785472869873, -0.040811993181705475], [0.007992872968316078, 0.009573408402502537, 0.005791747011244297], [0.13817253708839417, 0.3876331150531769, 0.018247708678245544], [0.0050845155492424965, -0.4475826621055603, -0.028168311342597008], [0.007875807583332062, 0.030585264787077904, -0.03389531373977661], [0.019314315170049667, -0.07386673986911774, -0.08637178689241409], [0.008804012089967728, 0.030188221484422684, 0.10223732143640518], [-0.0023990501649677753, 0.03996622562408447, 0.004166046157479286], [0.1843944936990738, -0.10841566324234009, -0.6309059858322144], [0.09022403508424759, 0.13717301189899445, 0.6972686648368835], [0.10185056924819946, -0.450552761554718, 0.13536718487739563], [0.10344373434782028, 0.6023277044296265, -0.2490103542804718], [-0.7231544852256775, 0.07588691264390945, 0.026400061324238777], [-0.4747174084186554, -0.004431996960192919, -0.1939334124326706]], "jaw_pose": [0.00963435135781765, -0.0031693510245531797, 0.00278815277852118], "leye_pose": [6.756788934580982e-06, -1.117922511184588e-05, 4.479779363464331e-06], "reye_pose": [-3.533449444148573e-06, -2.0903526092297398e-06, -8.701088518137112e-06], "lhand_pose": [[-0.07152090221643448, 0.11481576412916183, 0.006472939159721136], [0.09631571918725967, 0.0009655922185629606, 0.49310609698295593], [-0.04711783677339554, 0.0422472283244133, 0.4738192558288574], [-0.009005781263113022, -0.20839697122573853, -0.010804863646626472], [0.08588626235723495, 0.06308692693710327, 0.598037600517273], [0.03069249726831913, 0.033711597323417664, 0.38801705837249756], [0.418902724981308, -0.1624625027179718, 0.4385426640510559], [-0.04595094919204712, 0.13587740063667297, 0.2298818826675415], [0.1883314847946167, 0.04220366105437279, 0.1784702092409134], [0.14289557933807373, -0.2161954939365387, 0.14566506445407867], [0.10067395120859146, -0.028183557093143463, 0.5858241319656372], [0.060987986624240875, 0.10004975646734238, 0.32869741320610046], [-0.2353687286376953, 0.1799745410680771, 0.12575562298297882], [0.025059930980205536, 0.019856875762343407, -0.0175324659794569], [-0.19514091312885284, -0.32055234909057617, 0.21850678324699402]], "rhand_pose": [[-0.12572789192199707, -0.07291599363088608, 0.003459497354924679], [0.13937680423259735, -0.028569191694259644, -0.2732347249984741], [-0.04430428519845009, -0.0074299597181379795, -0.4042113721370697], [-0.03752731531858444, 0.1437777429819107, 0.13617593050003052], [0.0775885134935379, -0.02442261390388012, -0.530730664730072], [0.0035478754434734583, -0.031978458166122437, -0.24839787185192108], [0.4362843632698059, 0.1708434820175171, -0.24353083968162537], [-0.25121501088142395, -0.06969410926103592, -0.21716991066932678], [0.19164274632930756, 0.015794837847352028, -0.08721684664487839], [0.19229289889335632, 0.09628380835056305, -0.0004948315909132361], [0.018373340368270874, 0.03806355223059654, -0.48076584935188293], [0.023733852431178093, -0.11946125328540802, -0.23531560599803925], [-0.16160812973976135, 0.05440403148531914, 0.11512452363967896], [0.10262323915958405, 0.10803855210542679, 0.223363995552063], [-0.10261434316635132, 0.1879606544971466, -0.3306697905063629]], "expr": [-0.1993785947561264, 0.18934690952301025, -0.019451450556516647, -0.0013455981388688087, 0.05859541520476341, -0.10125919431447983, 0.37190377712249756, 0.14390595257282257, -0.17650720477104187, -0.06867443025112152, 0.20472310483455658, -0.29414626955986023, -0.0977112427353859, 0.3099823594093323, 0.06474600732326508, -0.010251504369080067, 0.20906850695610046, -0.1499100774526596, 0.21172554790973663, 0.09756650030612946, -0.026191456243395805, -0.03478458523750305, -0.10940537601709366, -0.10813818871974945, 0.04478731006383896, -0.1320342868566513, 0.017668351531028748, -0.11569080501794815, -0.12191610038280487, 0.019990986213088036, 0.0043249004520475864, -0.14799225330352783, 0.0609380304813385, -0.022679254412651062, -0.1294585019350052, 0.11221079528331757, -0.1382174789905548, 0.0574210099875927, 0.07379411160945892, -0.209551602602005, -0.32609617710113525, -0.07687905430793762, -0.055105842649936676, -0.11270321160554886, -0.16361525654792786, -0.07651668041944504, -0.08563034981489182, 0.1558418720960617, -0.0019506962271407247, -0.1365080624818802], "trans": [0.0779111236333847, 0.37372124195098877, 3.9513089656829834]}