{"root_pose": [-2.8741860389709473, -0.07090289145708084, 0.0872591882944107], "body_pose": [[-0.13983303308486938, -0.06246844306588173, 0.009958756156265736], [-0.27448099851608276, 0.041307903826236725, 0.02649517171084881], [0.01121990755200386, 0.01653258502483368, 0.005563061684370041], [0.16670545935630798, -0.05958254635334015, -0.030810130760073662], [0.3841310441493988, -0.00025816302513703704, 0.08763083815574646], [0.008998479694128036, 0.0048842416144907475, -0.0038380201440304518], [-0.36053529381752014, 0.20340612530708313, -0.0009691458544693887], [-0.3305203318595886, -0.2710203528404236, -0.0071903858333826065], [0.008251314982771873, -0.00800976250320673, 0.00788241159170866], [0.18788224458694458, 0.3765106201171875, 0.0261667650192976], [0.005113988183438778, -0.4638175368309021, -0.04295652359724045], [0.006090567447245121, -0.00041261414298787713, -0.006593496073037386], [0.023146484047174454, -0.07524435967206955, -0.08857033401727676], [0.03318985551595688, -0.0048125614412128925, 0.11326732486486435], [-0.004106772597879171, 0.024994371458888054, -0.01583073101937771], [0.1363801211118698, -0.11207251250743866, -0.617710530757904], [0.09634090214967728, 0.09875912964344025, 0.6979274153709412], [0.10504556447267532, -0.4726048409938812, 0.11976031959056854], [0.07392710447311401, 0.6422572135925293, -0.26277464628219604], [-0.6375395059585571, 0.029681287705898285, 0.010920869186520576], [-0.5372148752212524, -0.09012071788311005, -0.1936282366514206]], "jaw_pose": [0.01936350204050541, 0.010622902773320675, 0.011297146789729595], "leye_pose": [4.746781996800564e-06, -2.274540747748688e-06, 6.295387720456347e-06], "reye_pose": [-3.351506165927276e-06, 3.5744283195526805e-06, -3.845076207653619e-06], "lhand_pose": [[-0.0696776807308197, 0.0556090883910656, 0.05734384059906006], [0.10056483000516891, -0.0017490412574261427, 0.465101033449173], [-0.04825545474886894, 0.04565630853176117, 0.4932674467563629], [0.005677575245499611, -0.1828404664993286, -0.01795615814626217], [0.08903126418590546, 0.06792423129081726, 0.6370759606361389], [0.036048997193574905, 0.04123314097523689, 0.4011261463165283], [0.36041343212127686, -0.1566980928182602, 0.44384559988975525], [0.020231440663337708, 0.15402752161026, 0.23843787610530853], [0.1812029629945755, 0.06556712090969086, 0.21865053474903107], [0.1633283942937851, -0.12605272233486176, 0.1240357756614685], [0.10217836499214172, 0.029354330152273178, 0.6141687035560608], [0.06967044621706009, 0.10450000315904617, 0.3413078784942627], [-0.23251448571681976, 0.11495556682348251, 0.14270025491714478], [0.013528740964829922, 0.05981175974011421, -0.023929236456751823], [-0.22640615701675415, -0.33935999870300293, 0.26932036876678467]], "rhand_pose": [[-0.1346416175365448, 0.003447385272011161, 0.1274937391281128], [0.16226790845394135, -0.020218243822455406, -0.2859850525856018], [-0.05327880382537842, -0.00507759116590023, -0.43570050597190857], [-0.058208875358104706, 0.24175111949443817, 0.22820760309696198], [0.07463567703962326, 0.0015206076204776764, -0.5524418354034424], [0.008745652623474598, -0.03383425250649452, -0.2784332036972046], [0.3987739384174347, 0.22218526899814606, -0.2315945327281952], [-0.22742514312267303, -0.07968325912952423, -0.2284383326768875], [0.18749040365219116, -0.002874128520488739, -0.08206856995820999], [0.17603354156017303, 0.1655891388654709, 0.06001676246523857], [0.014687864109873772, 0.041026342660188675, -0.5159271955490112], [0.02430626004934311, -0.1276993453502655, -0.24766905605793], [-0.15939830243587494, 0.032114993780851364, 0.09972604364156723], [0.06406134366989136, 0.15174944698810577, 0.21982558071613312], [-0.08433525264263153, 0.21084649860858917, -0.3344360888004303]], "expr": [-0.2160850614309311, 0.13501465320587158, 0.04455845430493355, 0.09532729536294937, -0.18260429799556732, -0.3490302264690399, 0.46680277585983276, 0.010129952803254128, -0.08027559518814087, 0.11811370402574539, 0.24082712829113007, -0.11378292739391327, -0.06799086183309555, 0.1631375253200531, 0.17238014936447144, -0.19382937252521515, 0.014378055930137634, -0.21804244816303253, 0.17413204908370972, 0.26428866386413574, 0.018158217892050743, -0.19271059334278107, -0.018428228795528412, -0.11433755606412888, 0.027005232870578766, -0.12228213995695114, 0.031087711453437805, -0.09711898863315582, -0.13875606656074524, -0.05945615842938423, -0.01691027358174324, -0.12372133135795593, 0.09428844600915909, -0.028618687763810158, -0.10748376697301865, 0.09372501075267792, -0.15433138608932495, -0.004201309755444527, 0.07181978225708008, -0.1979864239692688, -0.33082494139671326, -0.08430076390504837, -0.030873002484440804, -0.078522227704525, -0.1990327686071396, -0.08590340614318848, -0.14728359878063202, 0.1931270807981491, -0.002503550611436367, -0.11270266026258469], "trans": [0.09180764853954315, 0.3779287338256836, 3.951993703842163]}