{"root_pose": [-1.3635624647140503, -0.03368406370282173, 2.7617034912109375], "body_pose": [[-0.18959954380989075, -0.1656968891620636, -0.05551852658390999], [-0.2596798539161682, 0.17242006957530975, -0.09592348337173462], [0.01583075523376465, 0.018133366480469704, -0.04130825400352478], [-0.014917084947228432, -0.010800140909850597, -0.05895281210541725], [0.24518251419067383, -0.2034563571214676, -0.029057947918772697], [0.012956738471984863, 0.03530886024236679, -0.02419901452958584], [0.20297910273075104, 0.12719251215457916, 0.03327588737010956], [0.1614483743906021, -0.3279522955417633, 0.031232444569468498], [0.005058801732957363, 0.0031492183916270733, -0.024941233918070793], [0.06236511468887329, 0.46122750639915466, 0.15454596281051636], [0.00014082279813010246, 0.002911981428042054, 0.0011359906056895852], [0.004387612454593182, -0.3172496259212494, -0.44473814964294434], [-0.03645506501197815, -0.08471885323524475, -0.23515598475933075], [0.029311086982488632, -0.0851227194070816, 0.25336071848869324], [-0.007578827906399965, 0.47690296173095703, 0.3812023997306824], [0.01241936907172203, -0.22874531149864197, -0.7416067719459534], [0.3636895418167114, 0.49554887413978577, 1.2039563655853271], [0.05114292725920677, -0.44160088896751404, 0.1787998080253601], [0.5309876799583435, 0.7696227431297302, 0.006994206458330154], [-0.3779553174972534, 0.2631928324699402, 0.19169093668460846], [0.1652425080537796, 0.06392303854227066, -0.14956282079219818]], "jaw_pose": [0.10226096957921982, -0.010993139818310738, 0.12943564355373383], "leye_pose": [-7.422047019645106e-06, -6.156514245958533e-06, 3.4998142837139312e-06], "reye_pose": [-4.8573438107268885e-06, 6.662922714895103e-06, 1.1047199222957715e-05], "lhand_pose": [[-0.12821540236473083, 0.18535804748535156, -0.138955757021904], [0.09946619719266891, 0.014351706951856613, 0.3712001442909241], [-0.002376722637563944, 0.04043341055512428, 0.43858349323272705], [0.033858321607112885, -0.09120321273803711, -0.24747192859649658], [0.09656717628240585, 0.02285490185022354, 0.754502534866333], [0.0018962158355861902, 0.05051615089178085, 0.4337761700153351], [0.7358673214912415, -0.18917152285575867, 0.4786396920681], [-0.18644821643829346, 0.13265185058116913, 0.38445591926574707], [0.32417750358581543, -0.025101492181420326, 0.18528865277767181], [0.2662310004234314, -0.07683264464139938, 0.07093755900859833], [0.07724612951278687, 0.017934348434209824, 0.5839811563491821], [0.048613712191581726, 0.11523078382015228, 0.36903584003448486], [-0.36211416125297546, -0.04413359612226486, 0.135353684425354], [0.3754105269908905, 0.07827092707157135, -0.23531419038772583], [-0.1276189684867859, -0.15255017578601837, 0.24707667529582977]], "rhand_pose": [[-0.061208706349134445, -0.04808231443166733, -0.33098337054252625], [0.0667300671339035, 0.017202060669660568, -0.4944232404232025], [-0.017651652917265892, 0.019508060067892075, -0.11688868701457977], [-0.007648124359548092, 0.24290890991687775, -0.43452849984169006], [0.02504035085439682, -0.0013052660506218672, -0.6231916546821594], [-0.0024557013530284166, 2.705898396015982e-06, -0.04751916602253914], [-0.07420779019594193, 0.06472693383693695, 1.1969109773635864], [-0.06568935513496399, 0.018940364941954613, -0.020637640729546547], [-0.008078751154243946, 0.011088959872722626, -2.1624451619572937e-05], [0.06243406981229782, 0.10980108380317688, -0.769767701625824], [-0.019228022545576096, 0.02606154792010784, -0.3769618272781372], [-0.006091009359806776, -0.04043096676468849, -0.02664102613925934], [-0.12402353435754776, -0.14780017733573914, -0.1422404944896698], [-0.003070370526984334, -0.06164763495326042, 0.06547753512859344], [-0.017140628769993782, -0.01653897948563099, -0.1186729446053505]], "expr": [0.7979403734207153, 0.32151445746421814, 0.31239229440689087, 0.7851850986480713, -0.9255882501602173, -0.4899478554725647, 0.21306604146957397, -0.5317976474761963, 0.44211333990097046, 0.4884026348590851, -0.058647267520427704, 0.5013779401779175, 0.22837118804454803, 0.14378881454467773, 0.1936662346124649, -0.40067359805107117, -0.5114040970802307, -0.1860426962375641, -0.22968623042106628, 0.40863239765167236, 0.09054699540138245, -0.13212664425373077, 0.2910597026348114, -0.08899779617786407, -0.2757742404937744, 0.1510927826166153, 0.17038190364837646, 0.16073676943778992, 0.053483545780181885, 0.04014968499541283, 0.07231322675943375, -0.22045177221298218, -0.004342569038271904, 0.1910737156867981, -0.07745663821697235, 0.043654002249240875, -0.08583734184503555, -0.08649999648332596, -0.0018790953326970339, 0.023078124970197678, -0.1502729207277298, 0.029889794066548347, -0.05860292166471481, -0.06166542321443558, -0.11040256917476654, 0.11007348448038101, -0.15984849631786346, -0.06153466925024986, -0.07942179590463638, -0.21502140164375305], "trans": [0.15478511154651642, 0.35317131876945496, 3.8477423191070557]}