{"root_pose": [-2.0689878463745117, 0.010913500562310219, 2.2572126388549805], "body_pose": [[-0.17502959072589874, -0.006029586307704449, -0.06019386276602745], [-0.029664315283298492, 0.04604104533791542, -0.1768011897802353], [0.024822471663355827, -0.006055980920791626, -0.0011121730785816908], [0.1059533879160881, 0.1786610633134842, 0.02126655913889408], [0.08007741719484329, -0.4317288100719452, 0.003064011223614216], [0.013701396062970161, 0.009798839688301086, 0.025747189298272133], [-0.15890103578567505, 0.23777875304222107, 0.1414967030286789], [0.19649842381477356, -0.38644281029701233, 0.04067785292863846], [0.004620516672730446, -0.018722273409366608, 0.015053007751703262], [0.013890783302485943, -0.5459352731704712, 0.06666433066129684], [0.0042238677851855755, 0.005373022984713316, -0.0014193708775565028], [0.00941773783415556, -0.2693643271923065, -0.3358207941055298], [-0.06539012491703033, -0.2420930713415146, -0.38552600145339966], [-0.09293442964553833, 0.2261088490486145, 0.5290737152099609], [-0.004469534382224083, 0.06649981439113617, 0.14751946926116943], [-0.00963639747351408, -0.30849236249923706, -0.785757839679718], [-0.04183901101350784, 0.4062388837337494, 0.8790925145149231], [0.22914767265319824, -0.47113868594169617, 0.06084131821990013], [0.22463008761405945, 0.45570772886276245, -0.1011267676949501], [-0.31048062443733215, 0.26756513118743896, 0.24293582141399384], [0.01235107146203518, 0.006628372240811586, -0.17312343418598175]], "jaw_pose": [0.16037920117378235, 0.0029725334607064724, -0.03436141461133957], "leye_pose": [-9.041941666509956e-07, -1.0202371413470246e-05, 7.623967235304008e-07], "reye_pose": [4.966311280441005e-06, -2.4877131181710865e-06, 1.3711088513446157e-06], "lhand_pose": [[-0.12940387427806854, 0.17583929002285004, -0.1067236065864563], [0.11204890161752701, 0.060167305171489716, 0.32926592230796814], [-0.029018547385931015, 0.032079488039016724, 0.4839320778846741], [0.002582443645223975, -0.10752511024475098, -0.24006550014019012], [0.11571548134088516, 0.04042470082640648, 0.7872090339660645], [0.013742540031671524, 0.05690424516797066, 0.4669831693172455], [0.6430535316467285, -0.2956933081150055, 0.44036397337913513], [-0.13992823660373688, 0.1263604462146759, 0.3906138241291046], [0.30971649289131165, 0.005880990531295538, 0.22944411635398865], [0.2541978359222412, -0.14078907668590546, -0.01795153133571148], [0.07618214190006256, 0.02738860435783863, 0.6487221121788025], [0.05699291452765465, 0.13650530576705933, 0.4064689576625824], [-0.3111442029476166, 0.011377057991921902, 0.1414112001657486], [0.11412081867456436, 0.036597128957509995, -0.1345362365245819], [-0.14385925233364105, -0.21828684210777283, 0.26809701323509216]], "rhand_pose": [[-0.01566249318420887, -0.11062214523553848, 0.12026700377464294], [0.10184121876955032, 0.015722185373306274, -0.2057618349790573], [-0.025671418756246567, -0.030066315084695816, -0.28690698742866516], [-0.012364431284368038, 0.054392457008361816, 0.2425571233034134], [0.06852947920560837, -0.05523577332496643, -0.37855827808380127], [0.021565351635217667, -0.016938572749495506, -0.2964114844799042], [0.008916051127016544, 0.1903889924287796, -0.12247532606124878], [0.0019585720729082823, -0.053768910467624664, -0.11801642179489136], [0.06737858057022095, -0.01928488351404667, -0.13478821516036987], [0.054794590920209885, 0.09818930923938751, 0.08817056566476822], [0.056402064859867096, -0.00771527411416173, -0.38652610778808594], [0.034546978771686554, -0.05284258350729942, -0.22833968698978424], [0.015807438641786575, -0.25866368412971497, -0.023426897823810577], [0.04093062877655029, -0.09946924448013306, 0.011900643818080425], [0.0018495426047593355, 0.022402852773666382, -0.024645060300827026]], "expr": [0.10574853420257568, 0.39715543389320374, 0.5138567686080933, 0.7022382616996765, -1.0955461263656616, -0.9936168193817139, -0.006024946458637714, -0.6527612805366516, 0.8165611028671265, 0.4803406298160553, -0.4546339511871338, 0.8921288847923279, 0.02545096166431904, -0.05221302807331085, 0.3456723392009735, -0.5660083889961243, -0.9209626317024231, -0.17253729701042175, -0.22158806025981903, 0.5538829565048218, 0.19106605648994446, -0.4235644042491913, 0.49154141545295715, -0.03907378390431404, -0.2961048483848572, 0.30711629986763, -0.018998175859451294, 0.22449129819869995, 0.14459162950515747, 0.013235049322247505, -0.06566916406154633, -0.1022186353802681, 0.23401156067848206, 0.06559422612190247, -0.012234182097017765, 0.002582391956821084, -0.11405834555625916, 0.011051888577640057, 0.04006020724773407, 0.048572562634944916, 0.09681515395641327, -0.025722406804561615, 0.02284317836165428, 0.12070166319608688, -0.16189247369766235, -0.037787940353155136, -0.08020840585231781, 0.04610549658536911, -0.16248224675655365, -0.033200182020664215], "trans": [0.1037452295422554, 0.35069945454597473, 3.9599833488464355]}