{"root_pose": [-2.227341651916504, 0.006091439165174961, 2.0791385173797607], "body_pose": [[-0.1910857856273651, 0.013892387971282005, -0.08856133371591568], [-0.10347514599561691, 0.02951999381184578, -0.07138413190841675], [0.016790883615612984, -0.06296025961637497, 0.004301871173083782], [0.1284685581922531, 0.014079093001782894, 0.10244639962911606], [0.026918286457657814, 0.29589951038360596, -0.006395867560058832], [0.012410450726747513, -0.009425554424524307, 0.0033368540462106466], [-0.12837938964366913, 0.154428631067276, 0.06940677762031555], [-0.24354258179664612, 0.11026065051555634, -0.021023547276854515], [0.006402247119694948, -0.030580084770917892, -0.0024291835725307465], [0.018907228484749794, -0.4734477400779724, 0.09734424203634262], [0.002683876780793071, -0.1014489233493805, 0.008561632595956326], [0.0075842770747840405, -0.2222362905740738, -0.40211495757102966], [-0.017913803458213806, -0.1648961752653122, -0.32633453607559204], [-0.07056485116481781, 0.05676370486617088, 0.3789268434047699], [-0.004637334495782852, 0.12410231679677963, 0.21195748448371887], [0.031941529363393784, -0.23604997992515564, -0.8101545572280884], [-0.012153198011219501, 0.35624960064888, 1.0422993898391724], [0.0777120441198349, -0.6082383990287781, 0.17315219342708588], [0.28304824233055115, 0.5555610656738281, -0.1144939735531807], [-0.15184292197227478, 0.2436058223247528, 0.18580013513565063], [0.08926977217197418, 0.09651010483503342, -0.09884915500879288]], "jaw_pose": [0.19487392902374268, 0.01670156605541706, -0.13434919714927673], "leye_pose": [-5.243347004579846e-06, -1.4212203041097382e-06, -5.14181829203153e-06], "reye_pose": [1.990527835005196e-06, 7.771839136694325e-07, 7.617788469360676e-06], "lhand_pose": [[-0.12111453711986542, 0.2232504040002823, -0.09031107276678085], [0.11767358332872391, -0.01113827619701624, 0.3375210464000702], [-0.027871986851096153, 0.01604200154542923, 0.46789318323135376], [-0.02421693317592144, -0.1187744066119194, -0.3120203912258148], [0.13050036132335663, 0.03262829780578613, 0.7691255807876587], [0.016107775270938873, 0.05431556701660156, 0.44801729917526245], [0.5914956331253052, -0.33394214510917664, 0.3974830210208893], [-0.14585040509700775, 0.1696595400571823, 0.36184167861938477], [0.2818012237548828, 0.019678739830851555, 0.217495858669281], [0.23567476868629456, -0.1426648646593094, -0.0733635351061821], [0.07447875291109085, 0.005406923126429319, 0.6399853825569153], [0.05399250611662865, 0.13427813351154327, 0.388474702835083], [-0.2784554660320282, 0.0437324233353138, 0.1450720578432083], [0.11039896309375763, 0.02144796960055828, -0.1290818452835083], [-0.153747096657753, -0.2414570450782776, 0.2842468023300171]], "rhand_pose": [[-0.021255580708384514, -0.11853205412626266, 0.08609000593423843], [0.12185896933078766, 0.030466115102171898, -0.21219192445278168], [-0.04502525180578232, -0.04537021368741989, -0.37476518750190735], [-0.01368987187743187, 0.07750999927520752, 0.2715420722961426], [0.08822881430387497, -0.05996166169643402, -0.48760467767715454], [0.03029494546353817, -0.017423070967197418, -0.3792007565498352], [0.2544235289096832, 0.16932068765163422, -0.3055494427680969], [0.02162344567477703, -0.11907588690519333, -0.17703446745872498], [0.15042051672935486, -0.04104911908507347, -0.1849384754896164], [0.1489793062210083, 0.11306215822696686, 0.021305281668901443], [0.09537497162818909, -0.06222551688551903, -0.5150055289268494], [0.051251571625471115, -0.07565116137266159, -0.3210843801498413], [0.005960483569651842, -0.2680501937866211, 0.017070526257157326], [0.07829339057207108, -0.2016109973192215, -0.009133236482739449], [-0.006945509929209948, 0.040844742208719254, 0.046200886368751526]], "expr": [0.09985622763633728, 0.22558839619159698, 0.35916978120803833, 0.4035838544368744, -0.8614376783370972, -0.817487895488739, -0.008230463601648808, -0.43129467964172363, 0.6222421526908875, 0.39938390254974365, -0.49175339937210083, 0.7678353190422058, -0.09702590107917786, -0.2637641131877899, 0.3823883831501007, -0.6387559175491333, -0.9160477519035339, -0.21108174324035645, -0.16585949063301086, 0.6190177202224731, 0.16036173701286316, -0.6107686758041382, 0.468202143907547, -0.03958728909492493, -0.21567915380001068, 0.26892414689064026, 0.033639099448919296, 0.16594746708869934, 0.14673739671707153, 0.04403434693813324, -0.07366276532411575, 0.0541585348546505, 0.2917342483997345, -0.018301120027899742, 0.10099868476390839, -0.05040323734283447, 0.020075708627700806, 0.011965966783463955, -0.036772988736629486, 0.10584263503551483, 0.11603257805109024, 0.0424870140850544, 0.1486324518918991, 0.17037010192871094, -0.10760282725095749, -0.008771903812885284, -0.03181872144341469, 0.05468650534749031, -0.056386496871709824, 0.060416705906391144], "trans": [0.10099935531616211, 0.3480568826198578, 3.963880777359009]}