{"root_pose": [-2.275278329849243, 0.05004914849996567, 2.018035650253296], "body_pose": [[-0.2626302242279053, -0.0072361864149570465, -0.045861490070819855], [-0.1842169463634491, -0.08395086973905563, -0.04875580966472626], [0.010169951245188713, -0.04705929011106491, 0.015746045857667923], [0.168352872133255, 0.010878834873437881, 0.17734751105308533], [0.08819521963596344, 0.011077944189310074, -0.00032298159203492105], [0.008941390551626682, -0.012098770588636398, -0.006731838453561068], [-0.07348524034023285, 0.1731892079114914, -0.0016031555132940412], [-0.029137033969163895, -0.13710881769657135, 0.016264254227280617], [0.004918769001960754, -0.03005734644830227, -0.02224295772612095], [-0.0023101475089788437, -0.4831570088863373, 0.023487204685807228], [0.0019671316258609295, 0.5021636486053467, 0.0029962758999317884], [0.009805251844227314, -0.14099416136741638, -0.28083762526512146], [-0.012996669858694077, -0.04929155483841896, -0.27378514409065247], [-0.061024222522974014, -0.0647524744272232, 0.30348774790763855], [-0.0019578500650823116, 0.1440892070531845, 0.035083770751953125], [0.03112947568297386, -0.16672657430171967, -0.8850800395011902], [0.06720881909132004, 0.2723357677459717, 1.0774307250976562], [0.06700780987739563, -0.6602727770805359, 0.23634280264377594], [0.2481401413679123, 0.6027153730392456, -0.14692580699920654], [-0.17117007076740265, 0.11333569884300232, 0.07948216050863266], [0.11984780430793762, 0.0851912871003151, 0.011289874091744423]], "jaw_pose": [0.14384153485298157, 0.018229587003588676, -0.1061081513762474], "leye_pose": [-5.5723930927342735e-06, -1.3125920759193832e-06, 6.017606210662052e-06], "reye_pose": [-2.8155641302873846e-06, -1.1842468666145578e-05, -3.473527613095939e-06], "lhand_pose": [[-0.10168255120515823, 0.2179143726825714, -0.08773797005414963], [0.10748651623725891, 0.012869351543486118, 0.3447033166885376], [-0.00891789048910141, 0.03934111446142197, 0.45746320486068726], [-0.04425656422972679, -0.09732051193714142, -0.3460747301578522], [0.13035482168197632, 0.053376734256744385, 0.7565546631813049], [0.03295519948005676, 0.023037128150463104, 0.47037428617477417], [0.5729881525039673, -0.39769119024276733, 0.39394837617874146], [-0.11867523938417435, 0.16280823945999146, 0.31912872195243835], [0.2926592528820038, 0.02609008178114891, 0.19892236590385437], [0.21622565388679504, -0.1793886125087738, -0.12683354318141937], [0.059617675840854645, -0.007339095696806908, 0.6414787769317627], [0.06010919064283371, 0.1426503211259842, 0.40662524104118347], [-0.27259042859077454, 0.07764294743537903, 0.1473502218723297], [0.10955264419317245, 0.10504930466413498, -0.14330755174160004], [-0.14164169132709503, -0.22931596636772156, 0.29823777079582214]], "rhand_pose": [[-0.07709275931119919, -0.185423344373703, 0.08605362474918365], [0.07396655529737473, 0.005355830769985914, -0.25320515036582947], [-0.018012739717960358, -0.0422801710665226, -0.40785184502601624], [-0.056011419743299484, 0.11920875310897827, 0.21894198656082153], [0.08332522213459015, 0.08602561801671982, -0.5468106865882874], [0.03270629048347473, -0.023601865395903587, -0.41849860548973083], [0.6266114115715027, 0.20170904695987701, -0.7485393285751343], [0.20001426339149475, -0.22414106130599976, -0.2788350284099579], [0.1379482001066208, -0.1068216860294342, -0.3006189465522766], [0.2044714242219925, 0.2934477925300598, 0.04180034622550011], [0.11271784454584122, -0.058068450540304184, -0.6091954708099365], [0.060615163296461105, -0.0927475318312645, -0.37663474678993225], [-0.18872806429862976, -0.18227706849575043, -0.12576599419116974], [0.06002195179462433, -0.13127769529819489, -0.013232885859906673], [-0.11420254409313202, 0.17449899017810822, -0.0842120498418808]], "expr": [-0.43755435943603516, -0.08023010939359665, 0.27744805812835693, 0.15509562194347382, -0.582033634185791, -0.8199189901351929, -0.25148746371269226, -0.4081166386604309, 0.4931398928165436, 0.5548076033592224, -0.7324415445327759, 0.6745211482048035, -0.12490043044090271, -0.04074335843324661, 0.46586844325065613, -0.5580511689186096, -0.8714945912361145, -0.22217315435409546, -0.140973761677742, 0.723893404006958, -0.04353965446352959, -0.4358632564544678, 0.4468609392642975, -0.005135171581059694, -0.157694011926651, 0.2631303668022156, 0.08249588310718536, 0.20830023288726807, 0.03947793319821358, -0.03650766983628273, -0.005857591517269611, -0.067472904920578, 0.2585749924182892, -0.15751367807388306, 0.11497579514980316, -0.0883079469203949, 0.24149997532367706, -0.0069714258424937725, 0.049494724720716476, 0.19589482247829437, -0.01573655568063259, 0.0542171336710453, 0.1230170801281929, 0.03870503976941109, -0.06510896980762482, 0.03905308619141579, -0.05462653189897537, 0.03628174960613251, -0.02485581673681736, 0.021556783467531204], "trans": [0.11333578824996948, 0.3417087197303772, 4.0337371826171875]}