{"root_pose": [-2.3309383392333984, 0.04094496741890907, 1.839929223060608], "body_pose": [[-0.35237133502960205, -0.028909677639603615, 0.008652154356241226], [-0.2823891341686249, 0.07034240663051605, 0.057441964745521545], [0.01000861544162035, 0.004542862065136433, 0.03392483666539192], [0.19548507034778595, 0.015211740508675575, 0.28862324357032776], [0.14852462708950043, 0.24496661126613617, 0.03883548080921173], [0.0051065669395029545, 0.0017596204997971654, -0.008235599845647812], [-0.021421421319246292, 0.20308426022529602, -0.1238238513469696], [-0.1728539764881134, 0.274635374546051, -0.26739776134490967], [0.0018633329309523106, 7.005647603364196e-06, -0.011535930447280407], [0.023687882348895073, -0.5756938457489014, 0.007370653096586466], [0.0033721155487000942, -0.42879894375801086, -0.0020319707691669464], [0.001974338199943304, 0.00010246088640997186, -0.14259131252765656], [-0.0038803773932158947, -0.048726391047239304, -0.19251379370689392], [0.06235960125923157, -0.0673653855919838, 0.12351495772600174], [-0.005675148218870163, 0.039557747542858124, -0.016912108287215233], [0.047765910625457764, -0.16164422035217285, -0.9610388278961182], [0.06465986371040344, -0.0553070530295372, 0.9514474868774414], [0.04860961064696312, -0.6553542613983154, 0.22228343784809113], [-0.011765473522245884, 0.7110997438430786, -0.3517615795135498], [-0.26628729701042175, 0.09799028933048248, 0.1478099524974823], [-0.6213328242301941, 0.23936651647090912, 0.0012716390192508698]], "jaw_pose": [0.0825067013502121, 0.02912927232682705, -0.07805405557155609], "leye_pose": [1.141004986493499e-06, 3.3147586009363295e-07, -8.315395234603784e-07], "reye_pose": [-1.621890623937361e-05, 2.0027135860800627e-07, 7.197288596216822e-06], "lhand_pose": [[-0.01592850498855114, 0.29405200481414795, -0.0014075605431571603], [0.05420224741101265, -0.0013361911987885833, 0.1388019621372223], [-0.01631559059023857, -0.003072900464758277, 0.29767435789108276], [-0.10927608609199524, 0.07074826210737228, -0.2531864047050476], [0.11567869037389755, 0.09507092088460922, 0.4441452920436859], [0.05953601002693176, 0.016515037044882774, 0.3026602268218994], [-0.2618626058101654, -0.07284966856241226, -0.12898005545139313], [0.5561295747756958, 0.15939632058143616, 0.14459723234176636], [-0.1355288028717041, 0.16086594760417938, 0.36166638135910034], [0.0027870265766978264, 0.032180871814489365, -0.3564952313899994], [0.09476244449615479, 0.06115270033478737, 0.6983888745307922], [0.049162063747644424, 0.11091693490743637, 0.2812519073486328], [-0.15409930050373077, 0.16856394708156586, 0.2041623592376709], [-0.11322292685508728, 0.21890361607074738, -0.05257002264261246], [-0.10943898558616638, -0.27358725666999817, 0.3862338066101074]], "rhand_pose": [[-0.13683314621448517, -0.07141361385583878, 0.5656013488769531], [0.06419103592634201, -0.020518524572253227, -0.002668997971341014], [0.05313786864280701, -0.008791333064436913, -0.18514055013656616], [-0.09739266335964203, 0.029010949656367302, 0.8206214904785156], [0.06998049467802048, -0.004668914247304201, -0.23407921195030212], [-0.016084356233477592, -0.02693013660609722, -0.1561732143163681], [0.09123533219099045, 0.3057992458343506, 0.33783936500549316], [-0.27110812067985535, 0.006036397069692612, -0.011877073906362057], [0.10805157572031021, 0.047226402908563614, 0.012236373499035835], [0.13794080913066864, 0.15014836192131042, 0.780560314655304], [-0.043380141258239746, 0.05088447779417038, -0.30174022912979126], [0.007508322596549988, -0.14045777916908264, -0.15569645166397095], [-0.3191225826740265, -0.4775015413761139, -0.21989132463932037], [0.011818313039839268, -0.08197798579931259, 0.3156373202800751], [-0.12756691873073578, 0.06282927095890045, -0.40190500020980835]], "expr": [-0.5941289663314819, 0.17888818681240082, 0.1271188110113144, 0.18342529237270355, -0.6169480681419373, -0.7556814551353455, -0.08281897753477097, -0.2930788993835449, 0.35600775480270386, 0.4015350341796875, -0.2904677987098694, 0.4611593782901764, 0.08606772124767303, 0.16935479640960693, 0.6155869364738464, -0.4518810212612152, -0.5856924653053284, -0.21418407559394836, -0.204936683177948, 0.8844286203384399, -0.2714138627052307, -0.24732178449630737, 0.25696033239364624, -0.012274757958948612, -0.1417745053768158, 0.03173442557454109, 0.1926230490207672, -0.030951838940382004, -0.19901983439922333, -0.1009342148900032, 0.2460811287164688, -0.09091348946094513, 0.2983875572681427, -0.35830262303352356, 0.2501048445701599, -0.013118737377226353, 0.689013659954071, 0.23576734960079193, 0.1465178281068802, 0.0601806640625, -0.31803882122039795, 0.3051389157772064, 0.09307143092155457, -0.21184228360652924, 0.062206048518419266, 0.2664041221141815, 0.255714476108551, -0.11400649696588516, 0.1902323216199875, 0.005607015453279018], "trans": [0.12609851360321045, 0.33756116032600403, 4.112231731414795]}