{"root_pose": [-2.585503578186035, 0.07604198902845383, 1.5501219034194946], "body_pose": [[-0.27871543169021606, -0.11035371571779251, -0.05986497178673744], [-0.09475518018007278, 0.12285329401493073, -0.004929082468152046], [0.01706445775926113, 0.011167691089212894, -0.0376756377518177], [0.21595898270606995, 0.16914290189743042, 0.27199414372444153], [0.04058317840099335, 0.13987134397029877, -0.0034232086036354303], [0.01775544509291649, -0.012177584692835808, -0.007778064347803593], [-0.03516025468707085, 0.15745221078395844, -0.1682891994714737], [-0.11642971634864807, 0.017912155017256737, -0.18403266370296478], [0.014762471430003643, -0.004465113393962383, -0.02039567567408085], [0.09031505882740021, -0.0090654157102108, -0.0011226556962355971], [0.00040551318670623004, -0.41098424792289734, 0.01072718109935522], [0.01954662799835205, 0.00747280940413475, -0.05743633210659027], [-0.03933599218726158, 0.055084772408008575, -0.1662300080060959], [0.050587475299835205, -0.1478245109319687, 0.1624670773744583], [0.0012622332433238626, 0.33851200342178345, -0.08023080229759216], [0.07769855856895447, -0.1068846732378006, -0.9503002762794495], [0.34227070212364197, 0.2756984531879425, 0.9726930260658264], [0.12207461148500443, -0.7231853008270264, 0.1938614398241043], [0.17520062625408173, 1.3932703733444214, -0.13591726124286652], [-0.1357843428850174, 0.057915739715099335, 0.03825411945581436], [-0.8045358061790466, -0.2852471172809601, -0.08467931300401688]], "jaw_pose": [0.04782477393746376, 0.017667243257164955, -0.0580998994410038], "leye_pose": [6.662429768766742e-06, 3.839798409899231e-06, 3.5227125749770494e-07], "reye_pose": [1.5179743968474213e-06, 2.221581780759152e-06, 1.933163730427623e-06], "lhand_pose": [[0.015832193195819855, 0.260608047246933, 0.11586109548807144], [0.015910863876342773, 0.11655731499195099, 0.29139095544815063], [0.03569721430540085, 0.0380425825715065, 0.2527390718460083], [-0.014036676846444607, 0.14184682071208954, -0.2226772904396057], [0.11162561178207397, 0.09066743403673172, 0.3660077452659607], [0.05636138841509819, 0.008737626485526562, 0.28486368060112], [-0.19567877054214478, 0.04234137758612633, -0.20962391793727875], [0.6963435411453247, 0.1869458258152008, 0.12459896504878998], [-0.19129547476768494, 0.18633924424648285, 0.39079442620277405], [-0.002241162583231926, 0.1322174072265625, -0.34177491068840027], [0.12447024136781693, 0.10786738246679306, 0.7239607572555542], [0.05740848928689957, 0.09565175324678421, 0.257112979888916], [-0.27035415172576904, 0.24898038804531097, 0.2864086329936981], [-0.15410202741622925, 0.24498730897903442, -0.09442703425884247], [-0.15383027493953705, -0.21752676367759705, 0.45974570512771606]], "rhand_pose": [[-0.13441278040409088, -0.20956513285636902, 0.14377915859222412], [0.09585916996002197, -0.009620298631489277, -0.1618373543024063], [0.0006306535215117037, -0.01477382518351078, -0.32453158497810364], [-0.05170873925089836, 0.06354163587093353, 0.2969490885734558], [0.06328879296779633, 0.021850891411304474, -0.4059802293777466], [0.0012759027304127812, 0.05141938105225563, -0.2560422718524933], [0.2283448427915573, 0.5170953273773193, -0.12046842277050018], [-0.32517895102500916, -0.061606064438819885, -0.14957578480243683], [0.18904440104961395, 0.04733117297291756, -0.025969980284571648], [0.1426173895597458, 0.20266839861869812, 0.179050013422966], [-0.004872909281402826, 0.06262466311454773, -0.39586952328681946], [0.021043909713625908, -0.11981496214866638, -0.23608335852622986], [-0.2693260610103607, -0.39866903424263, -0.22509810328483582], [-0.0028917482122778893, -0.005865848157554865, 0.2052740454673767], [-0.15792304277420044, 0.16044753789901733, -0.3971145451068878]], "expr": [-0.3731469511985779, 0.37776198983192444, 0.00822066143155098, 0.17977944016456604, -0.5359247326850891, -0.7086913585662842, -0.023365113884210587, -0.3689921796321869, 0.28263893723487854, 0.36662957072257996, -0.3263331353664398, 0.1374511569738388, 0.13821224868297577, 0.21560148894786835, 0.6148922443389893, -0.4219602346420288, -0.4247478246688843, -0.15996180474758148, -0.19582785665988922, 0.9000843167304993, -0.41640976071357727, -0.1219291090965271, 0.19809532165527344, -0.053327370434999466, -0.1807323396205902, -0.03023129515349865, 0.24855367839336395, -0.10338621586561203, -0.25238314270973206, -0.05689104273915291, 0.3512265980243683, -0.18960264325141907, 0.2184455245733261, -0.4218088686466217, 0.20770329236984253, 0.029069101437926292, 0.8140199780464172, 0.37648826837539673, 0.20315910875797272, -0.09251238405704498, -0.44435712695121765, 0.4168947637081146, -0.016327721998095512, -0.31451600790023804, 0.031348541378974915, 0.26393193006515503, 0.4157889485359192, -0.1614619791507721, 0.2606567144393921, -0.050382938235998154], "trans": [0.1036672443151474, 0.33572012186050415, 4.1634602546691895]}