{"root_pose": [-2.6608493328094482, -0.01886052079498768, 1.3458822965621948], "body_pose": [[-0.10341808944940567, -0.09382026642560959, -0.02510259486734867], [-0.027268406003713608, -0.006624743342399597, 0.03327454254031181], [0.010497575625777245, 0.0312198456376791, -0.037081409245729446], [0.05267805978655815, 0.12517482042312622, 0.12337079644203186], [0.05843658000230789, 0.15692640841007233, -0.028770990669727325], [0.014947613701224327, -0.019368456676602364, -0.004853901453316212], [-0.093438059091568, 0.1583116352558136, -0.035874564200639725], [-0.19046653807163239, -0.0661497414112091, -0.11641783267259598], [0.018085628747940063, -0.0037522288039326668, -0.010518338531255722], [0.02789742685854435, -0.005568081047385931, 0.020760053768754005], [-0.004239508882164955, -0.3224744200706482, 0.02443031221628189], [0.016833441331982613, 0.07354968041181564, 0.06608033180236816], [0.002314094454050064, 0.07155921310186386, -0.07990041375160217], [0.048665307462215424, -0.13750645518302917, 0.09387895464897156], [0.002198626287281513, 0.2734607756137848, -0.2034236341714859], [0.11012302339076996, -0.09223350882530212, -0.9139644503593445], [0.29375696182250977, 0.2440299689769745, 0.922589898109436], [0.1866125464439392, -0.7274553179740906, 0.2944391369819641], [0.1828213483095169, 1.3447834253311157, -0.1841406226158142], [-0.15107348561286926, 0.06789297610521317, -0.13008178770542145], [-0.7008917331695557, -0.4981752038002014, -0.273274689912796]], "jaw_pose": [0.03171621263027191, 0.018582778051495552, -0.06023367494344711], "leye_pose": [5.598624738922808e-06, -2.289460496740503e-07, 5.882205186935607e-06], "reye_pose": [-1.4123676010058261e-05, -3.979887878813315e-06, -4.25518646807177e-06], "lhand_pose": [[-0.005602471996098757, 0.1796877533197403, 0.0786958634853363], [-0.046336863189935684, 0.027297116816043854, 0.49576908349990845], [0.05810210108757019, 0.09128519892692566, 0.27157339453697205], [-0.005967677570879459, 0.012555808760225773, -0.10721884667873383], [0.0933704525232315, 0.08197534829378128, 0.4247227609157562], [0.046523112803697586, 0.018443893641233444, 0.3357292413711548], [-0.14611108601093292, -0.018090441823005676, -0.08345349133014679], [0.48689767718315125, 0.136200949549675, 0.1703227162361145], [-0.07387921959161758, 0.14127913117408752, 0.3434392809867859], [0.04074692353606224, 0.022707505151629448, -0.1449175924062729], [0.14850863814353943, 0.08595728874206543, 0.6838966608047485], [0.07384053617715836, 0.07167016714811325, 0.29413706064224243], [-0.2590234577655792, 0.13533367216587067, 0.3485165536403656], [-0.05300105735659599, 0.33055657148361206, -0.10077997297048569], [-0.17513348162174225, -0.2347569763660431, 0.38598915934562683]], "rhand_pose": [[-0.1589905470609665, 0.03254593908786774, 0.2504618167877197], [0.08003915846347809, 0.05448165535926819, -0.13649357855319977], [0.01547205913811922, -0.0037655378691852093, -0.2545594871044159], [-0.07518426328897476, 0.1253572553396225, 0.3135475218296051], [0.031864240765571594, 0.12305227667093277, -0.3705734312534332], [-0.019392944872379303, -0.03126800060272217, -0.1875564306974411], [0.4056909382343292, 0.5677569508552551, -0.21669374406337738], [-0.3956463634967804, -0.021973975002765656, -0.11461833864450455], [0.17674490809440613, 0.0782785415649414, 0.028882095590233803], [0.11900642514228821, 0.24762435257434845, 0.13456417620182037], [-0.02754519321024418, 0.07396289706230164, -0.3162209689617157], [0.012727227061986923, -0.11460565775632858, -0.17731927335262299], [-0.2925959527492523, -0.3061937093734741, -0.19302451610565186], [0.12787365913391113, 0.032559849321842194, 0.26336851716041565], [-0.2153303623199463, 0.23015622794628143, -0.447494238615036]], "expr": [-0.17863105237483978, 0.5722861886024475, 0.25022417306900024, 0.4526183605194092, -0.9358431696891785, -1.0289194583892822, 0.031952109187841415, -0.8368310332298279, 0.6081785559654236, 0.6998834609985352, -0.6519797444343567, 0.38415539264678955, -0.07199274003505707, 0.04579205438494682, 0.673369824886322, -0.7977780699729919, -0.7891224026679993, -0.2999793589115143, -0.13592803478240967, 1.0976841449737549, -0.2484780251979828, -0.4904147982597351, 0.4382159113883972, -0.16655182838439941, -0.27609479427337646, 0.1411626785993576, 0.26078000664711, 0.025823324918746948, -0.1667119562625885, -0.07608017325401306, 0.1411738395690918, -0.15042194724082947, 0.2875581383705139, -0.24113225936889648, 0.09729696810245514, 0.07518471777439117, 0.4961341321468353, 0.242089182138443, 0.08964670449495316, -0.1314556747674942, -0.28314313292503357, 0.2598743438720703, -0.004102758597582579, -0.16837148368358612, -0.13812634348869324, 0.12624651193618774, 0.20711050927639008, -0.04747052863240242, 0.1270572394132614, -0.07379891723394394], "trans": [0.09301149845123291, 0.35739970207214355, 4.10252571105957]}