{"root_pose": [-2.74629807472229, -0.03811202198266983, 1.1166105270385742], "body_pose": [[-0.12559163570404053, -0.06173058599233627, -0.019136710092425346], [-0.04971833527088165, -0.023798761889338493, 0.03330600634217262], [0.026348022744059563, 0.01984993740916252, -0.017643824219703674], [0.09999474138021469, 0.006342156324535608, 0.032937221229076385], [0.1438429355621338, 0.11389002948999405, -0.04299197345972061], [0.02163492701947689, -0.03517208248376846, 0.003542762715369463], [-0.20496587455272675, 0.19537830352783203, -0.011613725684583187], [-0.2484203428030014, -0.06984961777925491, -0.21673601865768433], [0.022877534851431847, -0.012436137534677982, -0.023302458226680756], [0.12970823049545288, -1.2895907275378704e-06, 0.07536319643259048], [-0.01633264124393463, -0.4202045202255249, 0.08924498409032822], [0.015788452699780464, 0.15717877447605133, -0.015854476019740105], [0.005008962471038103, 0.015605694614350796, -0.07269404083490372], [0.04890132322907448, -0.10704459995031357, 0.0656718835234642], [0.0008554591913707554, 0.10316593945026398, -0.10658732801675797], [0.10838798433542252, -0.10072161257266998, -0.8636043667793274], [0.2523115277290344, 0.19776645302772522, 0.8464140892028809], [0.15074093639850616, -0.6636937260627747, 0.26898297667503357], [0.1953737586736679, 1.1661512851715088, -0.24641749262809753], [-0.33794105052948, 0.061314672231674194, -0.02997983805835247], [-0.7804668545722961, -0.47565025091171265, -0.2828572392463684]], "jaw_pose": [0.04869411885738373, 0.017452837899327278, 0.07553980499505997], "leye_pose": [-5.403079512689146e-07, -3.4263757697772235e-07, -1.6399457308580168e-05], "reye_pose": [-2.703263135117595e-06, 1.4260863281378988e-06, 2.4716632651688997e-06], "lhand_pose": [[0.010352390818297863, 0.20766271650791168, 0.08875614404678345], [-0.01174552645534277, 0.027728868648409843, 0.4939877688884735], [0.04982759431004524, 0.09559737890958786, 0.31291624903678894], [0.023689426481723785, 0.04886014014482498, -0.032253529876470566], [0.09424138814210892, 0.06872843205928802, 0.4767568111419678], [0.04928244277834892, 0.028252972289919853, 0.35684922337532043], [-0.1637686938047409, 0.0232790969312191, 0.005175573751330376], [0.540332555770874, 0.16544705629348755, 0.20606629550457], [-0.06557068973779678, 0.1577134132385254, 0.41631439328193665], [0.030757136642932892, 0.03480841591954231, -0.09999439865350723], [0.17289099097251892, 0.10965985804796219, 0.7277106046676636], [0.07626038789749146, 0.07344738394021988, 0.32934296131134033], [-0.2271556556224823, 0.07145588099956512, 0.1379590928554535], [-0.049148742109537125, 0.1458476483821869, -0.07702130824327469], [-0.17168733477592468, -0.28986674547195435, 0.3661194145679474]], "rhand_pose": [[-0.1565200239419937, 0.1564466506242752, 0.32858577370643616], [0.07564124464988708, 0.014623983763158321, -0.19225919246673584], [0.00029379615443758667, -0.0016138509381562471, -0.3495672047138214], [-0.10644064098596573, 0.15562789142131805, 0.49689921736717224], [0.04120010510087013, 0.14578929543495178, -0.5264975428581238], [-0.004196268506348133, 0.011549549177289009, -0.23156192898750305], [0.15048421919345856, 0.46736833453178406, -0.14062829315662384], [-0.2921484410762787, -0.006921712774783373, -0.12898191809654236], [0.17259986698627472, 0.049706872552633286, -0.014250845648348331], [0.08085660636425018, 0.2615219056606293, 0.2539758086204529], [-0.024929901584982872, 0.10154923796653748, -0.40036365389823914], [0.018129874020814896, -0.12245333194732666, -0.21119911968708038], [-0.1490837186574936, -0.059172824025154114, -0.212056964635849], [0.25637757778167725, 0.0938507691025734, 0.3009304404258728], [-0.1804443597793579, 0.2680269181728363, -0.43643876910209656]], "expr": [-0.22519788146018982, 0.585338294506073, -0.02798793651163578, 0.14363399147987366, -0.17017193138599396, -0.22830964624881744, -0.16891682147979736, -0.1311468780040741, 0.19112876057624817, -0.013892232440412045, -0.21862679719924927, -0.09419004619121552, -0.09452567249536514, 0.14214685559272766, 0.410911500453949, -0.23713283240795135, -0.01704275608062744, -0.23184311389923096, 0.06234879046678543, 0.5852808356285095, -0.38031288981437683, -0.19505268335342407, 0.22324256598949432, -0.07495040446519852, -0.16941764950752258, -0.06956681609153748, 0.34274911880493164, -0.15023201704025269, -0.06572682410478592, 0.0346207469701767, 0.3484228253364563, -0.22794371843338013, 0.010572400875389576, -0.2003801017999649, 0.08140545338392258, 0.07382883876562119, 0.6492401957511902, 0.30308330059051514, 0.14578819274902344, -0.2248317450284958, -0.4081321656703949, 0.34497880935668945, 0.005591328721493483, -0.2999955117702484, -4.4317348510958254e-05, 0.10489472001791, 0.31947237253189087, -0.17467623949050903, 0.1595393270254135, -0.01795627549290657], "trans": [0.11541794240474701, 0.3640178143978119, 4.022848606109619]}