{"root_pose": [-2.7659032344818115, -0.06826438754796982, 0.9056563973426819], "body_pose": [[-0.12341152876615524, -0.1240658238530159, 0.006061444524675608], [-0.18670529127120972, -0.010916468687355518, -0.023732569068670273], [0.022930648177862167, 0.02047118730843067, -0.013357668183743954], [0.035937510430812836, -0.028466928750276566, 0.03904850408434868], [0.32617178559303284, 0.007149910554289818, 0.11399772018194199], [0.016479237005114555, -0.02841542661190033, 0.015697188675403595], [-0.20560133457183838, 0.19109788537025452, -0.046241965144872665], [-0.2782915532588959, -0.07895460724830627, -0.060524191707372665], [0.016124065965414047, -0.003621515119448304, -0.01673513650894165], [0.2341359406709671, -0.0038125854916870594, 0.0006912131211720407], [0.008836974389851093, -0.34601256251335144, 0.0005744650843553245], [0.004902171902358532, 0.13118252158164978, -0.010354150086641312], [0.03568166494369507, 0.009862761944532394, -0.07872019708156586], [0.04267486184835434, -0.10955047607421875, 0.1085147112607956], [-0.0010034926235675812, 0.07999450713396072, -0.08154011517763138], [0.09536662697792053, -0.0601799376308918, -0.8570231199264526], [0.1948515921831131, 0.19474105536937714, 0.8026143908500671], [0.1293594241142273, -0.6999098062515259, 0.26050567626953125], [0.17649096250534058, 1.077868938446045, -0.2633402943611145], [-0.3392845392227173, 0.07036390900611877, -0.07173053175210953], [-0.7657288312911987, -0.3657923638820648, -0.20614369213581085]], "jaw_pose": [0.034253399819135666, 0.015324635431170464, 0.07268337905406952], "leye_pose": [-1.1393435670470353e-06, 5.071032319392543e-06, -4.644305590773001e-06], "reye_pose": [-6.736804607498925e-06, -4.574904323817464e-06, -1.4724926131748362e-06], "lhand_pose": [[0.00336355809122324, 0.14645572006702423, 0.08031579852104187], [0.008816631510853767, 0.015176338143646717, 0.5223597884178162], [0.011339409276843071, 0.06659427285194397, 0.39175519347190857], [0.038750823587179184, 0.051605697721242905, -0.08162478357553482], [0.0959639772772789, 0.07646737992763519, 0.5556718707084656], [0.053149815648794174, 0.0321178138256073, 0.3901170492172241], [-0.16509196162223816, -0.011739764362573624, 0.0724664255976677], [0.49823418259620667, 0.17447395622730255, 0.20617520809173584], [-0.03603684529662132, 0.1653972715139389, 0.41078534722328186], [0.05537163093686104, -0.007387897931039333, -0.1050499752163887], [0.1812986433506012, 0.11943542957305908, 0.7217968702316284], [0.08544966578483582, 0.07854942232370377, 0.34184861183166504], [-0.1403464823961258, 0.054663289338350296, 0.133205845952034], [-0.02477250061929226, 0.0763431116938591, -0.0459868423640728], [-0.1566908210515976, -0.21151521801948547, 0.3511750102043152]], "rhand_pose": [[-0.15127570927143097, 0.11465033143758774, 0.2426184117794037], [0.09146969020366669, -0.012851256877183914, -0.19015750288963318], [-0.01737465336918831, 0.010457017458975315, -0.36793622374534607], [-0.07868930697441101, 0.18764981627464294, 0.45519208908081055], [0.0604902021586895, 0.066615991294384, -0.5461217761039734], [-0.00582966860383749, 0.04250545799732208, -0.2645412087440491], [0.38054683804512024, 0.4753081500530243, -0.16677148640155792], [-0.294068843126297, -0.04285286366939545, -0.15386876463890076], [0.19022543728351593, 0.03897524252533913, -0.00941593199968338], [0.1032930314540863, 0.24422989785671234, 0.22409652173519135], [-0.009331649169325829, 0.07206220924854279, -0.4369370639324188], [0.02655518613755703, -0.09118213504552841, -0.23693539202213287], [-0.10192146897315979, -0.17229250073432922, -0.21379274129867554], [0.21136783063411713, 0.05120942369103432, 0.2453814446926117], [-0.025691049173474312, 0.28354528546333313, -0.3901109993457794]], "expr": [-0.2757302522659302, 0.3588985800743103, -0.02320490963757038, 0.07381594181060791, -0.07592087239027023, -0.21584081649780273, -0.11331945657730103, 0.045408569276332855, 0.05802026018500328, -0.009301956743001938, 0.12844927608966827, -0.1205323338508606, -0.04053407907485962, 0.09032320231199265, 0.3417626619338989, -0.16194112598896027, 0.1870463490486145, -0.22907815873622894, 0.12656138837337494, 0.4291722774505615, -0.37164419889450073, -0.10500241070985794, 0.08936277031898499, -0.15348763763904572, -0.12377922981977463, -0.15087035298347473, 0.3739961087703705, -0.09878836572170258, -0.02558530494570732, -0.009471925906836987, 0.31740763783454895, -0.3096126914024353, -0.0511929914355278, -0.06314156204462051, -0.052163127809762955, 0.0836336612701416, 0.47158658504486084, 0.18913039565086365, 0.1570742428302765, -0.23615100979804993, -0.43083423376083374, 0.26240119338035583, -0.05585804581642151, -0.28065919876098633, -0.06940115243196487, -0.0057972511276602745, 0.21530716121196747, -0.13997606933116913, 0.06638911366462708, -0.06498148292303085], "trans": [0.12187890708446503, 0.3655729591846466, 4.0171284675598145]}