{"root_pose": [-2.8552515506744385, -0.055449001491069794, 0.5313680171966553], "body_pose": [[-0.14539331197738647, -0.21469035744667053, 0.03168681263923645], [-0.21215783059597015, -0.017017805948853493, -0.004471006337553263], [0.0163163710385561, -0.02612975426018238, -0.0015669333515688777], [0.10552563518285751, -0.06121671944856644, -0.016123365610837936], [0.3456655442714691, 0.06562520563602448, 0.0026350694242864847], [0.013351211324334145, -0.03437638655304909, 0.013824711553752422], [-0.20901881158351898, 0.09908069670200348, -0.007900221273303032], [-0.3195812404155731, -0.12354884296655655, 0.00735528813675046], [0.012737908400595188, -0.019503582268953323, 0.002486863639205694], [0.11289795488119125, -0.0006333849742077291, 0.041578494012355804], [0.00010556328925304115, -0.4858103394508362, 0.0026451696176081896], [0.007776097394526005, 0.08961007744073868, -0.015623508021235466], [0.08028130233287811, -0.03182222321629524, -0.07369771599769592], [0.03849657252430916, -0.09930170327425003, 0.12259624898433685], [0.00456629553809762, 0.04269815608859062, -0.06052308529615402], [0.10779005289077759, -0.10700105130672455, -0.8039261698722839], [0.14746001362800598, 0.1494087129831314, 0.8144208192825317], [0.17026063799858093, -0.7399250268936157, 0.2928754389286041], [0.14953327178955078, 1.0038443803787231, -0.3033156096935272], [-0.4981635808944702, 0.22497275471687317, -0.14172282814979553], [-0.682056725025177, -0.38949066400527954, -0.2281685322523117]], "jaw_pose": [0.034354183822870255, 0.012893030419945717, 0.0340472012758255], "leye_pose": [-1.1785852620960213e-05, -3.0606265681853984e-06, 2.024441414505418e-07], "reye_pose": [-3.960821686632698e-06, -2.1490284325409448e-06, 5.178761512070196e-06], "lhand_pose": [[-0.04178784042596817, 0.17271457612514496, 0.03985672816634178], [0.012692570686340332, 0.03211458399891853, 0.5949037075042725], [0.04744519293308258, 0.11803803592920303, 0.44128260016441345], [0.05783217400312424, -0.08081155270338058, 0.010810978710651398], [0.09955218434333801, 0.08544281870126724, 0.6288354396820068], [0.03925575315952301, 0.0387059710919857, 0.40529942512512207], [0.1133967787027359, -0.09929625689983368, 0.1451994627714157], [0.24602428078651428, 0.13959428668022156, 0.2291407734155655], [0.08441001921892166, 0.13297699391841888, 0.3083309829235077], [0.13282226026058197, -0.0668841302394867, 0.04538368806242943], [0.15995410084724426, 0.06606842577457428, 0.6883131265640259], [0.09278716892004013, 0.08237416297197342, 0.36878326535224915], [-0.2869132459163666, -0.1271926611661911, 0.2083020657300949], [0.05498327314853668, 0.2493550181388855, -0.06276405602693558], [-0.2424282282590866, -0.24239839613437653, 0.2877351641654968]], "rhand_pose": [[-0.17503902316093445, 0.11567580699920654, 0.2807650864124298], [0.14457933604717255, -0.05312509462237358, -0.2023618072271347], [-0.01723640412092209, -0.004038089420646429, -0.407794713973999], [-0.0699215680360794, 0.26917773485183716, 0.4352746903896332], [0.07878289371728897, -0.012877336703240871, -0.5642557740211487], [-0.00913260504603386, -0.03588066250085831, -0.2362874150276184], [0.45521000027656555, 0.28003379702568054, -0.2511606812477112], [-0.3434409499168396, -0.049984682351350784, -0.18764381110668182], [0.22022460401058197, 0.06522741913795471, -0.020182743668556213], [0.191796213388443, 0.21521973609924316, 0.1873491406440735], [-0.023795802146196365, 0.09752458333969116, -0.4486736059188843], [0.02414567582309246, -0.11194298416376114, -0.20266681909561157], [-0.11135875433683395, -0.07713141292333603, -0.15905319154262543], [0.24751727283000946, 0.025403890758752823, 0.29080745577812195], [-0.2004195600748062, 0.2741393446922302, -0.45041459798812866]], "expr": [-0.23349961638450623, 0.2790710926055908, 0.02920791320502758, 0.06819511950016022, -0.0875716507434845, -0.2523916959762573, 0.04708855226635933, 0.21800874173641205, 0.00041476762271486223, -0.1407768875360489, 0.35109102725982666, -0.048595085740089417, -0.08604047447443008, -0.018421147018671036, 0.23837591707706451, -0.1765756607055664, 0.20148952305316925, -0.21740293502807617, 0.24225139617919922, 0.2303382009267807, -0.1695835441350937, -0.17537151277065277, -0.009568086825311184, -0.19776710867881775, -0.06207849830389023, -0.1330944299697876, 0.3016308844089508, -0.07899661362171173, -0.030337056145071983, -0.016238141804933548, 0.10076264292001724, -0.1724845916032791, -0.04205141216516495, 0.07902751117944717, -0.12366272509098053, 0.06909997016191483, 0.11476477235555649, 0.028209282085299492, 0.07419236749410629, -0.18991416692733765, -0.33301377296447754, 0.08156139403581619, -0.08893346786499023, -0.16458342969417572, -0.12964025139808655, -0.13563266396522522, -0.021063007414340973, 0.011950054205954075, -0.017619624733924866, -0.065123051404953], "trans": [0.11086677759885788, 0.3726643919944763, 3.9798922538757324]}