{"root_pose": [-2.869133234024048, -0.07605970650911331, 0.01919287070631981], "body_pose": [[-0.159458726644516, -0.06828340142965317, 0.03695302456617355], [-0.25153523683547974, 0.040043141692876816, -0.002984542865306139], [0.012001222930848598, 0.01476967241615057, 0.0038438099436461926], [0.16958260536193848, -0.06261390447616577, -0.04996946081519127], [0.3552263081073761, 0.018507342785596848, 0.1259329617023468], [0.011239197105169296, -0.010187673382461071, 0.0062393490225076675], [-0.3288690447807312, 0.1641361266374588, 0.009615620598196983], [-0.34144631028175354, -0.2439880222082138, -0.02753734402358532], [0.009950394742190838, -0.015532143414020538, 0.00685162004083395], [0.11258075386285782, 0.370292067527771, 0.07060554623603821], [0.0051349070854485035, -0.43878135085105896, -0.07074856758117676], [0.009935589507222176, -0.004134007729589939, 0.0005757355829700828], [0.0003904441255144775, -0.07564165443181992, -0.11811191588640213], [0.01828819327056408, -0.0100212711840868, 0.12806665897369385], [0.0012198729673400521, 0.032585352659225464, -0.038651492446660995], [0.10969676822423935, -0.12728115916252136, -0.5878525972366333], [0.07291276007890701, 0.11574453860521317, 0.6888468265533447], [0.10737252235412598, -0.5122053623199463, 0.15275608003139496], [0.07097908109426498, 0.6414322257041931, -0.26938706636428833], [-0.6484335064888, 0.09973737597465515, -0.0014536568196490407], [-0.4762936532497406, -0.07389937341213226, -0.17979227006435394]], "jaw_pose": [0.017580391839146614, 0.0008201519376598299, 0.011280574835836887], "leye_pose": [-1.0345720511395484e-05, 3.7825475374120288e-06, 8.797409464023076e-06], "reye_pose": [1.4787121472181752e-05, 7.353884939220734e-06, 4.096882548765279e-06], "lhand_pose": [[-0.0768694281578064, 0.05869998037815094, 0.06285595148801804], [0.11199650913476944, -0.004860605578869581, 0.4250754117965698], [-0.04756133258342743, 0.045724622905254364, 0.5001882314682007], [-0.005315920803695917, -0.22179073095321655, -0.021880147978663445], [0.0979691594839096, 0.05778830870985985, 0.6372776031494141], [0.03601699694991112, 0.03686784207820892, 0.3883046805858612], [0.33589065074920654, -0.195273756980896, 0.44490981101989746], [0.022205078974366188, 0.14884299039840698, 0.2308235466480255], [0.17756161093711853, 0.06250345706939697, 0.21100962162017822], [0.13297709822654724, -0.15445974469184875, 0.1437002271413803], [0.09229741990566254, 0.016382362693548203, 0.6081913709640503], [0.06563282757997513, 0.10616203397512436, 0.3320702612400055], [-0.23387904465198517, 0.130560502409935, 0.1393224596977234], [0.015145107172429562, 0.045553889125585556, -0.050477683544158936], [-0.22105394303798676, -0.3507267236709595, 0.2827581763267517]], "rhand_pose": [[-0.13008899986743927, -0.06298308819532394, 0.04343767836689949], [0.18317610025405884, -0.013705437071621418, -0.21550709009170532], [-0.07553795725107193, 0.007762029301375151, -0.44407349824905396], [-0.034300900995731354, 0.20196789503097534, 0.17146658897399902], [0.059042710810899734, 0.011556639336049557, -0.5096511840820312], [0.011675527319312096, -0.024570230394601822, -0.26848921179771423], [0.3634892404079437, 0.1997227966785431, -0.2625691294670105], [-0.1495494842529297, -0.09991221129894257, -0.21201005578041077], [0.15784980356693268, -0.01462880801409483, -0.08290109038352966], [0.16062653064727783, 0.10814950615167618, 0.012375561520457268], [0.0018904476892203093, 0.045341040939092636, -0.4623725414276123], [0.02296377718448639, -0.11897365748882294, -0.222050741314888], [-0.19252991676330566, 0.06220566853880882, 0.01928986981511116], [0.19576643407344818, 0.0800696313381195, 0.17585548758506775], [-0.17818768322467804, 0.28233602643013, -0.36749643087387085]], "expr": [-0.16680246591567993, 0.23053812980651855, 0.10439368337392807, 0.4374997615814209, -0.6306793093681335, -0.5473678112030029, 0.5389986038208008, -0.4128095209598541, 0.29534539580345154, 0.35112544894218445, -0.19465447962284088, 0.12947392463684082, -0.05926866829395294, 0.20364098250865936, 0.37010303139686584, -0.4785405397415161, -0.3821249306201935, -0.3194776475429535, 0.028682958334684372, 0.707869291305542, -0.0319858118891716, -0.446310430765152, 0.3836738169193268, -0.02113674208521843, -0.12828032672405243, 0.08426786214113235, -0.018880188465118408, -0.01456545665860176, -0.17085033655166626, -0.050987161695957184, 0.04011248052120209, -0.19087401032447815, 0.09543871134519577, -0.19810150563716888, 0.09894155710935593, 0.10728486627340317, 0.05913567915558815, 0.00477848295122385, 0.048456765711307526, -0.1727706640958786, -0.3859681487083435, 0.031876981258392334, 0.08348771929740906, -0.16121028363704681, -0.1499025821685791, 0.039385952055454254, -0.03378116339445114, 0.13799799978733063, 0.09495870023965836, -0.058221686631441116], "trans": [0.088896743953228, 0.3783869445323944, 3.958921194076538]}