{"root_pose": [-2.8770081996917725, -0.02339242212474346, 0.4526139199733734], "body_pose": [[-0.149223193526268, -0.22895380854606628, 0.019039137288928032], [-0.2263917177915573, 0.0019503298681229353, 0.03265975043177605], [0.016040725633502007, 0.010192597284913063, 0.0095081040635705], [0.13594576716423035, -0.06590890139341354, 0.008604798465967178], [0.3795684278011322, 0.08603834360837936, -0.023901410400867462], [0.011653358116745949, -0.022353623062372208, 0.006462511606514454], [-0.246120423078537, 0.08873044699430466, -0.0032855195458978415], [-0.31564053893089294, -0.24409733712673187, 0.022398196160793304], [0.009867963381111622, -0.006323586218059063, -0.0031821278389543295], [0.15523052215576172, 0.0019483616342768073, 0.01367828156799078], [0.0021904241293668747, -0.3991450369358063, 0.002386992797255516], [0.0019280837150290608, 0.08984092622995377, -0.04269915074110031], [0.1264544576406479, -0.006341166794300079, -0.07695866376161575], [0.025220056995749474, -0.039678145200014114, 0.1258128583431244], [-0.003989729564636946, 0.02395850233733654, -0.05600171536207199], [0.12872382998466492, -0.08575020730495453, -0.7834222316741943], [0.09030691534280777, 0.1498369723558426, 0.7725228071212769], [0.11421205848455429, -0.7680943012237549, 0.28324541449546814], [0.11426544189453125, 0.9158954620361328, -0.3058442175388336], [-0.43910109996795654, 0.23974744975566864, -0.12744472920894623], [-0.6299378871917725, -0.40508878231048584, -0.2077842503786087]], "jaw_pose": [0.031405866146087646, 0.006493052933365107, 0.04387164115905762], "leye_pose": [-4.9484606279293075e-06, 4.021612767246552e-06, -9.43079271564784e-07], "reye_pose": [-2.161667543987278e-05, 8.57531517794996e-07, -3.530344201863045e-06], "lhand_pose": [[-0.060623135417699814, 0.18417318165302277, 0.042646899819374084], [0.013877831399440765, 0.03132428973913193, 0.5956382155418396], [0.04653206467628479, 0.09815122932195663, 0.4350477159023285], [0.0632585883140564, -0.0710756853222847, 0.028561830520629883], [0.08643706887960434, 0.06269269436597824, 0.5672439932823181], [0.032513413578271866, 0.03917267173528671, 0.340995192527771], [0.12814274430274963, -0.07731465250253677, 0.18494531512260437], [0.22495940327644348, 0.13284994661808014, 0.21866193413734436], [0.07968111336231232, 0.12551990151405334, 0.2876696288585663], [0.1177028939127922, -0.08799594640731812, 0.06765197962522507], [0.1407252550125122, 0.05019450560212135, 0.6366064548492432], [0.08249484747648239, 0.07818764448165894, 0.33576151728630066], [-0.3256089985370636, -0.16346266865730286, 0.22093765437602997], [0.027885802090168, 0.22743049263954163, -0.15113100409507751], [-0.26084643602371216, -0.2058766782283783, 0.3836033344268799]], "rhand_pose": [[-0.13705673813819885, 0.1371716856956482, 0.23409876227378845], [0.12408685684204102, -0.051077187061309814, -0.1928827464580536], [-0.016901416704058647, -0.0004285402537789196, -0.3707466721534729], [-0.07819470018148422, 0.28729572892189026, 0.353954941034317], [0.05915907770395279, 0.03048250824213028, -0.5810698866844177], [-0.005521515384316444, 0.01856149174273014, -0.19931550323963165], [0.4099288880825043, 0.24193379282951355, -0.3081868588924408], [-0.3100548982620239, -0.05486954003572464, -0.16766098141670227], [0.17780344188213348, 0.048874326050281525, 0.004133211448788643], [0.13409705460071564, 0.19817128777503967, 0.10580509901046753], [-0.028203465044498444, 0.08594755083322525, -0.40952274203300476], [0.009688030928373337, -0.12611150741577148, -0.18048638105392456], [-0.30396559834480286, -0.006655566394329071, -0.1004686951637268], [0.335096538066864, 0.1262637972831726, 0.31977880001068115], [-0.12933889031410217, 0.18116095662117004, -0.40694335103034973]], "expr": [-0.4179682731628418, 0.17022950947284698, 0.046901337802410126, -0.03336205706000328, -0.07858144491910934, -0.21396088600158691, -0.00442110700532794, 0.14784380793571472, 0.051014818251132965, -0.07009200006723404, 0.12078796327114105, -0.11075794696807861, -0.2010984569787979, 0.08974386751651764, 0.2748628258705139, -0.170756995677948, 0.1542360931634903, -0.2628897726535797, 0.24126645922660828, 0.254511296749115, -0.09402210265398026, -0.20343662798404694, 0.03743407502770424, -0.07849281281232834, -0.01432767417281866, -0.10332342237234116, 0.21154767274856567, -0.1258358210325241, -0.04147889092564583, -0.030751628801226616, 0.07891064882278442, -0.20952272415161133, 0.004850997123867273, 0.011222242377698421, -0.06092336028814316, 0.07821366935968399, 0.028865709900856018, 0.035469211637973785, 0.05326787382364273, -0.16720326244831085, -0.2933293282985687, -0.00961304735392332, -0.06249866634607315, -0.1609230786561966, -0.1542138010263443, -0.0998520776629448, -0.09963877499103546, 0.06613997370004654, -0.040979865938425064, -0.06639581173658371], "trans": [0.08905349671840668, 0.3758777379989624, 3.982840061187744]}