{"root_pose": [-2.872128963470459, 0.009280653670430183, 0.3075852692127228], "body_pose": [[-0.17435695230960846, -0.19736440479755402, 0.042519114911556244], [-0.3047774136066437, -0.01170164905488491, 0.044809892773628235], [0.012661578133702278, -0.0010626630391925573, 0.024129144847393036], [0.12811437249183655, -0.08303309977054596, -0.003781915409490466], [0.41686776280403137, 0.024988727644085884, -0.0024897658731788397], [0.006412670016288757, -0.012860083021223545, 0.0002000528620555997], [-0.254804402589798, 0.16550764441490173, -0.0024211453273892403], [-0.3263545632362366, -0.26503512263298035, -0.004052345175296068], [0.004851987585425377, 0.003738368395715952, -0.008863652125000954], [0.14294935762882233, 0.011885471642017365, 0.005331680178642273], [0.00146242487244308, -0.3478456735610962, 0.004254414699971676], [-0.004186873324215412, 0.07436147332191467, -0.07668677717447281], [0.1510273963212967, -0.02383926510810852, -0.09700260311365128], [0.02026272378861904, 0.02747165597975254, 0.11795935034751892], [-0.016582315787672997, 0.02803950570523739, -0.0237226914614439], [0.1533162146806717, -0.10006321966648102, -0.7329670190811157], [0.08611808717250824, 0.13263148069381714, 0.7346226572990417], [0.0997147485613823, -0.6957963705062866, 0.26598718762397766], [0.12858803570270538, 0.8085510730743408, -0.3366379141807556], [-0.4694082736968994, 0.19304361939430237, -0.04196464642882347], [-0.6478225588798523, -0.3200610876083374, -0.19391502439975739]], "jaw_pose": [0.03165636211633682, 0.008954565972089767, 0.006403783336281776], "leye_pose": [3.740482497960329e-06, 1.1412528237997321e-06, -5.808685727970442e-06], "reye_pose": [3.688572405735613e-06, 1.0701706742111128e-05, 5.984921926938114e-07], "lhand_pose": [[-0.06951189041137695, 0.1728670746088028, -0.02410469576716423], [0.04991104453802109, 0.03679186850786209, 0.5501788854598999], [0.033634793013334274, 0.07759896665811539, 0.4580642580986023], [0.0502995103597641, -0.07958273589611053, -0.027387842535972595], [0.08966924995183945, 0.05361165851354599, 0.6064074635505676], [0.030822819098830223, 0.03664848580956459, 0.27795839309692383], [0.1607188582420349, -0.10930579900741577, 0.1569208800792694], [0.1837111860513687, 0.12898795306682587, 0.22461296617984772], [0.1014852300286293, 0.11073410511016846, 0.2664765417575836], [0.11085857450962067, -0.10546227544546127, 0.05215628072619438], [0.11529131978750229, 0.0357716828584671, 0.6038509607315063], [0.07174373418092728, 0.07607114315032959, 0.2934199869632721], [-0.31704825162887573, -0.12381155788898468, 0.2128259688615799], [0.031178640201687813, 0.16693641245365143, -0.1825180947780609], [-0.22730614244937897, -0.2241448163986206, 0.4173413813114166]], "rhand_pose": [[-0.13302981853485107, -0.0027416422963142395, 0.19880865514278412], [0.13628877699375153, -0.033880576491355896, -0.2465985268354416], [-0.04046067222952843, 0.008169802837073803, -0.3843825161457062], [-0.06543228030204773, 0.17219670116901398, 0.3324604630470276], [0.08341267704963684, -0.012560026720166206, -0.5982435941696167], [-0.0018707127310335636, -0.034301694482564926, -0.2676372528076172], [0.43807804584503174, 0.22972217202186584, -0.23098190128803253], [-0.3144080936908722, -0.03480114787817001, -0.1808343231678009], [0.19358457624912262, 0.034601543098688126, -0.02469645068049431], [0.16980159282684326, 0.12605968117713928, 0.10841423273086548], [-0.01062731258571148, 0.03383593261241913, -0.4851158559322357], [0.012100360356271267, -0.12626051902770996, -0.20888832211494446], [-0.19582010805606842, -0.061274074018001556, 0.07575342804193497], [0.1668483465909958, 0.12353407591581345, 0.2467157542705536], [-0.11696276068687439, 0.20453065633773804, -0.33398157358169556]], "expr": [-0.4135167598724365, 0.12326086312532425, -0.0082775903865695, -0.05739089101552963, -0.08480090647935867, -0.2413071244955063, 0.1656825989484787, 0.11913363635540009, 0.046189043670892715, -0.07563243061304092, 0.08859065920114517, -0.19790852069854736, -0.1232098639011383, 0.10085906833410263, 0.24543794989585876, -0.14018049836158752, 0.1794000267982483, -0.21162283420562744, 0.24191692471504211, 0.2562331557273865, -0.12357242405414581, -0.16172687709331512, 0.025571463629603386, -0.09266428649425507, -0.017812231555581093, -0.09189748764038086, 0.1237773671746254, -0.169395312666893, -0.05448487773537636, 0.037021785974502563, 0.05955109745264053, -0.18712763488292694, -0.030666470527648926, -0.01575286127626896, -0.06432725489139557, 0.13266107439994812, 0.01670951023697853, 0.10719679296016693, 0.013443770818412304, -0.2477414906024933, -0.3561192452907562, 0.04288821667432785, -0.032560642808675766, -0.1939280927181244, -0.1242770180106163, -0.07148423045873642, -0.02163378708064556, 0.06110403314232826, 0.059166811406612396, -0.10016284883022308], "trans": [0.06634438037872314, 0.37130865454673767, 4.011421203613281]}