{"root_pose": [-2.854421615600586, 0.04996538162231445, 0.1345229297876358], "body_pose": [[-0.19064036011695862, -0.05203888565301895, 0.021234486252069473], [-0.3239811062812805, -0.027539491653442383, 0.007632534950971603], [0.00782862026244402, -0.0019222662085667253, -0.0033053639344871044], [0.15364082157611847, -0.03144454210996628, -0.02254103496670723], [0.4049333333969116, -0.04061029851436615, 0.018023263663053513], [0.0013524397509172559, -0.013893618248403072, -0.0017721004551276565], [-0.3185592591762543, 0.2160523682832718, -0.05811534449458122], [-0.3058118224143982, -0.2868790924549103, 0.0015128676313906908], [-0.0019861701875925064, -0.00585836311802268, -0.004587309900671244], [0.20734860002994537, 0.36835387349128723, 0.032668426632881165], [0.0025853989645838737, -0.40173062682151794, -0.012650912627577782], [-0.009857296012341976, 0.023534033447504044, -0.0718597024679184], [0.08386126160621643, -0.036124128848314285, -0.10964424163103104], [0.037221137434244156, 0.004393693991005421, 0.11940882354974747], [-0.023045184090733528, 0.039908211678266525, 0.004447117913514376], [0.1642601191997528, -0.09696605801582336, -0.6867599487304688], [0.09003377705812454, 0.12688620388507843, 0.730888843536377], [0.144768625497818, -0.6659772992134094, 0.223237082362175], [0.14122804999351501, 0.7439382076263428, -0.33213773369789124], [-0.4813043475151062, 0.19609875977039337, -0.008213958702981472], [-0.5250994563102722, -0.136291965842247, -0.17153865098953247]], "jaw_pose": [0.018511507660150528, 0.016588114202022552, -0.0052674030885100365], "leye_pose": [-5.908967068535276e-06, 7.027250831015408e-06, -2.1311601017259818e-07], "reye_pose": [1.5987268852768466e-05, 4.905442892777501e-06, -2.516654149076203e-06], "lhand_pose": [[-0.06980276852846146, 0.2006881684064865, 0.044798873364925385], [0.07627718150615692, 0.015847444534301758, 0.4749329686164856], [-0.00304374354891479, 0.05864274874329567, 0.46250173449516296], [0.018132224678993225, -0.07570912688970566, 0.0029955818317830563], [0.08435643464326859, 0.0560825951397419, 0.5931591987609863], [0.03232842683792114, 0.03253313899040222, 0.33976176381111145], [0.2266784906387329, -0.12970402836799622, 0.2568366229534149], [0.11830689758062363, 0.14015178382396698, 0.2085602879524231], [0.12007801979780197, 0.09150315076112747, 0.23057088255882263], [0.10387808829545975, -0.1393040120601654, 0.11121584475040436], [0.09524327516555786, 0.0363021120429039, 0.5712835192680359], [0.061833079904317856, 0.07973336428403854, 0.25861766934394836], [-0.31368425488471985, -0.06692688167095184, 0.21006150543689728], [-0.04934784770011902, 0.1586601883172989, -0.09677889943122864], [-0.23116055130958557, -0.2506667971611023, 0.34310224652290344]], "rhand_pose": [[-0.13870497047901154, -0.031392380595207214, 0.08896243572235107], [0.1432519555091858, -0.031152261421084404, -0.2546050548553467], [-0.03313831612467766, -0.003382639726623893, -0.40075305104255676], [-0.020012933760881424, 0.14269885420799255, 0.15861475467681885], [0.06882486492395401, -0.018998095765709877, -0.5176738500595093], [-0.00043359698611311615, -0.031690940260887146, -0.2486320585012436], [0.4629098176956177, 0.2020934820175171, -0.2426479607820511], [-0.27190202474594116, -0.07822144031524658, -0.2102797031402588], [0.18972639739513397, 0.027795124799013138, -0.049813706427812576], [0.1866399198770523, 0.1312992125749588, 0.004404107574373484], [0.012288892641663551, 0.02926410734653473, -0.4390956461429596], [0.020562315359711647, -0.12530191242694855, -0.21055813133716583], [-0.21716073155403137, 0.0986119881272316, 0.17607419192790985], [0.2653617858886719, 0.17372851073741913, 0.2915216088294983], [-0.12610654532909393, 0.22018417716026306, -0.39433494210243225]], "expr": [-0.5842896699905396, 0.16574007272720337, -0.01819274015724659, -0.00601275684311986, -0.11610639095306396, -0.217820405960083, 0.3051050305366516, 0.10877960920333862, -0.03332475572824478, -0.018265489488840103, 0.25250640511512756, -0.20398442447185516, -0.12452633678913116, 0.1165156215429306, 0.1716448813676834, -0.08976324647665024, 0.2253672033548355, -0.20234765112400055, 0.2111225128173828, 0.18147414922714233, -0.06222958490252495, -0.13148440420627594, -0.07546989619731903, -0.11301997303962708, 0.029057756066322327, -0.1513368785381317, 0.06271672248840332, -0.1932477504014969, -0.07420632243156433, 0.012861465103924274, 0.024338023737072945, -0.11231407523155212, 0.03482760488986969, 0.022238485515117645, -0.11749815195798874, 0.14002618193626404, -0.06628528237342834, 0.10236601531505585, 0.026075454428792, -0.2633582353591919, -0.35467085242271423, -0.005570805631577969, -0.03501215577125549, -0.12789739668369293, -0.14695245027542114, -0.051867157220840454, -0.030344190075993538, 0.08494752645492554, 0.07613528519868851, -0.12153097987174988], "trans": [0.06407294422388077, 0.36900460720062256, 4.009665489196777]}