{"root_pose": [-2.87564754486084, 0.020714005455374718, 0.12999160587787628], "body_pose": [[-0.16295427083969116, -0.054386720061302185, 0.011258630082011223], [-0.2736464738845825, -4.123030521441251e-05, 0.009267525747418404], [0.004210848826915026, 0.006199756171554327, -0.007252479903399944], [0.2037830799818039, 0.047831613570451736, -0.011824801564216614], [0.3915306627750397, -0.026680756360292435, 0.02817879430949688], [0.0007212543860077858, -0.008660462684929371, 0.0002712251734919846], [-0.35060763359069824, 0.22050531208515167, -0.11583315581083298], [-0.31216493248939514, -0.2968120872974396, 0.023715833202004433], [8.382240775972605e-05, 0.0019500526832416654, -0.00129728764295578], [0.19557036459445953, 0.38659974932670593, 0.03198990225791931], [0.0028868704102933407, -0.47159600257873535, -0.00601500179618597], [-0.004871140234172344, 0.01978427730500698, -0.06911739706993103], [0.08333851397037506, -0.03650869056582451, -0.11649148911237717], [0.020335080102086067, 0.016744578257203102, 0.12476151436567307], [-0.016037581488490105, 0.06462477147579193, 0.007099858485162258], [0.15595880150794983, -0.11368707567453384, -0.6840028166770935], [0.08738821744918823, 0.1339132934808731, 0.7257242202758789], [0.14791929721832275, -0.5982763767242432, 0.20696716010570526], [0.14030824601650238, 0.7176545262336731, -0.31421586871147156], [-0.5151786804199219, 0.11644899845123291, 0.008731799200177193], [-0.5364804863929749, -0.17718367278575897, -0.1555442363023758]], "jaw_pose": [0.024117745459079742, 0.010643254034221172, -0.00020392761507537216], "leye_pose": [8.639668749310658e-07, -3.708600161189679e-06, -6.864114538984722e-07], "reye_pose": [-2.812470825119817e-07, 1.776450972101884e-06, 1.4157085388433188e-06], "lhand_pose": [[-0.07137961685657501, 0.1999172866344452, 0.03588216379284859], [0.0810847207903862, 0.015402814373373985, 0.46982303261756897], [0.0038976978976279497, 0.06784836202859879, 0.46143409609794617], [0.03172551468014717, -0.07452143728733063, -0.02430053986608982], [0.0895560085773468, 0.061992865055799484, 0.6350566744804382], [0.02771949954330921, 0.03913082182407379, 0.338151216506958], [0.3098449110984802, -0.1553291380405426, 0.2519620358943939], [0.051797349005937576, 0.14705297350883484, 0.23099005222320557], [0.1756080836057663, 0.06480356305837631, 0.2121608704328537], [0.15162217617034912, -0.12531329691410065, 0.08599475026130676], [0.10824288427829742, 0.02736792340874672, 0.6041666865348816], [0.0703255906701088, 0.09474561363458633, 0.30663836002349854], [-0.24019291996955872, 0.012942751869559288, 0.1673220694065094], [-0.09576768428087234, 0.13435062766075134, -0.08009032160043716], [-0.23292872309684753, -0.24674424529075623, 0.3360023498535156]], "rhand_pose": [[-0.14687493443489075, -0.0969037264585495, 0.11613360792398453], [0.14276109635829926, -0.04307589679956436, -0.2679693102836609], [-0.021170983090996742, -0.004240577109158039, -0.3917372226715088], [-0.0337277352809906, 0.13958168029785156, 0.19629810750484467], [0.07697275280952454, -0.015417552553117275, -0.5333649516105652], [-0.0012806899612769485, -0.030742816627025604, -0.2268092930316925], [0.4261111915111542, 0.2311769276857376, -0.22176040709018707], [-0.2913239896297455, -0.04896397143602371, -0.22095714509487152], [0.1926640272140503, 0.0428888276219368, -0.017916517332196236], [0.19908064603805542, 0.16203239560127258, 0.045573338866233826], [0.0014208639040589333, 0.03398721292614937, -0.4627924859523773], [0.016556093469262123, -0.13146905601024628, -0.18799664080142975], [-0.22396419942378998, 0.07716129720211029, 0.11516369879245758], [0.12272365391254425, 0.05651118978857994, 0.29508861899375916], [-0.1106233149766922, 0.16241155564785004, -0.3973237872123718]], "expr": [-0.5397195219993591, 0.17076362669467926, -0.0035156437661498785, 0.03250256925821304, -0.1277768313884735, -0.19535009562969208, 0.24820123612880707, 0.13610157370567322, -0.0038589213509112597, -0.07840260118246078, 0.15415118634700775, -0.12973026931285858, -0.133979931473732, 0.12701572477817535, 0.17310646176338196, -0.1213965117931366, 0.12362395972013474, -0.19639217853546143, 0.1890164315700531, 0.24071839451789856, -0.04128439351916313, -0.15496596693992615, 0.006364994682371616, -0.01832021214067936, 0.04463721439242363, -0.10983265191316605, 0.06007450819015503, -0.17928308248519897, -0.07256972044706345, 0.020697103813290596, 0.04784248024225235, -0.08796535432338715, 0.05156189948320389, -0.05558578297495842, -0.021797824651002884, 0.10845395922660828, -0.030232440680265427, 0.06762527674436569, 0.05189640820026398, -0.16855987906455994, -0.32061365246772766, -0.00490540498867631, 0.02699303813278675, -0.13327175378799438, -0.10261346399784088, -0.03524119034409523, -0.055157922208309174, 0.11050151288509369, 0.062149398028850555, -0.04307340458035469], "trans": [0.0757698118686676, 0.3714052140712738, 3.9965147972106934]}