{"root_pose": [-2.861809492111206, -0.035005729645490646, -0.05030571669340134], "body_pose": [[-0.2227848619222641, -0.07556398212909698, 0.027856089174747467], [-0.257683128118515, 0.06455446779727936, -0.030856646597385406], [0.014209265820682049, -0.005591345950961113, 0.012547055259346962], [0.24584302306175232, -0.06960543245077133, -0.04965825751423836], [0.3109833300113678, 0.03915746882557869, 0.09213985502719879], [0.011689567007124424, -0.006839625537395477, -0.004186886828392744], [-0.3512776792049408, 0.14573591947555542, -0.06434731185436249], [-0.3073870837688446, -0.18024015426635742, 0.09784696251153946], [0.011553369462490082, -0.004760724026709795, -0.0018859251867979765], [0.1255052536725998, 0.3836010992527008, 0.14158639311790466], [0.0068456875160336494, -0.46203792095184326, -0.031991250813007355], [0.009773768484592438, -0.0011664442718029022, -0.026200568303465843], [0.01011590100824833, -0.08042044937610626, -0.0952204242348671], [0.011917412281036377, -0.009383597411215305, 0.12702122330665588], [-0.0004294278915040195, 0.05751728639006615, -0.014485892839729786], [0.15542036294937134, -0.12058321386575699, -0.5841934680938721], [0.06504615396261215, 0.11825358867645264, 0.6842866539955139], [0.10720861703157425, -0.5071006417274475, 0.1305120438337326], [0.06918193399906158, 0.5928605794906616, -0.26816150546073914], [-0.7266366481781006, 0.06520421802997589, 0.07578636705875397], [-0.5049404501914978, -0.03374836593866348, -0.17620471119880676]], "jaw_pose": [0.012613922357559204, 0.0054350001737475395, -0.03649650141596794], "leye_pose": [4.615139914676547e-06, -1.7994068457483081e-06, 2.642895879034768e-06], "reye_pose": [2.513068466214463e-06, 6.036938430042937e-06, 1.862475301095401e-06], "lhand_pose": [[-0.08238136023283005, 0.07155948877334595, 0.039672449231147766], [0.11767806112766266, 0.003996307495981455, 0.396799236536026], [-0.053158458322286606, 0.0400528721511364, 0.4957650899887085], [-0.0009664810495451093, -0.2656680941581726, -0.10785620659589767], [0.09138769656419754, 0.06822295486927032, 0.6601020693778992], [0.028660284355282784, 0.03751828521490097, 0.3963354527950287], [0.3919931948184967, -0.1849205493927002, 0.3816562294960022], [-0.04114557430148125, 0.1411660760641098, 0.2230527698993683], [0.18974708020687103, 0.04709112271666527, 0.17916658520698547], [0.14521361887454987, -0.19773395359516144, 0.07548818737268448], [0.09033170342445374, -0.03383908048272133, 0.6145042777061462], [0.060370225459337234, 0.09886609762907028, 0.3491552472114563], [-0.22397591173648834, 0.05409080162644386, 0.10410317033529282], [0.02466394193470478, 0.043093062937259674, -0.05399185046553612], [-0.21430641412734985, -0.347526490688324, 0.26142874360084534]], "rhand_pose": [[-0.12926891446113586, -0.06765598803758621, 0.08661245554685593], [0.1733991950750351, -0.009260518476366997, -0.31310907006263733], [-0.06189694255590439, 0.002661177422851324, -0.41919493675231934], [-0.04425184801220894, 0.1575624793767929, 0.13974407315254211], [0.0732007771730423, -0.02911147102713585, -0.5320383310317993], [0.005657244008034468, -0.023492781445384026, -0.24000239372253418], [0.383897066116333, 0.1681206077337265, -0.32937803864479065], [-0.20647306740283966, -0.0820607841014862, -0.21779394149780273], [0.15701603889465332, 0.012155807577073574, -0.026573551818728447], [0.1850699484348297, 0.11463870108127594, -0.05815206095576286], [-0.003262693528085947, 0.04340166971087456, -0.4149279296398163], [0.018886659294366837, -0.11754941195249557, -0.22607354819774628], [-0.1985539197921753, -0.012542849406599998, 0.024349601939320564], [0.11725428700447083, 0.05060825124382973, 0.18490347266197205], [-0.16267359256744385, 0.2640667259693146, -0.3662031590938568]], "expr": [-0.1597757190465927, 0.21495991945266724, 0.13809889554977417, 0.24765829741954803, -0.42481499910354614, -0.38847634196281433, 0.3826195001602173, -0.18200410902500153, 0.2083016186952591, 0.09779176115989685, -0.06373055279254913, -0.057631928473711014, -0.26837122440338135, 0.20528262853622437, 0.22076241672039032, -0.3260692358016968, -0.22595088183879852, -0.23208647966384888, 0.17300772666931152, 0.3070206344127655, 0.11960984766483307, -0.3301438093185425, 0.1521565467119217, -0.15108707547187805, -0.028467850759625435, 0.06847137957811356, 0.051295142620801926, 0.09265349060297012, -0.029540348798036575, 0.03062034212052822, -0.13929733633995056, -0.1206132024526596, 0.12757085263729095, 0.022846821695566177, -0.10732202231884003, 0.06900812685489655, -0.23743176460266113, -0.10311993211507797, 0.0042169117368757725, -0.07022177428007126, -0.19593048095703125, -0.17674313485622406, 0.04000919684767723, -0.02366248145699501, -0.23221316933631897, -0.16019035875797272, -0.2670181691646576, 0.2262149602174759, -0.11734501272439957, -0.07817506045103073], "trans": [0.07289247214794159, 0.37819913029670715, 3.9619171619415283]}