{"root_pose": [-2.8709542751312256, 0.008116228505969048, -0.07548090070486069], "body_pose": [[-0.26191967725753784, -0.08796991407871246, 0.015393453650176525], [-0.2767500877380371, 0.08639561384916306, -0.03726069629192352], [0.01382503192871809, -0.0034940678160637617, 0.01019039936363697], [0.3182426989078522, -0.06109192967414856, -0.029161673039197922], [0.3504757285118103, 0.049169424921274185, 0.13118280470371246], [0.013332344591617584, -0.0024785257410258055, -0.0004404338833410293], [-0.3973827064037323, 0.16267286241054535, -0.09172593057155609], [-0.3188612163066864, -0.22702042758464813, 0.03320884332060814], [0.013104069977998734, -0.002504227450117469, 0.0013442165218293667], [0.2252490520477295, 0.37447020411491394, 0.03522884473204613], [0.011134441941976547, -0.5235764384269714, -0.045651115477085114], [0.011042156256735325, 0.04514773190021515, -0.06628715246915817], [0.012415429577231407, -0.0914381816983223, -0.10894067585468292], [0.006284127943217754, 0.004067217465490103, 0.10966786742210388], [0.0021764698904007673, 0.11264866590499878, 0.011094599030911922], [0.20882347226142883, -0.10574617236852646, -0.5973648428916931], [0.12431846559047699, 0.11632759869098663, 0.6611779928207397], [0.15425391495227814, -0.48222365975379944, 0.16805006563663483], [0.0764373391866684, 0.5615445375442505, -0.24526460468769073], [-0.9192407131195068, 0.09309040755033493, 0.0992482602596283], [-0.43073490262031555, 0.01004826370626688, -0.15857279300689697]], "jaw_pose": [0.00943772029131651, -0.000898768485058099, -0.08731798827648163], "leye_pose": [6.733884220011532e-06, 4.3589416236500256e-06, -8.062317647272721e-06], "reye_pose": [-8.409665497310925e-06, 4.553121470962651e-06, -2.4454416234220844e-06], "lhand_pose": [[-0.11273973435163498, 0.0715927928686142, -0.11650747060775757], [0.08100458979606628, 0.01674906350672245, 0.5759896636009216], [-0.015398428775370121, 0.05800105631351471, 0.4732222557067871], [0.017825927585363388, -0.29977938532829285, -0.11693321168422699], [0.0698135569691658, -0.004026864189654589, 0.6412352919578552], [0.004288005642592907, 0.046434029936790466, 0.3571546971797943], [0.603598952293396, -0.20718973875045776, 0.4604499042034149], [-0.29060542583465576, 0.06790360063314438, 0.3193920850753784], [0.2632817029953003, -0.039066899567842484, 0.05229794234037399], [0.18975664675235748, -0.18105942010879517, 0.15439310669898987], [0.056532129645347595, -0.018289225175976753, 0.5154600143432617], [0.04922023415565491, 0.10837937146425247, 0.3219686448574066], [-0.19212691485881805, 0.06585731357336044, 0.09131637215614319], [0.05667422339320183, 0.05026328191161156, -0.1513998955488205], [-0.21779455244541168, -0.2433965504169464, 0.23907393217086792]], "rhand_pose": [[-0.10887336730957031, -0.09387657791376114, 0.002020234242081642], [0.1687881052494049, -0.02503330260515213, -0.28767311573028564], [-0.06524836272001266, 0.016244232654571533, -0.4085121154785156], [-0.05090475082397461, 0.18980179727077484, 0.07451167702674866], [0.06966423988342285, -0.03141843155026436, -0.49367550015449524], [0.004669548943638802, -0.019621001556515694, -0.2558395266532898], [0.3578827679157257, 0.20692290365695953, -0.33713582158088684], [-0.2213587909936905, -0.07937992364168167, -0.2044704109430313], [0.1500951647758484, 0.01576748862862587, -0.018868831917643547], [0.15551678836345673, 0.12391316145658493, -0.09681567549705505], [-0.013077695854008198, 0.04371902719140053, -0.4237705171108246], [0.010573100298643112, -0.1139029711484909, -0.16781407594680786], [-0.20323744416236877, 0.008337784558534622, -0.039438165724277496], [0.06535545736551285, 0.07167068123817444, 0.17325520515441895], [-0.19119282066822052, 0.26808544993400574, -0.3472742736339569]], "expr": [-0.1798093169927597, 0.09407180547714233, 0.2178589552640915, 0.4694250524044037, -0.8952009081840515, -0.8295368552207947, 0.4900100529193878, -0.6695926785469055, 0.4887455403804779, 0.5931893587112427, -0.43350327014923096, 0.31071633100509644, -0.11731767654418945, 0.11680223047733307, 0.4752342402935028, -0.63427734375, -0.7290654182434082, -0.36932429671287537, -0.02961948700249195, 0.8683264255523682, 0.10421591997146606, -0.5860555171966553, 0.5084600448608398, -0.023154590278863907, -0.1682707667350769, 0.12887924909591675, 0.03716137632727623, 0.06531711667776108, -0.1381262093782425, -0.0675777867436409, 0.004450980108231306, -0.1375013291835785, 0.2722604274749756, -0.1989220231771469, 0.13922153413295746, 0.07038473337888718, -0.01648835651576519, -0.018136214464902878, 0.01947149448096752, -0.08287033438682556, -0.25818485021591187, -0.028045417740941048, 0.14113248884677887, -0.07709135860204697, -0.2165212333202362, 0.05341871455311775, -0.08710429072380066, 0.16852319240570068, 0.04041005298495293, 0.006584650836884975], "trans": [0.04472002014517784, 0.3789360523223877, 3.9651639461517334]}