{"root_pose": [-2.867619276046753, 0.04444010183215141, -0.14265449345111847], "body_pose": [[-0.2340431660413742, -0.02027643658220768, 0.024087082594633102], [-0.24060656130313873, 0.0748417004942894, -0.048303622752428055], [0.011421377770602703, -0.012805389240384102, 0.010337600484490395], [0.32318729162216187, 0.04295507073402405, -0.05604683235287666], [0.30888622999191284, 0.03847014158964157, 0.13176552951335907], [0.01146905031055212, -0.005942576099187136, -0.0006899869767948985], [-0.35534653067588806, 0.2417575567960739, -0.0660916417837143], [-0.32219693064689636, -0.21841943264007568, 0.02489558234810829], [0.011278698220849037, -0.002474264008924365, -0.011771383695304394], [0.09306362271308899, 0.290618896484375, 0.055057525634765625], [0.005030868109315634, -0.51223224401474, -0.02824600599706173], [0.006428999360650778, 0.033907268196344376, -0.13264571130275726], [0.011977125890552998, -0.06939466297626495, -0.09953424334526062], [-0.00776574295014143, -0.012175084091722965, 0.08759430795907974], [-0.0059220935218036175, 0.1577831208705902, 0.05013282969594002], [0.16559869050979614, -0.10498527437448502, -0.6107799410820007], [0.03605719655752182, 0.10176768898963928, 0.6905894875526428], [0.18074408173561096, -0.4996611773967743, 0.15471957623958588], [0.03345727548003197, 0.5733165144920349, -0.19018541276454926], [-0.9780877232551575, 0.12634818255901337, 0.08755136281251907], [-0.362775981426239, -0.05279802531003952, -0.08305320143699646]], "jaw_pose": [0.012872536666691303, -0.012139623984694481, -0.06278479844331741], "leye_pose": [-1.2936729945067782e-06, -1.1644158803392202e-05, 5.121284175402252e-06], "reye_pose": [3.5577745620685164e-06, -1.193315620184876e-05, -1.1379768693586811e-05], "lhand_pose": [[-0.1051725223660469, 0.04221802577376366, -0.03438347205519676], [0.057357240468263626, 0.004344538319855928, 0.4301449656486511], [-0.004665255546569824, 0.046531472355127335, 0.38908714056015015], [-0.005654766224324703, -0.26435431838035583, -0.16086088120937347], [0.09515609592199326, -0.029907360672950745, 0.629410445690155], [-1.6567009879508987e-05, 0.027733484283089638, 0.3550727367401123], [0.5370548963546753, -0.22862286865711212, 0.4915494918823242], [-0.35563090443611145, 0.00732004689052701, 0.2107274830341339], [0.24129827320575714, -0.05743484944105148, 0.02946212701499462], [0.16622087359428406, -0.1545545905828476, 0.11424668878316879], [0.04504598304629326, -0.0466926135122776, 0.48356392979621887], [0.03801736980676651, 0.09811853617429733, 0.298841267824173], [-0.21033799648284912, 0.003084103111177683, 0.029181022197008133], [0.051517222076654434, -0.032224904745817184, -0.18601000308990479], [-0.1233997642993927, -0.16246509552001953, 0.2399144321680069]], "rhand_pose": [[-0.10710249841213226, -0.02092960849404335, -0.11283460259437561], [0.13870905339717865, -0.010566987097263336, -0.20442067086696625], [-0.050734639167785645, 0.005971861071884632, -0.36008280515670776], [-0.03341255709528923, 0.13623173534870148, -0.00030531579977832735], [0.055286794900894165, -0.027357865124940872, -0.399680495262146], [0.01020373497158289, -0.019697291776537895, -0.1891281008720398], [0.33472099900245667, 0.15722717344760895, -0.3439154624938965], [-0.1668516844511032, -0.08647246658802032, -0.1620916724205017], [0.11476071178913116, 0.00032642134465277195, -0.009756055660545826], [0.11295677721500397, 0.15052704513072968, -0.11079251021146774], [-0.003348733065649867, 0.043233223259449005, -0.37529605627059937], [0.012813707813620567, -0.09782209247350693, -0.14412184059619904], [-0.20452755689620972, 0.034173641353845596, -0.10508785396814346], [0.05848059058189392, 0.026293113827705383, 0.15040330588817596], [-0.21577215194702148, 0.2796180844306946, -0.34414809942245483]], "expr": [-0.10670364648103714, 0.0604260228574276, 0.08234034478664398, 0.23049330711364746, -0.4552558362483978, -0.5244574546813965, 0.5004388689994812, -0.34201550483703613, 0.10190678387880325, 0.32641446590423584, -0.006100816652178764, 0.00710000516846776, -0.08602121472358704, 0.07843151688575745, 0.2415648251771927, -0.34385883808135986, -0.3683815002441406, -0.27361443638801575, -0.014196987263858318, 0.5095685124397278, 0.10132569074630737, -0.3565351068973541, 0.2560040354728699, -0.02762705087661743, -0.06292020529508591, -0.0657222718000412, 0.07512219995260239, 0.018329350277781487, -0.060405150055885315, -0.03504035994410515, 0.12232118844985962, -0.07835806906223297, 0.21019725501537323, -0.1318207085132599, 0.02254234068095684, 0.016292383894324303, 0.01962200738489628, 0.019885027781128883, 0.09883467853069305, -0.0873766764998436, -0.26009124517440796, -0.027937427163124084, 0.14602217078208923, -0.045832619071006775, -0.16153225302696228, 0.01694515161216259, -0.040460918098688126, 0.11935587227344513, 0.047976721078157425, -0.02351061813533306], "trans": [0.029448306187987328, 0.37881577014923096, 3.9663329124450684]}