{"root_pose": [-2.869932174682617, 0.024883635342121124, -0.2390913963317871], "body_pose": [[-0.21060441434383392, -0.0048178574070334435, -0.01790231093764305], [-0.2230737954378128, 0.07963450253009796, -0.03436550870537758], [0.010325126349925995, -0.026273436844348907, 0.012374013662338257], [0.28654637932777405, 0.11377456039190292, 0.0015111009124666452], [0.3085920214653015, 0.041367366909980774, 0.1315828412771225], [0.008973448537290096, -0.0003671280574053526, -0.011713335290551186], [-0.2861142158508301, 0.3480534851551056, -0.012020965106785297], [-0.3627803921699524, -0.225299671292305, -0.013492526486515999], [0.010921433568000793, -0.0013656311202794313, -0.01254208106547594], [0.016594642773270607, 0.22358404099941254, 0.0456506721675396], [0.002811238868162036, -0.5500203967094421, -0.006602025590837002], [0.009058520197868347, 0.07130805402994156, -0.10421319305896759], [0.038632068783044815, 0.002839782042428851, -0.12091551721096039], [0.018787387758493423, -0.035957906395196915, 0.11992766708135605], [0.0037361825816333294, 0.15709161758422852, 0.03944531828165054], [0.17625072598457336, -0.094431571662426, -0.610755205154419], [0.059566907584667206, 0.10373000055551529, 0.6953291296958923], [0.15577605366706848, -0.6173164248466492, 0.21230824291706085], [0.054339028894901276, 0.6303603053092957, -0.22776688635349274], [-0.9618926644325256, 0.2518807053565979, 0.09417252987623215], [-0.34910184144973755, -0.1681080460548401, -0.0979844480752945]], "jaw_pose": [0.016292037442326546, -0.013337388634681702, -0.145451620221138], "leye_pose": [-3.6437543258216465e-06, 1.520557634648867e-05, 4.992096364730969e-06], "reye_pose": [9.817928003030829e-06, 8.923245218284137e-07, -6.576458872586954e-06], "lhand_pose": [[-0.09847377240657806, -0.029681991785764694, -0.07404110580682755], [0.06810060143470764, -0.02830342948436737, 0.37236613035202026], [-0.026561526581645012, 0.03099510632455349, 0.39176225662231445], [-0.029421817511320114, -0.25092414021492004, -0.21238425374031067], [0.061036065220832825, -0.14447516202926636, 0.5649062395095825], [0.00775556406006217, 0.041270993649959564, 0.35720163583755493], [0.48306673765182495, -0.2845216989517212, 0.3629842698574066], [-0.30059611797332764, 0.028433004394173622, 0.18806205689907074], [0.24737057089805603, -0.04427779093384743, 0.07693488895893097], [0.1462451070547104, -0.2604671120643616, 0.026264065876603127], [0.04917213320732117, -0.0643269270658493, 0.4603602886199951], [0.03473059833049774, 0.09596675634384155, 0.2870224416255951], [-0.17196358740329742, 0.000331344548612833, 0.005065388511866331], [0.04997558519244194, -0.08420867472887039, -0.09398704022169113], [-0.11507630348205566, -0.21790102124214172, 0.19232048094272614]], "rhand_pose": [[-0.10931212455034256, -0.08212301880121231, -0.028836045414209366], [0.12397264689207077, -0.02134154736995697, -0.20670418441295624], [-0.033957578241825104, 0.003951093647629023, -0.33521589636802673], [-0.029974447563290596, 0.17752085626125336, 0.038563452661037445], [0.057118311524391174, -0.03126463294029236, -0.3933393359184265], [0.011482461355626583, -0.016034552827477455, -0.17449811100959778], [0.25690561532974243, 0.15304747223854065, -0.26981571316719055], [-0.1293272078037262, -0.08181169629096985, -0.13336831331253052], [0.09135239571332932, -0.003849411616101861, -0.01409155037254095], [0.10154672712087631, 0.1509047895669937, -0.09586735814809799], [-0.0025760671123862267, 0.04120330139994621, -0.3682006299495697], [0.01519519928842783, -0.0963369607925415, -0.11740697920322418], [-0.22000032663345337, 0.06003278121352196, -0.14042869210243225], [0.013280917890369892, -0.031110066920518875, 0.1553344428539276], [-0.21351945400238037, 0.23494765162467957, -0.38062870502471924]], "expr": [-0.12781314551830292, 0.19663743674755096, 0.1633410006761551, 0.2920674681663513, -0.5063250660896301, -0.6792581677436829, 0.4834595322608948, -0.42774367332458496, 0.13819082081317902, 0.34555473923683167, -0.1077532023191452, 0.1680581122636795, -0.18701666593551636, -0.04057379066944122, 0.20090043544769287, -0.4510505795478821, -0.5251833200454712, -0.2679930329322815, 0.02234211377799511, 0.48263072967529297, 0.18791764974594116, -0.44053512811660767, 0.2916002571582794, -0.09810047596693039, -0.10881400108337402, 0.034126199781894684, 0.06961998343467712, 0.16131651401519775, -0.007568479515612125, -0.03659237176179886, -0.02475546859204769, -0.031142981722950935, 0.2658596932888031, 0.0033220991026610136, -0.03961057588458061, -0.007601377088576555, -0.19922062754631042, -0.08860918879508972, 0.015296426601707935, -0.038443323224782944, -0.08291197568178177, -0.14631173014640808, 0.12712153792381287, 0.06685315817594528, -0.2075994610786438, -0.075874462723732, -0.1573413759469986, 0.16648563742637634, -0.019325828179717064, -0.0354904942214489], "trans": [0.03760850057005882, 0.381235271692276, 3.9405999183654785]}