{"root_pose": [-2.8792407512664795, -0.005785467568784952, -0.36530831456184387], "body_pose": [[-0.20328284800052643, -0.007121611386537552, -0.0630522072315216], [-0.1754666566848755, 0.047101933509111404, -0.03591058775782585], [0.017133114859461784, -0.01864386536180973, 0.011371850967407227], [0.2801016867160797, 0.07418695092201233, 0.08207476139068604], [0.2667071521282196, 0.02059662900865078, 0.13205160200595856], [0.013570808805525303, 0.006787088233977556, -0.023617370054125786], [-0.29400959610939026, 0.3330116271972656, -0.0331479050219059], [-0.36357733607292175, -0.23925288021564484, 0.007389230187982321], [0.014832104556262493, 0.0030417556408792734, -0.007934722118079662], [0.001983881462365389, 0.23469722270965576, 0.04968171939253807], [0.006032247561961412, -0.6080070734024048, -0.0020519057288765907], [0.007901757024228573, 0.0969320759177208, -0.08696077764034271], [0.03704911842942238, 0.003302898956462741, -0.11855393648147583], [0.031171560287475586, -0.04502426087856293, 0.0860842689871788], [-0.00019651489856187254, 0.14117678999900818, 0.0015573932323604822], [0.21057182550430298, -0.09738235175609589, -0.6327658295631409], [0.07443486154079437, 0.11123669892549515, 0.7648991942405701], [0.19850197434425354, -0.6914190053939819, 0.260547935962677], [0.06808235496282578, 0.6128779053688049, -0.25908732414245605], [-0.9369081854820251, 0.31467998027801514, 0.09010419994592667], [-0.34145575761795044, -0.21545881032943726, -0.05060276761651039]], "jaw_pose": [0.02758358232676983, -0.01833971031010151, -0.10316593199968338], "leye_pose": [9.357496310258284e-06, 3.2182683753489982e-06, 1.8156717942474643e-06], "reye_pose": [3.086568312937743e-06, 5.8552404880174436e-06, 3.10473433273728e-06], "lhand_pose": [[-0.10955225676298141, -0.04853353276848793, -0.03463449701666832], [0.07997217774391174, 0.009447306394577026, 0.31522148847579956], [-0.021623246371746063, 0.02583881840109825, 0.38515281677246094], [-0.035203151404857635, -0.3808597922325134, -0.20532679557800293], [0.0718521997332573, -0.0007593042682856321, 0.5454418063163757], [0.0002273589198011905, 0.038152117282152176, 0.3304947018623352], [0.5396010875701904, -0.19226238131523132, 0.35596364736557007], [-0.3281283974647522, 0.04870501905679703, 0.18362626433372498], [0.2617547810077667, -0.06389757990837097, 0.04954918473958969], [0.17400464415550232, -0.3487160801887512, -0.032397348433732986], [0.018460707738995552, -0.10022985190153122, 0.4518432319164276], [0.0315600261092186, 0.09806853532791138, 0.2753278911113739], [-0.21235640347003937, -0.0040448447689414024, -0.0793287456035614], [0.05682643875479698, -0.002537113381549716, -0.12685224413871765], [-0.101547971367836, -0.12755905091762543, 0.18105073273181915]], "rhand_pose": [[-0.10696807503700256, -0.09065225720405579, 0.06644907593727112], [0.07196743041276932, -0.035271063446998596, -0.3202302157878876], [0.01698497124016285, -0.024958938360214233, -0.3001042306423187], [0.004427350126206875, 0.16657046973705292, 0.12696301937103271], [0.05370497331023216, -0.019643669947981834, -0.4031558334827423], [0.007576210889965296, -0.02140081860125065, -0.17988672852516174], [0.3048454821109772, 0.13105268776416779, -0.11738644540309906], [-0.0697445347905159, -0.08212903887033463, -0.12522125244140625], [0.08305550366640091, -0.02210945077240467, -0.05969256907701492], [0.13725782930850983, 0.11901593953371048, 0.026453202590346336], [0.030757229775190353, 0.025719832628965378, -0.410793274641037], [0.02784733846783638, -0.09023338556289673, -0.1403728872537613], [-0.3077270984649658, 0.1276155561208725, -0.11730306595563889], [0.03124888986349106, -0.09850829839706421, 0.21409562230110168], [-0.26538026332855225, 0.1734946370124817, -0.42818593978881836]], "expr": [-0.19300414621829987, 0.07723869383335114, 0.09839943796396255, 0.4194037914276123, -0.673103392124176, -0.7515022158622742, 0.4518868327140808, -0.5730577111244202, 0.22998470067977905, 0.4953870475292206, -0.19884184002876282, 0.2876838147640228, -0.00246833311393857, 0.02961583435535431, 0.2593613564968109, -0.5392947196960449, -0.6155393719673157, -0.23364275693893433, -0.13999779522418976, 0.7218047380447388, 0.04428810626268387, -0.3863288164138794, 0.3707088828086853, -0.0670795813202858, -0.20546260476112366, 0.05188162624835968, 0.11022178828716278, 0.11835306882858276, -0.11174628883600235, 0.01182611845433712, 0.13374505937099457, -0.04319000244140625, 0.29626667499542236, -0.15441381931304932, 0.09968002885580063, 0.013485297560691833, 0.051348164677619934, 0.07279182225465775, 0.05996868386864662, -0.0421142578125, -0.21630030870437622, 0.055494166910648346, 0.1185343787074089, -0.058542944490909576, -0.14006586372852325, 0.08452027291059494, 0.12118132412433624, 0.046571776270866394, 0.1397271603345871, -0.024134084582328796], "trans": [0.06319619715213776, 0.3809731900691986, 3.9444034099578857]}