{"root_pose": [-2.8743362426757812, -0.024498961865901947, -0.46574050188064575], "body_pose": [[-0.1952371895313263, 0.03541770577430725, -0.09170815348625183], [-0.17261700332164764, 0.03019903413951397, -0.028096145018935204], [0.02360432781279087, -0.01680000126361847, 0.003535530064254999], [0.24397867918014526, 0.0633004829287529, 0.1216600239276886], [0.28380849957466125, 0.05516660958528519, 0.09132520109415054], [0.01783682033419609, 0.009488523006439209, -0.034667789936065674], [-0.2723403573036194, 0.27941668033599854, -0.021130261942744255], [-0.3027389347553253, -0.18684136867523193, -0.038444459438323975], [0.02069512940943241, 0.003479134989902377, -0.01510370709002018], [0.001449023955501616, 0.2617487907409668, 0.06175307184457779], [-0.07189885526895523, -0.7013943195343018, 0.03685937076807022], [0.012630905956029892, 0.12888087332248688, -0.10897749662399292], [0.044284719973802567, 0.009878630749881268, -0.09509699046611786], [-0.02751169167459011, -0.04826214164495468, 0.0990089699625969], [0.008246948942542076, 0.1542232632637024, 0.02169368416070938], [0.20938993990421295, -0.1352400928735733, -0.6579488515853882], [0.057427942752838135, 0.0944451317191124, 0.8081560730934143], [0.1805940568447113, -0.8566750884056091, 0.30546805262565613], [0.06280715018510818, 0.6231172680854797, -0.24832211434841156], [-0.9893492460250854, 0.529377818107605, 0.14895547926425934], [-0.33014458417892456, -0.21543893218040466, -0.05284164473414421]], "jaw_pose": [0.03495403006672859, -0.028913918882608414, -0.08588632941246033], "leye_pose": [-5.719218734157039e-07, -1.5860530311329057e-06, -1.014674489852041e-05], "reye_pose": [-1.8912285213446012e-06, 3.5139069041179027e-06, 8.261802577180788e-06], "lhand_pose": [[-0.12420161813497543, -0.06437895447015762, -0.09772123396396637], [0.04035508632659912, 0.027222873643040657, 0.33446523547172546], [0.02480987273156643, 0.039138201624155045, 0.36241838335990906], [0.0067605082876980305, -0.2620476484298706, -0.2316647320985794], [0.039109669625759125, -0.07700727134943008, 0.5472156405448914], [-0.01486378163099289, 0.041823748499155045, 0.29576337337493896], [0.6414096355438232, -0.1443900614976883, 0.4169388711452484], [-0.3801095187664032, 0.04483603313565254, 0.17802540957927704], [0.2616862654685974, -0.09160671383142471, 0.022894352674484253], [0.2074636071920395, -0.2641511559486389, -0.0157990250736475], [0.013250618241727352, -0.11912702023983002, 0.3996043801307678], [0.03319024667143822, 0.09605550765991211, 0.262448251247406], [-0.20522360503673553, 0.026477523148059845, -0.14443770051002502], [0.07341749966144562, 0.029095113277435303, -0.24449311196804047], [-0.18657000362873077, -0.1683855950832367, 0.3433457314968109]], "rhand_pose": [[-0.08694381266832352, -0.07576663792133331, 0.09882356226444244], [0.08797480165958405, -0.01318591833114624, -0.25197720527648926], [-0.014316721819341183, -0.018621014431118965, -0.32878756523132324], [-0.005553591065108776, 0.046955447643995285, 0.1466238647699356], [0.052242573350667953, -0.03861214220523834, -0.36074531078338623], [0.023033637553453445, -0.011588961817324162, -0.1932806819677353], [0.19959492981433868, 0.11238037794828415, -0.12560631334781647], [0.05067969858646393, -0.1013789102435112, -0.06748568266630173], [0.05785130336880684, -0.05144377797842026, -0.014089405536651611], [0.11900309473276138, 0.16127318143844604, 0.05870214104652405], [0.03408322483301163, 0.0693344995379448, -0.4458974599838257], [0.03358517587184906, -0.07692762464284897, -0.15630455315113068], [-0.26995226740837097, -0.029966499656438828, -0.007509073242545128], [0.023705676198005676, -0.13094674050807953, 0.12653714418411255], [-0.21437335014343262, 0.11186321824789047, -0.3481641411781311]], "expr": [-0.15227165818214417, 0.1850668340921402, 0.09675337374210358, 0.44248542189598083, -0.7386189103126526, -0.8704807758331299, 0.5136213898658752, -0.5775565505027771, 0.23921965062618256, 0.44398561120033264, -0.16514728963375092, 0.33806416392326355, -0.01617644727230072, 0.07740176469087601, 0.31799107789993286, -0.5839757323265076, -0.7516229748725891, -0.23754361271858215, -0.19795732200145721, 0.7112687826156616, 0.12899364531040192, -0.42537397146224976, 0.3952329754829407, -0.07856336236000061, -0.22076338529586792, 0.08458661288022995, 0.09241008758544922, 0.13476960361003876, -0.13297341763973236, -0.021037667989730835, 0.12224945425987244, -0.039550114423036575, 0.3329842984676361, -0.19403870403766632, 0.1326320469379425, -0.024727659299969673, 0.02382088080048561, 0.07680447399616241, 0.041948381811380386, -0.0005850910092703998, -0.14965538680553436, 0.01901421695947647, 0.15552175045013428, -0.017160596325993538, -0.1630261093378067, 0.07201163470745087, 0.03631068766117096, 0.11037302017211914, 0.10657452046871185, -0.024443048983812332], "trans": [0.08689659833908081, 0.3744600713253021, 3.962174654006958]}