{"root_pose": [-2.852496385574341, -0.05316575989127159, -0.6349319815635681], "body_pose": [[-0.14120197296142578, 0.006542096845805645, -0.07210291922092438], [-0.2005264163017273, -2.6874529794440605e-05, -0.0024759357329458], [0.017141981050372124, -0.01617174595594406, 0.0021667846012860537], [0.1389833241701126, 0.014785075560212135, 0.11185520887374878], [0.3184135854244232, 0.05547089874744415, 0.03618801385164261], [0.01457089651376009, 0.005572064314037561, -0.020357366651296616], [-0.23790112137794495, 0.2517962157726288, -3.078784720855765e-05], [-0.26365846395492554, -0.11811436712741852, -0.06273505091667175], [0.01820366457104683, 0.005691848695278168, -0.0067578875459730625], [0.06748698651790619, 0.24508404731750488, 0.028772136196494102], [0.0017339197220280766, 0.00903987791389227, 0.0073816971853375435], [0.012354645878076553, 0.019680852070450783, -0.16827189922332764], [0.02290928177535534, 0.07735174894332886, -0.0880279615521431], [-0.015533015131950378, -0.03652625158429146, 0.10341671109199524], [0.00487794354557991, 0.09165603667497635, 0.10767781734466553], [0.2272523045539856, -0.22580577433109283, -0.6955711841583252], [0.047897692769765854, 0.10887235403060913, 0.7975268959999084], [0.20767372846603394, -0.9161075353622437, 0.284221887588501], [0.05027608200907707, 0.5910993218421936, -0.23182128369808197], [-0.9067433476448059, 0.5333434343338013, 0.11410871148109436], [-0.3724527955055237, -0.24839024245738983, -0.052200909703969955]], "jaw_pose": [0.0316958986222744, -0.03338376432657242, 0.12576967477798462], "leye_pose": [4.782945325132459e-06, 4.30421277997084e-06, 5.450788194139022e-06], "reye_pose": [5.27868905919604e-06, -1.5154362245084485e-06, 1.0372174983785953e-05], "lhand_pose": [[-0.1429448127746582, -0.1195644959807396, -0.14658303558826447], [0.03732806071639061, -0.015127868391573429, 0.3581502437591553], [0.02043958567082882, 0.0457817018032074, 0.35803645849227905], [-0.004050437361001968, -0.40596169233322144, -0.2823178172111511], [0.053341418504714966, -0.016757169738411903, 0.5675833821296692], [-0.015659034252166748, 0.044603053480386734, 0.28331315517425537], [0.6387787461280823, -0.1841544359922409, 0.42160266637802124], [-0.35440027713775635, -0.09148082137107849, 0.1926940530538559], [0.238467276096344, -0.10494207590818405, 0.016050882637500763], [0.18542586266994476, -0.3282533884048462, -0.010746488347649574], [0.017920581623911858, -0.11418592929840088, 0.3811644911766052], [0.037003543227910995, 0.10952723026275635, 0.259896844625473], [-0.2891874611377716, 0.08742153644561768, 0.07463255524635315], [0.11263884603977203, 0.022538667544722557, -0.2636703550815582], [-0.24561163783073425, -0.24524307250976562, 0.3920436501502991]], "rhand_pose": [[-0.0731816291809082, -0.11601894348859787, 0.020503031089901924], [0.06813734769821167, -0.019250376150012016, -0.13776995241641998], [-0.007552902679890394, -0.006126563064754009, -0.20946183800697327], [0.004752512089908123, 0.023559730499982834, 0.0986487939953804], [0.0202917642891407, -0.022713366895914078, -0.18282391130924225], [0.011036284267902374, -0.0046568820253014565, -0.07157161086797714], [0.17494350671768188, 0.06351519376039505, -0.12715764343738556], [0.016783222556114197, -0.049348849803209305, -0.07117690145969391], [0.024588707834482193, -0.021329965442419052, -0.019461296498775482], [0.10403002053499222, 0.06981445848941803, -0.012435397133231163], [0.01964602619409561, 0.0064634173177182674, -0.27223196625709534], [0.010076137259602547, -0.05514067783951759, -0.04550999402999878], [-0.22195911407470703, 0.026909898966550827, -0.11647181957960129], [0.0314045287668705, -0.13176514208316803, 0.10705621540546417], [-0.16239620745182037, 0.07188893109560013, -0.2624366283416748]], "expr": [-0.12167324870824814, 0.06979666650295258, 0.2843662202358246, 0.22770528495311737, -0.49547600746154785, -0.9074050784111023, 0.1629749983549118, -0.3198302090167999, 0.17955924570560455, 0.35782089829444885, -0.2966185510158539, 0.3984566926956177, -0.23398052155971527, 0.017634402960538864, 0.13263635337352753, -0.4706624150276184, -0.7540163993835449, -0.18575620651245117, 0.09384322166442871, 0.3209229111671448, 0.3962944746017456, -0.44512829184532166, 0.287853866815567, -0.18073096871376038, -0.10044772922992706, 0.1659410446882248, 0.044991932809352875, 0.33934226632118225, 0.05288941040635109, -0.02514878287911415, -0.24556629359722137, -0.006670842878520489, 0.3583679497241974, 0.08214732259511948, -0.0697612315416336, -0.037041500210762024, -0.592104971408844, -0.1823636144399643, -0.047941822558641434, 0.031353458762168884, 0.13809525966644287, -0.3482150733470917, 0.030705854296684265, 0.2463008463382721, -0.35149630904197693, -0.25437411665916443, -0.38686925172805786, 0.368500679731369, -0.22277848422527313, -0.04278608784079552], "trans": [0.10115064680576324, 0.3679055869579315, 3.9630239009857178]}