{"root_pose": [-2.792440176010132, -0.038825973868370056, -0.9023635387420654], "body_pose": [[-0.10269570350646973, 0.009209233336150646, -0.044187240302562714], [-0.20579448342323303, 0.10787102580070496, -0.018775857985019684], [0.021126151084899902, -0.02450823411345482, 0.008258771151304245], [0.10288377851247787, -0.1042463555932045, 0.11312022805213928], [0.20363466441631317, 0.03947369381785393, 0.05896700546145439], [0.016959989443421364, 0.00906449556350708, -0.01934579387307167], [-0.24946728348731995, 0.2197715938091278, -0.02939470298588276], [-0.14905156195163727, -0.06757479906082153, -0.06412845849990845], [0.01926533319056034, 0.004563409835100174, -0.00716791395097971], [0.15515176951885223, 0.22531183063983917, 0.039298851042985916], [0.08603334426879883, 0.7645241618156433, -0.20263619720935822], [0.012924478389322758, -0.038349468261003494, -0.13540031015872955], [0.026597751304507256, 0.07486996799707413, -0.07025748491287231], [-0.018073206767439842, -0.030181339010596275, 0.07283878326416016], [0.002297754865139723, 0.06980093568563461, 0.09542494267225266], [0.25680872797966003, -0.24524536728858948, -0.7343491911888123], [0.04884941130876541, 0.11613482981920242, 0.8051076531410217], [0.21841122210025787, -1.0563313961029053, 0.27176374197006226], [0.07494905591011047, 0.5105823874473572, -0.2166578471660614], [-0.9259083867073059, 0.507348358631134, 0.14165937900543213], [-0.3645946979522705, -0.1467619091272354, 0.013498416170477867]], "jaw_pose": [0.03310168534517288, -0.04036174714565277, 0.11113623529672623], "leye_pose": [2.4417596478087944e-07, 3.0465364488918567e-06, -3.4474539916118374e-06], "reye_pose": [-4.87219040223863e-06, 1.2112108151995926e-06, 7.36617403163109e-06], "lhand_pose": [[-0.13876479864120483, -0.09830446541309357, -0.11828576028347015], [0.03590724244713783, -0.01253848522901535, 0.3126550316810608], [0.026195719838142395, 0.0419953390955925, 0.3305513560771942], [0.01521318219602108, -0.20285095274448395, -0.22725389897823334], [-0.009125898592174053, -0.23693406581878662, 0.521121621131897], [-0.020659325644373894, 0.041019462049007416, 0.2691684067249298], [0.4229607880115509, -0.5178525447845459, 0.3893812894821167], [-0.3782567083835602, -0.021287718787789345, 0.15466701984405518], [0.23695024847984314, -0.10105565190315247, -0.005509319715201855], [0.17129278182983398, -0.19462892413139343, 0.024593321606516838], [0.005862045101821423, -0.14534389972686768, 0.3604103624820709], [0.033320941030979156, 0.10384899377822876, 0.24229349195957184], [-0.30453312397003174, 0.19582782685756683, 0.097592793405056], [0.05509822070598602, 0.019464099779725075, -0.26870596408843994], [-0.24083487689495087, -0.2289211004972458, 0.39690491557121277]], "rhand_pose": [[-0.04932037740945816, -0.19312269985675812, -0.0038488181307911873], [0.024226751178503036, -0.029925350099802017, -0.15816740691661835], [0.009984605014324188, -0.022706756368279457, -0.15038082003593445], [0.11907125264406204, 0.01143771130591631, 0.04101255163550377], [0.013810349628329277, -0.09613968431949615, -0.17967328429222107], [0.009522180072963238, -0.0010352235985919833, -0.020536988973617554], [0.1520553082227707, -0.0033281343057751656, -0.12441659718751907], [0.0899953842163086, -0.033344462513923645, -0.05441977456212044], [-0.02215646766126156, -0.04064841940999031, -0.029999101534485817], [0.09010607749223709, 0.0018238861812278628, -0.07947257161140442], [0.03288215771317482, -0.013357715681195259, -0.2594906687736511], [0.008635321632027626, -0.02854473516345024, -0.07125338166952133], [-0.22005602717399597, -0.025401383638381958, -0.20202377438545227], [0.04310702160000801, -0.13806010782718658, 0.07427209615707397], [-0.15557514131069183, 0.056074969470500946, -0.176289364695549]], "expr": [-0.07300303131341934, 0.10306327790021896, 0.31948503851890564, 0.22969438135623932, -0.4045722782611847, -0.9194416403770447, -0.02137789875268936, -0.25546079874038696, 0.17300225794315338, 0.32104218006134033, -0.4113859534263611, 0.46096500754356384, -0.33394548296928406, 0.15269218385219574, 0.030081629753112793, -0.465030699968338, -0.8089281916618347, -0.1721266359090805, 0.2050650417804718, 0.19173507392406464, 0.5244765281677246, -0.45857203006744385, 0.26607248187065125, -0.19352535903453827, -0.048651598393917084, 0.2160196155309677, 0.03387319669127464, 0.40556833148002625, 0.06994080543518066, -0.06314639002084732, -0.38313916325569153, 0.007677026093006134, 0.4401037395000458, 0.13317015767097473, -0.12001261860132217, -0.04681616276502609, -0.805797815322876, -0.28547462821006775, -0.015286622568964958, 0.11182995140552521, 0.28443771600723267, -0.5008372068405151, -0.007666005287319422, 0.3349422812461853, -0.42487916350364685, -0.37484249472618103, -0.5680679678916931, 0.473430871963501, -0.4012377858161926, -0.00325980712659657], "trans": [0.09948286414146423, 0.3727659583091736, 3.948840856552124]}