{"root_pose": [-2.875455141067505, -0.03815944492816925, 0.11795327067375183], "body_pose": [[-0.15158990025520325, -0.05588430538773537, 0.004645887762308121], [-0.28662559390068054, 0.0446312353014946, 0.03754284977912903], [0.0076383501291275024, 0.017103416845202446, -0.005166667979210615], [0.16582195460796356, -0.06297682970762253, -0.0451086089015007], [0.39045995473861694, 0.002885509980842471, 0.052952513098716736], [0.007538065314292908, -0.0016596276545897126, -0.0005076785455457866], [-0.3464900553226471, 0.21643483638763428, -0.008092236705124378], [-0.3272700905799866, -0.26240524649620056, -0.0328630693256855], [0.009060625918209553, 0.011521606706082821, 0.008310032077133656], [0.1727992594242096, 0.4291464388370514, 0.025759313255548477], [0.006874231155961752, -0.5012820959091187, -0.02985941618680954], [0.006129900459200144, 0.005285005550831556, -0.03828243166208267], [0.016720501706004143, -0.08641064912080765, -0.09955776482820511], [0.002508357632905245, 0.023994825780391693, 0.11059678345918655], [-0.003139533568173647, 0.03002559021115303, 0.008283501490950584], [0.13114258646965027, -0.11843334138393402, -0.6117337942123413], [0.08662113547325134, 0.13743391633033752, 0.695157527923584], [0.11960285902023315, -0.46826979517936707, 0.1257074922323227], [0.09715510159730911, 0.6090494394302368, -0.2773800194263458], [-0.6754419803619385, 0.10586390644311905, 0.010561205446720123], [-0.4636107385158539, -0.02398214302957058, -0.1769607812166214]], "jaw_pose": [0.007101541385054588, 0.0017577355029061437, 0.004367901477962732], "leye_pose": [6.3849438447505236e-06, -1.200765291287098e-05, 5.504861064764555e-07], "reye_pose": [7.65693221183028e-06, 9.30741589399986e-06, -5.353142569219926e-06], "lhand_pose": [[-0.08105375617742538, 0.09578464180231094, 0.010143741965293884], [0.0944649800658226, 0.0049230922013521194, 0.4848804473876953], [-0.037913836538791656, 0.04911154508590698, 0.48647254705429077], [0.011692732572555542, -0.23567524552345276, -0.041348233819007874], [0.08810780197381973, 0.06428273767232895, 0.6375073790550232], [0.029936186969280243, 0.040082551538944244, 0.3995709717273712], [0.4221231937408447, -0.1446308046579361, 0.4086512327194214], [-0.019460132345557213, 0.14043450355529785, 0.23424272239208221], [0.19387072324752808, 0.04980242997407913, 0.1985750049352646], [0.15958575904369354, -0.1315922886133194, 0.11414232850074768], [0.09574275463819504, 0.018435565754771233, 0.6170889139175415], [0.0686274841427803, 0.10448653995990753, 0.34142449498176575], [-0.24208317697048187, 0.18146702647209167, 0.13021975755691528], [0.03380504250526428, 0.052882805466651917, -0.05607067421078682], [-0.23040050268173218, -0.36801669001579285, 0.2608727514743805]], "rhand_pose": [[-0.12258031964302063, -0.07900751382112503, 0.01801958680152893], [0.14725111424922943, -0.025941668078303337, -0.27395641803741455], [-0.05569731071591377, -0.008190568536520004, -0.43833452463150024], [-0.03522224724292755, 0.15089914202690125, 0.1572393774986267], [0.08335959166288376, -0.03318121284246445, -0.5607415437698364], [0.007141724228858948, -0.03283344581723213, -0.2740018963813782], [0.4242115020751953, 0.1833268404006958, -0.24092993140220642], [-0.2294326275587082, -0.08672244101762772, -0.22004254162311554], [0.19274552166461945, -0.0019666459411382675, -0.10443416982889175], [0.18251793086528778, 0.09964530169963837, 0.016832809895277023], [0.018577758222818375, 0.03922776132822037, -0.5067224502563477], [0.028829678893089294, -0.12587790191173553, -0.2609410583972931], [-0.17515020072460175, 0.015668345615267754, 0.14554214477539062], [0.10037805140018463, 0.10061167925596237, 0.19955724477767944], [-0.13600125908851624, 0.23557689785957336, -0.3243149518966675]], "expr": [-0.2649017572402954, 0.1347043812274933, -0.030805198475718498, -0.01541408896446228, 0.019959375262260437, -0.1723419576883316, 0.4008086621761322, 0.17148710787296295, -0.19186444580554962, -0.045015353709459305, 0.34178638458251953, -0.2624354660511017, -0.03989189490675926, 0.30090904235839844, 0.10795797407627106, 0.006328578572720289, 0.21694150567054749, -0.16245236992835999, 0.23017537593841553, 0.11355322599411011, -0.020156467333436012, -0.054549138993024826, -0.13890455663204193, -0.13489972054958344, 0.03988819196820259, -0.17896443605422974, 0.0486491359770298, -0.12467863410711288, -0.14037083089351654, -0.013119394890964031, 0.01903095841407776, -0.1422041952610016, 0.07763540744781494, -0.024450113996863365, -0.11696925014257431, 0.10330945253372192, -0.09749693423509598, 0.06440757215023041, 0.08708033710718155, -0.2362457811832428, -0.38055291771888733, -0.05636843666434288, -0.04265793040394783, -0.12779372930526733, -0.15563860535621643, -0.06013268977403641, -0.07021176815032959, 0.1554388850927353, 0.028444457799196243, -0.13068173825740814], "trans": [0.07886952906847, 0.37366828322410583, 3.955212116241455]}