{"root_pose": [-2.755289316177368, -0.019273793324828148, -1.1141916513442993], "body_pose": [[-0.08822984248399734, -0.07087891548871994, 0.0002662213228177279], [-0.15930819511413574, 0.03610464185476303, -0.026731887832283974], [0.019259149208664894, -0.02560226432979107, 0.02393515035510063], [0.09347321838140488, -0.1168309822678566, 0.08241111785173416], [0.15869766473770142, 0.03249412029981613, 0.0781581774353981], [0.01704135537147522, 0.015418053604662418, -0.023007139563560486], [-0.22306860983371735, 0.17792825400829315, -0.03602574020624161], [-0.13861025869846344, -0.15492583811283112, -0.03757075220346451], [0.02005871571600437, 0.011091022752225399, -0.011146742850542068], [0.16401158273220062, 0.21697044372558594, 0.021744444966316223], [0.0019197388319298625, 0.002856316976249218, -0.0030730559956282377], [0.01883057691156864, -0.09554564952850342, -0.10224772989749908], [0.03784426301717758, 0.1157718226313591, -0.06493865698575974], [-0.01199828740209341, -0.04750939458608627, 0.09290207922458649], [0.0073153190314769745, 0.2921184003353119, 0.04022005945444107], [0.29655221104621887, -0.22739346325397491, -0.7413927912712097], [0.061022013425827026, 0.1085900366306305, 0.8321959376335144], [0.17137554287910461, -1.1427397727966309, 0.23443342745304108], [0.09023328125476837, 0.48387134075164795, -0.1741454005241394], [-0.826338529586792, 0.43413877487182617, 0.03260164335370064], [-0.33147117495536804, -0.06441716104745865, -0.03499813377857208]], "jaw_pose": [0.023199856281280518, -0.025527264922857285, 0.09392347186803818], "leye_pose": [-1.1550595445442013e-05, -2.5498462719042436e-07, -2.857470462913625e-06], "reye_pose": [-9.429735655430704e-06, -1.2186190360807814e-05, -2.5719343739183387e-06], "lhand_pose": [[-0.14177803695201874, -0.11903797835111618, -0.17709143459796906], [0.06492064148187637, -0.05714801698923111, 0.28534871339797974], [0.0035773725248873234, 0.005669621750712395, 0.37013694643974304], [-0.03060298226773739, -0.3017715513706207, -0.31750595569610596], [0.026567840948700905, -0.13639099895954132, 0.5706775784492493], [-0.005540135316550732, 0.009542279876768589, 0.3034448027610779], [0.05598864331841469, -0.5693044066429138, 0.2972079813480377], [-0.3380887806415558, 0.04389677569270134, 0.15153999626636505], [0.24141578376293182, -0.06567435711622238, 0.02068081498146057], [0.0947241485118866, -0.3672557473182678, -0.0932413712143898], [0.004913378972560167, -0.14621728658676147, 0.41830065846443176], [0.03880022093653679, 0.11627577990293503, 0.2691877484321594], [-0.3517634868621826, 0.23237761855125427, 0.1734863817691803], [0.030888719484210014, 0.03477996960282326, -0.23454037308692932], [-0.23296402394771576, -0.2414202243089676, 0.39953839778900146]], "rhand_pose": [[-0.04813767969608307, -0.09501457214355469, -0.0010923193767666817], [0.01762380264699459, -0.018904399126768112, -0.1958458125591278], [0.03326794505119324, -0.04660704359412193, -0.13171178102493286], [0.0852787122130394, 0.015575590543448925, 0.02812529169023037], [0.012966388836503029, -0.05938884615898132, -0.13548867404460907], [0.012728216126561165, -0.015455488115549088, -0.09781474620103836], [0.08697172999382019, -0.017505358904600143, -0.1339787244796753], [0.11386112123727798, -0.03342549130320549, -0.07869775593280792], [-0.007594803348183632, -0.04642077162861824, -0.07297136634588242], [0.09960976243019104, -0.006168247666209936, -0.08258338272571564], [0.056223802268505096, -0.024295205250382423, -0.2744550108909607], [0.01880025677382946, -0.029725512489676476, -0.04941213130950928], [-0.21759940683841705, -0.06218332424759865, -0.12533468008041382], [0.07901781797409058, -0.17820437252521515, 0.0833371952176094], [-0.14410369098186493, 0.06364254653453827, -0.11766145378351212]], "expr": [0.038054630160331726, 0.10355944186449051, 0.14003971219062805, 0.6536510586738586, -0.9131335020065308, -0.9805169105529785, 0.24966399371623993, -0.6461457014083862, 0.40162384510040283, 0.5171923637390137, -0.4107797145843506, 0.6142547726631165, 0.07458475232124329, 0.16044031083583832, 0.29694175720214844, -0.6680920124053955, -0.9662388563156128, -0.23438623547554016, -0.18671666085720062, 0.9004594087600708, 0.17039071023464203, -0.5103864669799805, 0.5723975896835327, -0.024961335584521294, -0.2630354166030884, 0.1417563110589981, 0.13182902336120605, 0.16934432089328766, -0.16509410738945007, -0.027097992599010468, 0.11897394061088562, 0.028556736186146736, 0.4211484491825104, -0.31910356879234314, 0.26512429118156433, -0.05866004526615143, 0.11762174218893051, 0.05881968513131142, 0.12510603666305542, 0.09272336214780807, -0.14498035609722137, 0.10548523813486099, 0.1342732012271881, -0.04195254668593407, -0.11203189939260483, 0.11276618391275406, 0.1454319804906845, 0.11728803813457489, 0.11920645087957382, 0.07842788100242615], "trans": [0.08524800837039948, 0.37354081869125366, 3.9728550910949707]}