{"root_pose": [-2.698777437210083, 0.026620937511324883, -1.2140913009643555], "body_pose": [[-0.11752990633249283, 0.03394484892487526, 0.0013966959668323398], [-0.13052473962306976, 0.10599472373723984, -0.05975879728794098], [0.015315397642552853, -0.0035035875625908375, 0.018198620527982712], [0.10387178510427475, -0.1427188366651535, 0.06163543462753296], [0.08696138113737106, 0.02294878475368023, 0.11455758661031723], [0.01460275799036026, 0.02024838514626026, -0.027927037328481674], [-0.24891407787799835, 0.06142156198620796, -0.02203892171382904], [-0.10133858025074005, -0.1813785284757614, -0.020883794873952866], [0.015490300953388214, 0.014594340696930885, -0.00031915848376229405], [0.006077952217310667, 0.11383602023124695, 0.0942445695400238], [0.03748625889420509, 0.3264119327068329, -0.16206198930740356], [0.009268349967896938, -0.07382740080356598, -0.14661361277103424], [0.06659237295389175, 0.15542596578598022, -0.11049696058034897], [-0.000752944964915514, -0.0528387613594532, 0.05603285878896713], [-0.003186736721545458, 0.4137428104877472, 0.06091243028640747], [0.2982069253921509, -0.20886225998401642, -0.8045268058776855], [0.05019228160381317, 0.11324665695428848, 0.8940843343734741], [0.15791593492031097, -1.2673397064208984, 0.21610528230667114], [0.07225393503904343, 0.5063575506210327, -0.1500951647758484], [-0.7634482979774475, 0.4418282210826874, 0.053181566298007965], [-0.23316046595573425, -0.043039269745349884, -0.08617741614580154]], "jaw_pose": [0.027479588985443115, -0.02789784036576748, 0.07407842576503754], "leye_pose": [-1.1218861395434487e-08, -6.260911959543591e-06, 1.0095873221871443e-05], "reye_pose": [-3.6254759834264405e-06, -1.3678083632839844e-05, 4.6429590838670265e-06], "lhand_pose": [[-0.13390395045280457, -0.1265345960855484, -0.12832589447498322], [0.043377019464969635, -0.05874455347657204, 0.272432416677475], [0.02486395835876465, 0.02934858575463295, 0.29572609066963196], [-0.054433804005384445, -0.1763606071472168, -0.2396690845489502], [-0.0018124334746971726, -0.22908148169517517, 0.44948333501815796], [-0.01925143599510193, -0.0012622893555089831, 0.22116127610206604], [0.16705623269081116, -0.4892745018005371, 0.26911360025405884], [-0.3477683365345001, 0.018932810053229332, 0.10138610005378723], [0.19264134764671326, -0.0745270699262619, -0.013825289905071259], [0.1211596429347992, -0.32942548394203186, -0.05405554175376892], [0.0007960843504406512, -0.08458144217729568, 0.33665961027145386], [0.034050945192575455, 0.06332839280366898, 0.20368486642837524], [-0.3699394464492798, 0.29295969009399414, 0.21288514137268066], [0.015046052634716034, -0.010284246876835823, -0.26478397846221924], [-0.26684290170669556, -0.27662134170532227, 0.4740653932094574]], "rhand_pose": [[-0.035541776567697525, -0.04473722726106644, -0.044181711971759796], [-0.0016706074820831418, -0.014973398298025131, -0.2541622519493103], [0.05408556014299393, -0.058073557913303375, -0.16103506088256836], [0.018197717145085335, 0.004770572297275066, 0.06883356720209122], [0.03824189677834511, -0.04729381203651428, -0.25243836641311646], [0.024881279096007347, -0.007234238553792238, -0.12118320912122726], [-0.03868100047111511, -0.02591325156390667, -0.004112719092518091], [0.2945760190486908, -0.06524373590946198, -0.08632584661245346], [-0.06600062549114227, -0.09375560283660889, -0.1582528054714203], [0.06368279457092285, 0.01255261804908514, 0.022421393543481827], [0.08056791871786118, -0.04896264523267746, -0.4035746455192566], [0.03418613225221634, -0.037779550999403, -0.10030398517847061], [-0.20959509909152985, -0.07183408737182617, -0.17624635994434357], [0.05846259370446205, -0.18843719363212585, 0.09449928253889084], [-0.14576971530914307, 0.08702272921800613, -0.21230670809745789]], "expr": [-0.03947453945875168, 0.05051048845052719, 0.10635018348693848, 0.5469139814376831, -0.7062806487083435, -0.8333271145820618, 0.13661916553974152, -0.4413786828517914, 0.29643285274505615, 0.32341375946998596, -0.28616705536842346, 0.5447717308998108, -0.008456937037408352, 0.2123493254184723, 0.1334962695837021, -0.5639009475708008, -0.7547045946121216, -0.175881490111351, -0.0973731279373169, 0.641792893409729, 0.23552356660366058, -0.41799795627593994, 0.3924763798713684, -0.05510767176747322, -0.17809371650218964, 0.11895693093538284, 0.12330872565507889, 0.11450093984603882, -0.1311119943857193, -0.017381099984049797, 0.027095234021544456, 0.07859144359827042, 0.4069459140300751, -0.20728643238544464, 0.16548553109169006, -0.040336914360523224, -0.012117655947804451, 0.020942848175764084, 0.12001224607229233, 0.11338768899440765, -0.04812876135110855, 0.011017542332410812, 0.05419853702187538, -0.009123815223574638, -0.14200353622436523, 0.021195607259869576, 0.05656234547495842, 0.13785456120967865, 0.00921015627682209, 0.057672664523124695], "trans": [0.06990356743335724, 0.37118783593177795, 3.971287727355957]}