{"root_pose": [-2.626274824142456, 0.017617445439100266, -1.3826669454574585], "body_pose": [[-0.13594378530979156, -0.012427929788827896, -0.0009324639686383307], [-0.10952059179544449, 0.06180320307612419, -0.030274134129285812], [0.012533113360404968, 0.004052850883454084, 0.012904872186481953], [0.18854773044586182, -0.17791521549224854, 0.04366350173950195], [0.06465021520853043, -0.04221832752227783, 0.04349073767662048], [0.011413239873945713, 0.015990449115633965, -0.017211461439728737], [-0.36428651213645935, -0.05952582508325577, -0.01305390615016222], [-0.0908084437251091, -0.18877683579921722, -0.016942841932177544], [0.012146592140197754, 0.011017070151865482, 0.007741709239780903], [0.0287319403141737, 0.21010315418243408, 0.1829972118139267], [0.08088523894548416, 0.7584407925605774, -0.19988667964935303], [0.006925813388079405, -0.08012671768665314, -0.16954588890075684], [0.08543470501899719, 0.15919534862041473, -0.1270483434200287], [-0.0026147766038775444, -0.06941523402929306, 0.0582461804151535], [-0.003125711577013135, 0.42896029353141785, 0.12643322348594666], [0.34163472056388855, -0.20990508794784546, -0.913821280002594], [0.01842465251684189, 0.10106031596660614, 0.9385831356048584], [0.18385329842567444, -1.379181146621704, 0.24164721369743347], [0.04614647105336189, 0.48860546946525574, -0.168471097946167], [-0.8371002078056335, 0.4047565758228302, 0.002254948252812028], [-0.1779734492301941, -0.003799989353865385, -0.05494111776351929]], "jaw_pose": [0.051454853266477585, -0.011276309378445148, 0.0684596598148346], "leye_pose": [1.0293951163475867e-05, 3.6595083656720817e-06, -1.486165729147615e-06], "reye_pose": [-5.274500836094376e-06, -1.1606198313529603e-06, -3.90681498174672e-06], "lhand_pose": [[-0.10447993129491806, 0.05767655000090599, -0.09522539377212524], [0.07286739349365234, 0.006429014727473259, 0.2517686188220978], [-0.00033384261769242585, 0.023221630603075027, 0.34970489144325256], [-0.036644838750362396, -0.05997709184885025, -0.27320146560668945], [0.03276453912258148, -0.2155025452375412, 0.5124996900558472], [0.0005951385828666389, 0.03698853403329849, 0.32153210043907166], [0.3065877854824066, -0.5766682028770447, 0.15430346131324768], [-0.27712273597717285, 0.06510577350854874, 0.1590215414762497], [0.1927865594625473, -0.029088247567415237, 0.0645303800702095], [0.1326252967119217, -0.246111199259758, -0.1643262803554535], [0.026130132377147675, -0.052344758063554764, 0.4726552963256836], [0.03991019353270531, 0.13293570280075073, 0.2806811034679413], [-0.2543569803237915, 0.38000723719596863, 0.16202571988105774], [-0.024454638361930847, -0.065444216132164, -0.15927626192569733], [-0.20307375490665436, -0.2839341461658478, 0.4223458468914032]], "rhand_pose": [[-0.03044910542666912, -0.06304562836885452, -0.06374551355838776], [0.0008174646645784378, -0.02658863179385662, -0.27991268038749695], [0.06078706681728363, -0.05011148750782013, -0.19673369824886322], [-0.001965534407645464, -0.018655849620699883, 0.1449698954820633], [0.07149864733219147, -0.08174560964107513, -0.27211493253707886], [0.030810417607426643, -0.0205592792481184, -0.18958353996276855], [-0.10183209180831909, -0.03473067656159401, 0.07179121673107147], [0.45101767778396606, -0.08678463101387024, -0.1266164630651474], [-0.09798656404018402, -0.12950773537158966, -0.25541335344314575], [0.038637980818748474, -0.014299551956355572, 0.11490840464830399], [0.09994496405124664, -0.06377396732568741, -0.5262055993080139], [0.04303022101521492, -0.0498398020863533, -0.15907002985477448], [-0.19794447720050812, -0.09717478603124619, -0.2174505591392517], [-0.0022743139415979385, -0.16914497315883636, 0.1342897266149521], [-0.1048472598195076, 0.0583161823451519, -0.2517980635166168]], "expr": [-0.2998756468296051, -0.031532108783721924, 0.12212199717760086, 0.6363754272460938, -0.8144992589950562, -0.7356947660446167, 0.20664848387241364, -0.4018331468105316, 0.38128095865249634, 0.2649499773979187, -0.10091061890125275, 0.6333391666412354, -0.035027239471673965, 0.14178192615509033, 0.19359686970710754, -0.5669492483139038, -0.6040791273117065, -0.2064087688922882, -0.08625064045190811, 0.6925332546234131, 0.1608014851808548, -0.4693235754966736, 0.4395415186882019, -0.13568849861621857, -0.2688984274864197, 0.12806616723537445, 0.16325592994689941, 0.11873915791511536, -0.14158065617084503, 0.05575748160481453, 0.05661120265722275, 0.10580965131521225, 0.3324848413467407, -0.1860639601945877, 0.21247659623622894, -0.029021210968494415, 0.08848005533218384, 0.07918810099363327, 0.03286018222570419, 0.0661846324801445, -0.1288585662841797, 0.13091546297073364, 0.07727754861116409, -0.08428295701742172, -0.0389438197016716, 0.0712607130408287, 0.21567057073116302, 0.024699682369828224, 0.15095332264900208, 0.05490804463624954], "trans": [0.07228641211986542, 0.36807116866111755, 3.9839351177215576]}