{"root_pose": [-2.624863624572754, -0.032019056379795074, -1.4506200551986694], "body_pose": [[-0.09686506539583206, -0.015160811133682728, -0.035440050065517426], [-0.12274625897407532, 0.10692373663187027, -0.03176373243331909], [0.013000242412090302, 0.01977883279323578, 0.00046152391587384045], [0.09483758360147476, -0.2534821331501007, 0.10405799001455307], [0.060582876205444336, -0.13449791073799133, -0.009569494985044003], [0.011302525177598, 0.014465777203440666, -0.017043037340044975], [-0.26234447956085205, -0.0007280316203832626, 0.0042982869781553745], [-0.03883666917681694, -0.17950084805488586, -0.028581108897924423], [0.012712070718407631, 0.01648665778338909, 0.010517094284296036], [0.025591203942894936, 0.24669255316257477, 0.16315212845802307], [0.06472383439540863, 0.8361470699310303, -0.14405639469623566], [0.006508151534944773, -0.1622646600008011, -0.10332155227661133], [0.07981181144714355, 0.1902877688407898, -0.11922828108072281], [0.01390113215893507, -0.022425958886742592, 0.08561323583126068], [-0.00853658001869917, 0.5029813051223755, 0.1502397060394287], [0.5108922123908997, -0.40152955055236816, -0.9051650166511536], [0.08135934174060822, 0.13338790833950043, 0.964314341545105], [0.25114861130714417, -1.4707030057907104, 0.14808978140354156], [0.07570315152406693, 0.5423014760017395, -0.15151594579219818], [-0.8555235266685486, 0.4444679021835327, 0.17168550193309784], [-0.3821936249732971, -0.10141503065824509, -0.1032361388206482]], "jaw_pose": [0.052855826914310455, -0.00410110829398036, 0.09421944618225098], "leye_pose": [-2.533988208597293e-06, 2.822855549311498e-06, -1.7078509699786082e-06], "reye_pose": [5.82542361371452e-06, -4.2516876419540495e-07, -8.057497325353324e-06], "lhand_pose": [[-0.10740868747234344, 0.11992648243904114, 0.01828424260020256], [0.07310609519481659, 0.005183388479053974, 0.23111797869205475], [0.007609329652041197, 0.02356696128845215, 0.35529690980911255], [-0.034245871007442474, -0.131889209151268, -0.1782456785440445], [0.0547841340303421, -0.11078612506389618, 0.5234248638153076], [0.004263509064912796, 0.04493113234639168, 0.35083621740341187], [0.23726235330104828, -0.503820538520813, 0.2750003933906555], [-0.32791635394096375, 0.08048471063375473, 0.16875684261322021], [0.2096383273601532, -0.02333582006394863, 0.07017439603805542], [0.1854175329208374, -0.24361732602119446, -0.09617956727743149], [0.017551863566040993, -0.08034682273864746, 0.5022199153900146], [0.039984557777643204, 0.13476598262786865, 0.30566519498825073], [-0.29487383365631104, 0.39720672369003296, 0.23186495900154114], [-0.016311315819621086, 0.005352926440536976, -0.166717067360878], [-0.20480623841285706, -0.2892611622810364, 0.42133593559265137]], "rhand_pose": [[-0.015964606776833534, -0.12557247281074524, -0.10983876883983612], [0.006385220680385828, -0.016369719058275223, -0.26161232590675354], [0.058090005069971085, -0.05721684545278549, -0.20592720806598663], [-0.023037713021039963, -0.070390485227108, 0.16349610686302185], [0.07931749522686005, -0.0590779073536396, -0.3048805594444275], [0.04322380945086479, -0.01133450586348772, -0.2089003026485443], [-0.151014044880867, -0.027631014585494995, 0.07466019690036774], [0.5218403339385986, -0.10810787975788116, -0.13346531987190247], [-0.11884764581918716, -0.1492200493812561, -0.2956449091434479], [0.0273000318557024, -0.012724515981972218, 0.15487375855445862], [0.11032052338123322, -0.07355617731809616, -0.5953969359397888], [0.04828453063964844, -0.06371133774518967, -0.1895410418510437], [-0.246429905295372, -0.09748481214046478, -0.3127115070819855], [-0.018506035208702087, -0.2697623670101166, 0.11997079104185104], [-0.12581954896450043, 0.14763784408569336, -0.2533508837223053]], "expr": [-0.24797987937927246, 0.020862022414803505, 0.12940824031829834, 0.7673307061195374, -0.8951923251152039, -0.5596542358398438, 0.21523207426071167, -0.4445079565048218, 0.46421006321907043, 0.2694752514362335, -0.12383052706718445, 0.7146136164665222, -0.02389337494969368, 0.07658833265304565, 0.22391650080680847, -0.6168631315231323, -0.5690234303474426, -0.26525333523750305, -0.12962490320205688, 0.8189490437507629, 0.07329870760440826, -0.5318358540534973, 0.558462917804718, -0.1145760640501976, -0.34477511048316956, 0.12185893952846527, 0.2030550241470337, 0.01696794480085373, -0.14150068163871765, 0.11535993218421936, 0.17104890942573547, 0.11124864220619202, 0.28760597109794617, -0.24959860742092133, 0.30269819498062134, 0.0031422178726643324, 0.21442416310310364, 0.17843148112297058, -0.025279434397816658, 0.009747822768986225, -0.19666162133216858, 0.2676098346710205, 0.1144118681550026, -0.14150327444076538, 0.02388414554297924, 0.16238082945346832, 0.3746030032634735, -0.05627075210213661, 0.252571165561676, 0.10773266106843948], "trans": [0.08478027582168579, 0.3578384518623352, 4.025158882141113]}