{"root_pose": [-2.453347682952881, -0.0889153853058815, -1.692540168762207], "body_pose": [[-0.21571050584316254, -0.15637542307376862, -0.04298007860779762], [-0.2205231934785843, 0.06534921377897263, 0.0032964074052870274], [0.01409240160137415, 0.027402665466070175, -0.02883058972656727], [0.09504695981740952, -0.24577687680721283, 0.014277491718530655], [0.09491626173257828, -0.20790275931358337, -0.24680195748806], [0.010418650694191456, -0.01917150244116783, 0.004000528249889612], [-0.1941736340522766, -0.12299960851669312, 0.047020699828863144], [0.1060074120759964, -0.22384531795978546, 0.06403333693742752], [0.00954438652843237, 0.0005395861226134002, -0.010791727341711521], [0.08845529705286026, 0.4520703852176666, 0.19605964422225952], [0.028374625369906425, 0.7516801357269287, -0.017228346318006516], [0.007802365347743034, -0.10589583218097687, -0.00322546879760921], [0.022465432062745094, 0.15484945476055145, -0.1103394627571106], [0.009758013300597668, -0.018613385036587715, 0.15115387737751007], [-0.002339891856536269, 0.35814082622528076, 0.09982788562774658], [0.07923484593629837, 0.03636913746595383, -0.9184763431549072], [0.0734964907169342, 0.13633087277412415, 0.9402209520339966], [0.06109026446938515, -0.6228840351104736, 0.3479251265525818], [0.11876031011343002, 0.5921664237976074, -0.15656058490276337], [-0.4598870873451233, -0.32760247588157654, -0.5790793299674988], [-0.25416138768196106, -0.022114699706435204, -0.2075159102678299]], "jaw_pose": [0.05841578170657158, 0.01215145830065012, 0.07609622180461884], "leye_pose": [7.058943992888089e-06, -6.242237759579439e-06, -1.2637496183742769e-05], "reye_pose": [-6.507966645585839e-06, -1.7147704056696966e-06, 5.6831004258128814e-06], "lhand_pose": [[-0.11680472642183304, 0.11145245283842087, -0.220360666513443], [0.05625114217400551, 0.04533868283033371, 0.2687905430793762], [0.05825061351060867, 0.05370994284749031, 0.29105451703071594], [-0.03289131447672844, -0.08490322530269623, -0.37039101123809814], [0.07421351224184036, 0.01743321493268013, 0.4360615313053131], [-0.015792010352015495, 0.04230520501732826, 0.24547530710697174], [0.270358145236969, -0.32040587067604065, 0.06885717064142227], [-0.31415754556655884, 0.005046355538070202, 0.09776046127080917], [0.15416108071804047, -0.0437622144818306, 0.017297156155109406], [0.1487847864627838, -0.08539734035730362, -0.2828787863254547], [-0.006888171192258596, -0.03647273778915405, 0.408053457736969], [0.02621622383594513, 0.12059547752141953, 0.2350033074617386], [-0.37777745723724365, 0.05465028062462807, 0.19200459122657776], [0.008863015100359917, 0.062009334564208984, -0.2935309410095215], [-0.2003048211336136, -0.21055950224399567, 0.47361624240875244]], "rhand_pose": [[-0.03984012082219124, -0.24370944499969482, -0.09028869867324829], [-0.017185121774673462, -0.04225608706474304, -0.2292175441980362], [0.08835680782794952, -0.04600568115711212, -0.14178438484668732], [-0.02003275789320469, -0.027840951457619667, 0.13241788744926453], [0.07992378622293472, -0.04836411029100418, -0.3034161329269409], [0.028192728757858276, 0.005752946715801954, -0.17218641936779022], [-0.1385393589735031, 0.029915399849414825, 0.10325976461172104], [0.44520723819732666, -0.07062339037656784, -0.11604232341051102], [-0.1331707090139389, -0.10633134096860886, -0.2443898618221283], [0.04876576364040375, 0.011100768111646175, 0.1711627095937729], [0.08107133954763412, -0.05053502321243286, -0.5582930445671082], [0.0421849824488163, -0.052721381187438965, -0.16138629615306854], [-0.23522330820560455, -0.28965651988983154, -0.19437290728092194], [-0.00553313409909606, -0.12790299952030182, 0.2121901512145996], [-0.13165682554244995, 0.08315830677747726, -0.3667144775390625]], "expr": [-0.3291960656642914, 0.019816763699054718, 0.150920107960701, 0.727308452129364, -0.9785470962524414, -0.49931859970092773, 0.36425909399986267, -0.45823681354522705, 0.5291669368743896, 0.26071831583976746, -0.0729217603802681, 0.5151509046554565, -0.09748665988445282, 0.015541204251348972, 0.28195953369140625, -0.5930943489074707, -0.46006038784980774, -0.27142858505249023, -0.10703793168067932, 0.7489194273948669, 0.07466600835323334, -0.5204484462738037, 0.5391417741775513, -0.202678844332695, -0.35422849655151367, 0.11480874568223953, 0.19638440012931824, 0.061631351709365845, -0.0905371755361557, 0.15538649260997772, 0.12100411206483841, 0.10516316443681717, 0.2141999751329422, -0.1744782030582428, 0.22762437164783478, -0.008911233395338058, 0.19318923354148865, 0.17582222819328308, -0.0851421058177948, -0.033662356436252594, -0.20683562755584717, 0.2757321298122406, 0.09816010296344757, -0.1562761813402176, 0.03571988269686699, 0.1577325314283371, 0.35793814063072205, -0.0520152822136879, 0.2674582600593567, 0.03626999258995056], "trans": [0.08286666870117188, 0.34289252758026123, 4.0745038986206055]}