{"root_pose": [-2.239750385284424, -0.15858924388885498, -1.9721418619155884], "body_pose": [[-0.3460023105144501, -0.15590770542621613, -0.02752389945089817], [-0.4154393672943115, 0.019322356209158897, 0.04543934389948845], [0.011722296476364136, -0.010000910609960556, -0.023010598495602608], [0.20258978009223938, -0.398262619972229, -0.0007220819243229926], [0.42246490716934204, -0.11932758241891861, -0.22919973731040955], [0.005820058286190033, -0.024398041889071465, 0.019512416794896126], [-0.2520020306110382, -0.24661532044410706, 0.02886907570064068], [-0.03655916452407837, -0.2829468548297882, 0.029181385412812233], [0.006314678583294153, -0.0014303644420579076, 0.002289348980411887], [0.04440860450267792, 0.30318310856819153, 0.3206070065498352], [0.012341099791228771, 0.5075027942657471, 0.00048071329365484416], [0.008348023518919945, -0.10059621185064316, 0.007804341148585081], [-0.1233825534582138, 0.1564367264509201, -0.16108042001724243], [-0.00999339297413826, -0.01570812240242958, 0.16174903512001038], [-0.0053800735622644424, 0.25987109541893005, 0.11134321987628937], [-0.033178992569446564, -0.018599828705191612, -0.9316178560256958], [0.05518341064453125, 0.15495380759239197, 0.9065701365470886], [-0.08007635921239853, -0.30920466780662537, 0.3128102421760559], [0.044693343341350555, 0.5993368625640869, -0.16238144040107727], [-0.24707190692424774, -0.1003916934132576, 0.3205398619174957], [-0.3306655287742615, -0.10369288921356201, -0.16303560137748718]], "jaw_pose": [-0.025477256625890732, 0.025856060907244682, 0.08984415233135223], "leye_pose": [5.610817197521101e-07, -6.715127710776869e-06, -7.383280717476737e-06], "reye_pose": [-8.826318094179442e-07, 6.144989129097667e-06, -9.413308816874633e-07], "lhand_pose": [[-0.016209369525313377, 0.3178110420703888, 0.22905723750591278], [0.10694527626037598, 0.007916801609098911, 0.15257054567337036], [-0.014469169080257416, 0.02804928459227085, 0.2776084840297699], [-0.026506608352065086, 0.0647086501121521, 0.2199770212173462], [0.08378086984157562, 0.0500514842569828, 0.5919908285140991], [0.023653358221054077, 0.028788022696971893, 0.33714398741722107], [0.21761702001094818, -0.18480554223060608, 0.2036842405796051], [-0.008555050939321518, 0.08485245704650879, 0.20101286470890045], [0.09876895695924759, 0.020858431234955788, 0.142274409532547], [0.15827058255672455, 0.13700884580612183, 0.3167227804660797], [0.0648038387298584, 0.030058488249778748, 0.6522915959358215], [0.03213666006922722, 0.0890868753194809, 0.2684609889984131], [-0.7168673872947693, 0.21548013389110565, 0.23855243623256683], [0.0545634888112545, 0.14115116000175476, -0.07429000735282898], [-0.023071542382240295, 0.025497041642665863, 0.07809657603502274]], "rhand_pose": [[-0.01959517039358616, -0.25817227363586426, -0.0037206439301371574], [0.03276342153549194, -0.024882860481739044, -0.08530528098344803], [0.03546978533267975, -0.02018631435930729, -0.22033946216106415], [-0.0946960300207138, -0.04515327513217926, 0.3008895516395569], [0.10972549021244049, -0.07597667723894119, -0.3559851050376892], [0.05253320559859276, -0.0005889672902412713, -0.22075285017490387], [-0.29706647992134094, 0.026103749871253967, 0.1882384568452835], [0.6085681319236755, -0.14233697950839996, -0.12783582508563995], [-0.18969550728797913, -0.16660459339618683, -0.32687678933143616], [-0.01161868404597044, 0.03719706833362579, 0.40081143379211426], [0.07684146612882614, -0.08878732472658157, -0.6419942378997803], [0.039975740015506744, -0.10315975546836853, -0.20907993614673615], [-0.1398635357618332, -0.10925707221031189, -0.19740600883960724], [-0.08525367081165314, -0.2892632782459259, 0.11629433929920197], [-0.09741109609603882, 0.2160535454750061, -0.3644747734069824]], "expr": [-0.6667169332504272, -0.12913736701011658, 0.14213579893112183, 0.6570461392402649, -1.0749298334121704, -0.3264243006706238, 0.40023791790008545, -0.541046142578125, 0.6648234724998474, 0.28325021266937256, -0.1504192352294922, 0.4016058146953583, -0.23809432983398438, 0.04316217452287674, 0.3248884677886963, -0.6399296522140503, -0.379749596118927, -0.3095669746398926, -0.07282629609107971, 0.7413281798362732, 0.06813501566648483, -0.5583823323249817, 0.5881178379058838, -0.23035503923892975, -0.37692591547966003, 0.1159595474600792, 0.2704608738422394, 0.03484766557812691, -0.04507632553577423, 0.23718787729740143, 0.10683855414390564, 0.10568567365407944, 0.24063710868358612, -0.1598830223083496, 0.20838023722171783, -0.0033754021860659122, 0.1309564858675003, 0.19703638553619385, -0.13805687427520752, -0.030586520209908485, -0.15311405062675476, 0.26715826988220215, 0.09340744465589523, -0.15021711587905884, 0.023566575720906258, 0.15289241075515747, 0.38491982221603394, -0.0924709290266037, 0.2600114047527313, 0.06789563596248627], "trans": [0.07230407744646072, 0.342093825340271, 4.033458709716797]}