{"root_pose": [-1.9807761907577515, -0.16640165448188782, -2.2775442600250244], "body_pose": [[-0.28116145730018616, -0.17192797362804413, -0.000448025792138651], [-0.3482130765914917, -0.06322959065437317, -0.04019395634531975], [0.014290761202573776, -0.012489118613302708, -0.016696270555257797], [0.10895302891731262, -0.027900150045752525, 0.04090004786849022], [0.22591009736061096, -0.2537173628807068, 0.06809388101100922], [0.010285872034728527, -0.039548687636852264, 0.011793117970228195], [-0.06604944914579391, 0.147197425365448, 0.037822991609573364], [-0.1635558307170868, -0.2458912879228592, -0.12445037066936493], [0.009110222570598125, -0.011126452125608921, -0.0012681294465437531], [-0.004974944517016411, -0.5610244274139404, 0.00022072356659919024], [0.014533750712871552, 0.559492826461792, -0.06077611446380615], [0.005168345291167498, 7.96628009993583e-05, 0.16030652821063995], [-0.04844266176223755, 0.09218809008598328, -0.12291533499956131], [-0.010991701856255531, -0.09397052973508835, 0.16378538310527802], [-0.005763284862041473, 0.1088036522269249, -0.02346784994006157], [-0.032217588275671005, -0.04045657441020012, -0.8889672160148621], [0.07002519816160202, 0.20622014999389648, 0.9361680746078491], [-0.15186914801597595, -0.2707309126853943, 0.34837034344673157], [0.1018342524766922, 0.6399082541465759, -0.137157142162323], [-0.2768532335758209, -0.07526496797800064, 0.1664862185716629], [-0.4254957437515259, -0.11762874573469162, -0.11012986302375793]], "jaw_pose": [-0.07824359089136124, 0.014450338669121265, 0.12371598184108734], "leye_pose": [-2.403226972091943e-06, 3.370430931681767e-06, 6.519606358779129e-06], "reye_pose": [-5.146746389073087e-07, -5.580714514508145e-06, 7.031077529973118e-06], "lhand_pose": [[-0.14684930443763733, 0.2007434368133545, 0.02355307899415493], [0.01155920885503292, 0.07323846966028214, 0.4178619384765625], [0.13490551710128784, 0.06462280452251434, 0.20588524639606476], [0.11379037797451019, -0.03763524442911148, 0.06152280420064926], [0.06059693917632103, -0.009448486380279064, 0.592194676399231], [-0.026227187365293503, 0.07916558533906937, 0.2378377467393875], [0.6832879185676575, -0.12895077466964722, 0.23170574009418488], [-0.12382698804140091, -0.08852031826972961, 0.239976167678833], [0.12860703468322754, -0.009953927248716354, 0.12705202400684357], [0.3104586601257324, 0.006906228605657816, 0.2676219642162323], [0.058652859181165695, 0.003966966178268194, 0.5628064274787903], [0.03649080544710159, 0.08632014691829681, 0.21418999135494232], [-0.7636800408363342, 0.2616735100746155, 0.2645118534564972], [0.11944558471441269, 0.14741151034832, -0.46811920404434204], [-0.23973210155963898, -0.08846404403448105, 0.5378881096839905]], "rhand_pose": [[-0.02635125257074833, -0.267045795917511, 0.13909320533275604], [0.04048093035817146, -0.025378035381436348, -0.08718901127576828], [0.04782592132687569, -0.020771358162164688, -0.23204536736011505], [-0.0794728472828865, -0.02008741721510887, 0.33931857347488403], [0.11019372940063477, -0.07228334248065948, -0.3940030634403229], [0.04212310537695885, -0.00937050860375166, -0.24016989767551422], [-0.16957862675189972, 0.1336427927017212, 0.1279771775007248], [0.4471540153026581, -0.13224686682224274, -0.1255396455526352], [-0.10143377631902695, -0.15067864954471588, -0.25355178117752075], [0.04064308479428291, 0.05440851300954819, 0.34999459981918335], [0.06929460912942886, -0.06811858713626862, -0.5962929725646973], [0.04465613514184952, -0.10715234279632568, -0.22368201613426208], [-0.19716514647006989, -0.09777220338582993, -0.2034587860107422], [0.11115159094333649, -0.17207472026348114, 0.17255154252052307], [-0.11527221649885178, 0.19698333740234375, -0.37585189938545227]], "expr": [-0.47603583335876465, 0.6515763401985168, 0.10518781840801239, 0.8114273548126221, -1.2849094867706299, -0.3938944935798645, 0.3283965289592743, -0.5673034191131592, 0.754906952381134, -0.0913098007440567, -0.01674584113061428, 0.3894619643688202, -0.13321293890476227, 0.06750643253326416, 0.322020560503006, -0.5186741948127747, -0.4126116633415222, -0.24796053767204285, -0.0026434967294335365, 0.6420285105705261, -0.0065131294541060925, -0.5469832420349121, 0.512142539024353, -0.2263181060552597, -0.3879271149635315, 0.08398868143558502, 0.27510708570480347, 0.004586013965308666, 0.05313052237033844, 0.21300767362117767, 0.031197134405374527, 0.1305202841758728, 0.2721027135848999, 0.010904813185334206, 0.17357634007930756, 0.06764771044254303, 0.11056146025657654, 0.15303203463554382, -0.11933162808418274, -0.1234172061085701, -0.13617192208766937, 0.2509247064590454, 0.09341257065534592, -0.10926009714603424, 0.007223477587103844, 0.10759162902832031, 0.3686589002609253, -0.15338720381259918, 0.2390589714050293, 0.04628963768482208], "trans": [0.07633788138628006, 0.3506578803062439, 3.971553087234497]}