{"root_pose": [-1.6403107643127441, -0.15140780806541443, -2.530522346496582], "body_pose": [[-0.38958287239074707, -0.38604751229286194, -0.06049724295735359], [-0.3110620081424713, 0.01328169647604227, -0.0382799357175827], [0.008044995367527008, -0.008939716033637524, 0.018746715039014816], [0.2502553462982178, -0.00034025058266706765, 0.03941578418016434], [0.17409121990203857, 0.0433306023478508, 0.11260922253131866], [0.0039936513639986515, -0.0588446743786335, 0.0012807572493329644], [-0.08445797115564346, 0.13288843631744385, -0.0002048581518465653], [0.0639360100030899, 0.01352405734360218, -0.09042469412088394], [0.0006737627554684877, -0.019082551822066307, -0.013988976366817951], [-0.003218909492716193, -0.6950616240501404, -0.0014538870891556144], [0.09726637601852417, -0.45797351002693176, -0.021595239639282227], [0.009312132373452187, 0.027377622202038765, 0.27752813696861267], [-0.01267791073769331, 0.0093418313190341, -0.16284553706645966], [-0.04376837611198425, -0.09978514164686203, 0.13581958413124084], [-0.0009603335638530552, 0.08507300168275833, -0.21853779256343842], [-0.07737378031015396, -0.045085880905389786, -0.8267704844474792], [0.051503170281648636, 0.23900206387043, 0.9247651100158691], [-0.17740148305892944, -0.20415626466274261, 0.36862409114837646], [0.14837901294231415, 0.5687280297279358, -0.08713771402835846], [-0.2847566306591034, -0.07004216313362122, 0.19004148244857788], [-0.40972453355789185, -0.2538197338581085, -0.26890799403190613]], "jaw_pose": [0.031385283917188644, -0.008791252970695496, 0.06934051960706711], "leye_pose": [-8.344642992597073e-06, 9.782751249076682e-07, 7.955437467899173e-06], "reye_pose": [-3.1748140827403404e-07, -5.301484634401277e-06, 1.7587067304702941e-06], "lhand_pose": [[-0.07890120148658752, 0.09180255234241486, -0.013807173818349838], [0.027715101838111877, 0.06747470796108246, 0.3295169770717621], [0.07793577760457993, 0.0450996495783329, 0.14818410575389862], [0.12818516790866852, -0.15645822882652283, 0.043710555881261826], [0.04364907741546631, -0.013154490850865841, 0.507010281085968], [-0.03211761638522148, 0.046802815049886703, 0.18101543188095093], [0.4026426076889038, -0.06278117001056671, 0.22100555896759033], [-0.052909236401319504, 0.0024558694567531347, 0.1915353238582611], [0.06198657676577568, -0.023212019354104996, 0.09975498914718628], [0.22477459907531738, -0.0365004763007164, 0.24017544090747833], [0.0335783027112484, -0.033517785370349884, 0.4475790858268738], [0.01639574021100998, 0.05642414465546608, 0.1496317982673645], [-0.5144802331924438, 0.21578623354434967, 0.3432612419128418], [0.056500885635614395, 0.055782295763492584, -0.362873911857605], [-0.16392266750335693, 0.07640380412340164, 0.2983956038951874]], "rhand_pose": [[-0.12518690526485443, -0.1819826066493988, 0.15341931581497192], [0.13012385368347168, -0.02860337123274803, -0.1826835572719574], [-0.006419260986149311, -0.016407905146479607, -0.36910685896873474], [-0.05850754678249359, 0.0864490196108818, 0.38972410559654236], [0.09897703677415848, 0.011253982782363892, -0.6438248753547668], [0.004772549495100975, -0.04662894830107689, -0.33215999603271484], [0.5064708590507507, 0.2820209860801697, -0.2339792102575302], [-0.20166289806365967, -0.10615875571966171, -0.3053385019302368], [0.24114511907100677, 0.0009763386915437877, -0.13578340411186218], [0.19833654165267944, 0.19249853491783142, 0.23162586987018585], [0.02365066111087799, 0.02946477383375168, -0.5138126015663147], [0.0319095104932785, -0.1294027417898178, -0.29670390486717224], [-0.3213385045528412, -0.04908338934183121, -0.19178849458694458], [0.07356761395931244, -0.059995684772729874, 0.21064837276935577], [-0.13214151561260223, 0.17966724932193756, -0.3423244059085846]], "expr": [0.3489236533641815, 0.3677842617034912, 0.16130797564983368, 0.6816703081130981, -0.9123862385749817, -0.4340561330318451, 0.212595134973526, -0.4172389805316925, 0.4428747296333313, 0.2654059827327728, 0.11801770329475403, 0.31149035692214966, 0.19560368359088898, 0.08565767109394073, 0.25862768292427063, -0.35681429505348206, -0.32406482100486755, -0.19165925681591034, -0.16042950749397278, 0.4391506314277649, 0.03739084675908089, -0.13965675234794617, 0.26696380972862244, -0.07953892648220062, -0.2877936363220215, 0.08028761297464371, 0.27636194229125977, 0.059891317039728165, 0.055762212723493576, 0.10092391073703766, 0.15793828666210175, -0.18938957154750824, -0.011054069735109806, 0.10743075609207153, 0.008893197402358055, -0.010046209208667278, 0.10608906298875809, 0.03168825805187225, -0.005666865035891533, -0.0009369735489599407, -0.24158020317554474, 0.17167025804519653, -0.007650109939277172, -0.14121267199516296, -0.013999358750879765, 0.13192325830459595, 0.021838553249835968, -0.08985653519630432, 0.08644349873065948, -0.13393859565258026], "trans": [0.07692131400108337, 0.3585139513015747, 3.9602465629577637]}