{"root_pose": [-1.265383243560791, -0.1874072551727295, -2.711745500564575], "body_pose": [[-0.47446614503860474, -0.39357027411460876, -0.06153378635644913], [-0.32432615756988525, -0.03883654624223709, -0.02863575518131256], [0.004739231895655394, -0.0018811440095305443, 0.00556980911642313], [0.26289433240890503, -0.013203016482293606, -0.009457621723413467], [0.05204985290765762, -0.025290612131357193, 0.1479470580816269], [0.004027768969535828, -0.05593296140432358, 0.014032760635018349], [-0.008677966892719269, 0.07943280786275864, -0.05631439387798309], [0.16840097308158875, -0.14676129817962646, -0.1298748254776001], [0.00027491216314956546, -0.015597835183143616, -0.002188494661822915], [0.03772326186299324, -0.8191389441490173, 0.0715625062584877], [0.09080519527196884, -0.5107723474502563, -0.021699784323573112], [0.01293989084661007, -0.11197088658809662, 0.15839965641498566], [-0.02479512430727482, 0.01843712292611599, -0.2334641069173813], [-0.052138954401016235, -0.0894671306014061, 0.20702438056468964], [-0.0008790773572400212, 0.054896142333745956, -0.13266637921333313], [-0.11251555383205414, -0.07882995903491974, -0.8350226879119873], [-0.029106322675943375, 0.14029203355312347, 0.8145641684532166], [-0.1100543886423111, -0.2927737832069397, 0.4343468248844147], [0.06959894299507141, 0.5329785346984863, -0.1637382209300995], [0.04138625040650368, -0.07942125201225281, 0.1763525903224945], [-0.4524461328983307, -0.26912009716033936, -0.2601883113384247]], "jaw_pose": [0.15637287497520447, -0.014712297357618809, -0.034494075924158096], "leye_pose": [8.05863419373054e-06, 1.3284788110468071e-05, -7.8874800237827e-06], "reye_pose": [-3.185265882166277e-07, -5.295783921610564e-06, 1.7460449726058869e-06], "lhand_pose": [[-0.01625046506524086, 0.09090147167444229, -0.26892250776290894], [0.147592693567276, 0.09207803010940552, -0.7667060494422913], [-0.030688706785440445, -0.04891714081168175, 0.069307342171669], [-0.001019732910208404, -0.011511601507663727, -0.5239546895027161], [0.08952440321445465, 0.38852038979530334, -0.28461533784866333], [-0.00491546094417572, 0.02862846478819847, -0.053867146372795105], [-0.03995748609304428, -0.13109742105007172, -0.08919958770275116], [-0.14930079877376556, -0.002429008251056075, -0.034067392349243164], [-0.04537397623062134, -0.026509415358304977, -0.11121774464845657], [0.4154417812824249, -0.056981366127729416, -0.3303452432155609], [-0.09045819938182831, 0.016632162034511566, -0.5059218406677246], [-0.03823743015527725, 0.055358536541461945, -0.07922537624835968], [-0.7828361988067627, 0.1785012036561966, 0.16377262771129608], [0.0008836436318233609, -0.032512761652469635, -0.15362048149108887], [0.06824171543121338, 0.07038239389657974, 0.00861048512160778]], "rhand_pose": [[-0.11474955081939697, -0.17332853376865387, 0.16697126626968384], [0.14486949145793915, -0.11079154908657074, -0.18590112030506134], [-0.008859903551638126, -0.0430123396217823, -0.34292903542518616], [-0.010683845728635788, 0.10300735384225845, 0.3004309833049774], [0.07827819138765335, -0.00392661290243268, -0.5671747326850891], [-0.007650779560208321, -0.046771448105573654, -0.2879096567630768], [0.6105773448944092, 0.23244228959083557, -0.3472347855567932], [-0.26060226559638977, -0.11909826099872589, -0.28633251786231995], [0.29283440113067627, 0.03998600319027901, -0.07742789387702942], [0.25351303815841675, 0.08234255015850067, 0.0471879281103611], [0.006252288352698088, 0.015298765152692795, -0.4492809772491455], [0.02418523281812668, -0.12474220991134644, -0.26692458987236023], [-0.36644601821899414, -0.012675617821514606, -0.19578306376934052], [0.33208394050598145, -0.10113643854856491, 0.22766311466693878], [-0.15750351548194885, 0.2200590968132019, -0.3425885736942291]], "expr": [0.42966216802597046, 0.4562394618988037, 0.1593768447637558, 0.715409517288208, -1.1125214099884033, -0.6644062995910645, 0.27710816264152527, -0.5048322081565857, 0.662564754486084, 0.1655420958995819, 0.005069352220743895, 0.294994056224823, 0.19331559538841248, 0.0038425002712756395, 0.40331023931503296, -0.3956621289253235, -0.49414828419685364, -0.12506522238254547, -0.17739228904247284, 0.45659705996513367, 0.06046036630868912, -0.23032419383525848, 0.29605597257614136, -0.07629969716072083, -0.32704952359199524, 0.1385379135608673, 0.14058275520801544, 0.08172561973333359, 0.0557749904692173, 0.07533840090036392, 0.11023624986410141, -0.19028529524803162, 0.04300382733345032, 0.054662078619003296, 0.051915816962718964, -0.0006985229556448758, 0.12267307192087173, 0.1044350415468216, 0.028725700452923775, -0.0638665184378624, -0.17155975103378296, 0.1635473370552063, -0.0060094138607382774, -0.11093401908874512, -0.04951925575733185, 0.08393895626068115, 0.05636671930551529, -0.060937847942113876, 0.062037162482738495, -0.10103204846382141], "trans": [0.065899558365345, 0.35643962025642395, 3.8993890285491943]}