{"root_pose": [0.24878647923469543, -0.03962588682770729, -2.9917654991149902], "body_pose": [[-0.3355874717235565, -0.5967549681663513, -0.273314893245697], [-0.20684312283992767, -0.20079557597637177, -0.03029845841228962], [0.006238134577870369, -0.18362471461296082, -0.026633189991116524], [0.4209742546081543, -0.16946755349636078, 0.03469645604491234], [0.26018109917640686, -0.24290063977241516, -0.049427106976509094], [0.006972216069698334, -0.22391581535339355, 0.004597057122737169], [-0.09157063812017441, -0.059317320585250854, 0.04310676455497742], [-0.008259415626525879, -0.6141825914382935, -0.050078291445970535], [0.003572381567209959, -0.17906413972377777, -0.003935927525162697], [0.006397899705916643, -1.0027109384536743, 0.008328552357852459], [0.031528204679489136, -0.5876295566558838, -0.00951435323804617], [0.0003512068360578269, -0.4624015986919403, 0.02939748205244541], [0.014674536883831024, -0.0801735669374466, -0.14914967119693756], [0.016517525538802147, -0.26970505714416504, 0.1773814558982849], [-0.009055586531758308, 0.04340372234582901, 0.037315189838409424], [7.003431528573856e-05, -0.08283644914627075, -0.8220822215080261], [-0.012163247913122177, 0.054133713245391846, 0.9014588594436646], [0.04303142800927162, -0.4336226284503937, 0.2663901150226593], [-0.10408236086368561, 0.44966253638267517, -0.2241949439048767], [-0.053094230592250824, -0.16599427163600922, 0.05024634301662445], [-0.4932728409767151, -0.20193463563919067, -0.3598826825618744]], "jaw_pose": [0.05785851180553436, -0.010573324747383595, 0.025480907410383224], "leye_pose": [3.325763827888295e-06, -5.829042493132874e-06, -1.124929440265987e-06], "reye_pose": [2.9827547223248985e-06, 6.018090061843395e-06, 1.233645343745593e-05], "lhand_pose": [[-0.07487232238054276, 0.0636352002620697, -0.1979628950357437], [0.06886619329452515, -0.005775589030236006, -0.08025172352790833], [-0.00873331818729639, 0.012520691379904747, 0.1358535885810852], [0.23252306878566742, -0.06210687384009361, -0.3506787419319153], [0.026787901297211647, 0.03908620402216911, -0.48550838232040405], [-0.009153862483799458, 0.04700455442070961, 0.07500838488340378], [0.13449709117412567, -0.1621805727481842, 0.24676506221294403], [-0.14270874857902527, -0.7501537203788757, -0.007079542614519596], [-0.00486172828823328, -0.011461958289146423, -0.05216436833143234], [0.030544815585017204, -0.1679125279188156, 0.43812334537506104], [-0.021055225282907486, -0.02686372399330139, 0.4030376374721527], [0.003028331557288766, 0.04173795133829117, 0.0587470680475235], [-0.5601219534873962, 0.09031924605369568, 0.15673638880252838], [0.050556428730487823, -0.06253594160079956, -0.10185406357049942], [-0.05175017938017845, -0.08397287875413895, 0.15232957899570465]], "rhand_pose": [[-0.08103716373443604, -0.24372516572475433, 0.2202429473400116], [0.13852965831756592, -0.07505358010530472, -0.16311423480510712], [-0.009516466408967972, 0.006301393266767263, -0.3149733543395996], [0.007287710439413786, -0.028908662497997284, 0.2818649411201477], [0.08027371019124985, -0.021756090223789215, -0.568354606628418], [-0.011436425149440765, -0.05016455426812172, -0.2544865906238556], [0.6298099160194397, 0.1769474744796753, -0.27733534574508667], [-0.2788875102996826, -0.14135336875915527, -0.32199883460998535], [0.2746621370315552, 0.025222107768058777, -0.05230310186743736], [0.26720166206359863, -0.06878259778022766, 0.013632554560899734], [-0.010193981230258942, 0.05596552789211273, -0.4458206295967102], [0.012024887837469578, -0.12592916190624237, -0.2250472903251648], [-0.3814049959182739, -0.03283145651221275, -0.19322578608989716], [0.35991621017456055, -0.11771782487630844, 0.2785213887691498], [-0.1135905310511589, 0.0884530171751976, -0.31598466634750366]], "expr": [0.25731801986694336, 0.5014663338661194, 0.10574956238269806, 0.6105170249938965, -0.9311201572418213, -0.5268878936767578, 0.26222097873687744, -0.3226921558380127, 0.4765244424343109, 0.07049418240785599, 0.04613693058490753, 0.27733415365219116, 0.2195085883140564, 0.02002476155757904, 0.3501829504966736, -0.36193907260894775, -0.42076602578163147, -0.1274227499961853, -0.1349979192018509, 0.4930086135864258, 0.04290146380662918, -0.15761271119117737, 0.26134586334228516, -0.04126416891813278, -0.3167709410190582, 0.09365081042051315, 0.20432716608047485, -0.003839705139398575, 0.006169420201331377, 0.07234729081392288, 0.15589003264904022, -0.1380750685930252, 0.05955420061945915, -0.029421215876936913, 0.09359805285930634, -0.02179068513214588, 0.18907278776168823, 0.11552918702363968, 0.004282585810869932, 0.03142544627189636, -0.18419089913368225, 0.24516098201274872, 0.012285476550459862, -0.15239188075065613, 0.04944973066449165, 0.13229459524154663, 0.10242098569869995, -0.0372668132185936, 0.15465255081653595, -0.03832964226603508], "trans": [0.09336429834365845, 0.35533246397972107, 3.9542641639709473]}