{"root_pose": [-2.8766961097717285, -0.043913304805755615, 0.12186551094055176], "body_pose": [[-0.13527844846248627, -0.059960655868053436, 0.0028989913407713175], [-0.27216267585754395, 0.03181111440062523, 0.04516332969069481], [0.009333958849310875, 0.030108779668807983, 0.006660506594926119], [0.15557578206062317, -0.05391903221607208, -0.03255157172679901], [0.38209712505340576, 0.0037320666015148163, 0.043299075216054916], [0.0073847114108502865, -0.0037770187482237816, 0.0036018011160194874], [-0.34657204151153564, 0.2140529453754425, -0.0009388096514157951], [-0.32946473360061646, -0.2631819248199463, -0.029027702286839485], [0.007027861662209034, -0.0038760569877922535, 0.00792723149061203], [0.129557803273201, 0.38987186551094055, 0.014960406348109245], [0.005593461915850639, -0.44824641942977905, -0.02886836603283882], [0.0050588371232151985, 0.020947040989995003, -0.06934919208288193], [0.012826906517148018, -0.08549272269010544, -0.11386390030384064], [0.02003585174679756, 0.012390479445457458, 0.11871334165334702], [-0.00492831552401185, 0.02493586577475071, 0.03256902098655701], [0.12268761545419693, -0.12747931480407715, -0.611875057220459], [0.08166827261447906, 0.12695834040641785, 0.6897366046905518], [0.12300989776849747, -0.4585760533809662, 0.13767461478710175], [0.08519933372735977, 0.646136462688446, -0.28071168065071106], [-0.6705688238143921, 0.1254783272743225, 0.006046604830771685], [-0.42431381344795227, -0.035143643617630005, -0.1935432255268097]], "jaw_pose": [0.014907611533999443, 0.003934026230126619, -0.0008041041437536478], "leye_pose": [3.7459113855220494e-07, 3.958208253607154e-06, 6.384351763699669e-06], "reye_pose": [8.874161494532018e-07, 4.436917151906528e-06, 1.798275661712978e-06], "lhand_pose": [[-0.07853046804666519, 0.06925641745328903, -0.0045653157867491245], [0.10085000842809677, -0.0011911923065781593, 0.43180835247039795], [-0.04777517542243004, 0.04445229843258858, 0.5053086280822754], [0.010201171971857548, -0.24124959111213684, -0.09087033569812775], [0.094505675137043, 0.06818760931491852, 0.6430607438087463], [0.036584194749593735, 0.04008268192410469, 0.4174436330795288], [0.3849376440048218, -0.1611042022705078, 0.38550227880477905], [0.033204998821020126, 0.15154744684696198, 0.24609220027923584], [0.18068963289260864, 0.06811314076185226, 0.2276991903781891], [0.15691526234149933, -0.1358276754617691, 0.06944726407527924], [0.10320588946342468, 0.022711338475346565, 0.6191631555557251], [0.07065790146589279, 0.1055336445569992, 0.3441718518733978], [-0.21648932993412018, 0.18040190637111664, 0.10724206268787384], [-0.006000933237373829, 0.04891810566186905, -0.03536492586135864], [-0.24601197242736816, -0.3752794861793518, 0.271409273147583]], "rhand_pose": [[-0.13147477805614471, -0.0773792713880539, 0.031738992780447006], [0.15564677119255066, -0.011205543763935566, -0.24513712525367737], [-0.06142336502671242, 0.0017896133940666914, -0.4327392280101776], [-0.05001925677061081, 0.19423890113830566, 0.15532918274402618], [0.08013154566287994, -0.03354316204786301, -0.5515613555908203], [0.008741400204598904, -0.029408419504761696, -0.26905548572540283], [0.39218562841415405, 0.21946068108081818, -0.24214279651641846], [-0.2331005036830902, -0.09532871097326279, -0.1921241581439972], [0.18328745663166046, -0.005612739361822605, -0.06683091819286346], [0.1661679893732071, 0.11358710378408432, 0.017735568806529045], [0.008259960450232029, 0.03290914371609688, -0.5041648745536804], [0.025323614478111267, -0.12650884687900543, -0.237507164478302], [-0.19544513523578644, 0.05574130266904831, 0.13006235659122467], [0.09586465358734131, 0.08779816329479218, 0.18185687065124512], [-0.13404232263565063, 0.2485898733139038, -0.3286169469356537]], "expr": [-0.29083240032196045, 0.14028321206569672, -0.009916512295603752, -0.03030710108578205, 0.01721479371190071, -0.17893707752227783, 0.3335169553756714, 0.2115439474582672, -0.19955097138881683, -0.0707571730017662, 0.3562704026699066, -0.21666784584522247, -0.054851338267326355, 0.26212620735168457, 0.115826316177845, 0.0106275025755167, 0.1906048059463501, -0.1687682867050171, 0.20389226078987122, 0.11453085392713547, 0.0009818882681429386, -0.06352093070745468, -0.13643358647823334, -0.08078651130199432, 0.07357945293188095, -0.1897159367799759, 0.051938463002443314, -0.1350875198841095, -0.12416158616542816, -0.04297022148966789, 0.03524018079042435, -0.1246311143040657, 0.09234509617090225, -0.03202362731099129, -0.089482881128788, 0.08173652738332748, -0.08128920942544937, 0.03932579234242439, 0.1140374019742012, -0.19848141074180603, -0.3590032160282135, -0.07536981254816055, -0.03367898240685463, -0.11184541136026382, -0.15410098433494568, -0.04504169151186943, -0.0993272215127945, 0.16487379372119904, 0.0023397537879645824, -0.1151532456278801], "trans": [0.07904613018035889, 0.37389183044433594, 3.9457473754882812]}