{"root_pose": [-1.0864444971084595, -0.09363521635532379, -2.852888584136963], "body_pose": [[-0.3848249018192291, -0.270607590675354, 0.024140695109963417], [-0.21659338474273682, 0.0035518005024641752, -0.025300463661551476], [0.013580757193267345, 0.014878050424158573, 0.0080336295068264], [0.29311010241508484, 0.2760087847709656, -0.030453504994511604], [-0.06160799413919449, -0.20621782541275024, 0.20749856531620026], [0.00960874930024147, -0.01873842068016529, 0.020250072702765465], [0.1009015142917633, 0.35060882568359375, -0.021563664078712463], [0.19288282096385956, -0.15030981600284576, -0.10377377271652222], [0.005853079725056887, 0.0017222680617123842, 0.0010620797984302044], [0.017807312309741974, -0.0024207320529967546, 0.20709224045276642], [0.17700685560703278, -0.42380455136299133, -0.10155538469552994], [0.007914399728178978, -0.07736983895301819, 0.16744683682918549], [-0.030224313959479332, -0.02795194275677204, -0.15180067718029022], [-0.02506314590573311, -0.02785428985953331, 0.1592024564743042], [-0.007831818424165249, 0.03393850848078728, -0.14049555361270905], [-0.019320186227560043, -0.1236300989985466, -0.7991493344306946], [0.014954033307731152, 0.20156754553318024, 0.6789283752441406], [0.056830890476703644, -0.5261654257774353, 0.23598887026309967], [-0.030530095100402832, 0.4120383858680725, -0.15879368782043457], [-0.4374130666255951, -0.061588261276483536, 0.04128141701221466], [-0.49347400665283203, -0.23185411095619202, -0.26383790373802185]], "jaw_pose": [8.512261956639122e-06, -3.253400393532502e-07, -5.65758364245994e-06], "leye_pose": [2.0688007680291776e-06, -1.4577931324311066e-06, -7.962757990753744e-06], "reye_pose": [1.2739543308271095e-05, 5.670727887263638e-07, -9.004062349049491e-07], "lhand_pose": [[-0.027327094227075577, 0.2195252627134323, 0.2841961681842804], [-0.09813116490840912, 0.055239394307136536, 0.7495874166488647], [0.15479396283626556, 0.13115929067134857, 0.17707359790802002], [0.17867587506771088, -0.010888983495533466, 0.3341486155986786], [0.04308168590068817, -0.036730192601680756, 0.6077637672424316], [-0.023913588374853134, 0.05442452058196068, 0.3692556917667389], [0.47272664308547974, -0.2269832193851471, 0.3760458827018738], [0.07578535377979279, 0.025116469711065292, 0.23509907722473145], [0.07032638788223267, -0.019167501479387283, 0.2126767784357071], [0.19314104318618774, -0.032920725643634796, 0.3454137146472931], [0.15035665035247803, 0.055602822452783585, 0.5842956900596619], [0.055396318435668945, 0.038988810032606125, 0.324196994304657], [-0.3756507337093353, 0.2303376942873001, 0.2084004133939743], [0.0790262371301651, 0.0772596076130867, -0.4041306674480438], [-0.15680621564388275, 0.03391481935977936, 0.44270268082618713]], "rhand_pose": [[-0.10607553273439407, -0.18365709483623505, 0.23282821476459503], [0.12313757836818695, -0.0418999046087265, -0.18694327771663666], [-0.00823814794421196, 0.026764707639813423, -0.30744698643684387], [0.002649912843480706, 0.011724439449608326, 0.310988187789917], [0.05301505699753761, 0.017297500744462013, -0.5498936772346497], [-0.0229124054312706, -0.021523281931877136, -0.20293891429901123], [0.5741679072380066, 0.12844887375831604, -0.3115982711315155], [-0.2682656943798065, -0.09972534328699112, -0.25920358300209045], [0.19592155516147614, 0.07774123549461365, 0.0030077232513576746], [0.2352335900068283, -0.051144789904356, 0.0271129347383976], [-0.03184176981449127, 0.04200643673539162, -0.4249827265739441], [-0.0049594696611166, -0.10671208798885345, -0.22256940603256226], [-0.31861764192581177, -0.043201882392168045, -0.14685875177383423], [0.15351028740406036, -0.10694275796413422, 0.26627254486083984], [-0.06136871129274368, -0.027116555720567703, -0.24070504307746887]], "expr": [1.4830059626547154e-05, -2.036323530774098e-05, -4.258986336935777e-06, 1.6068464901763946e-05, -7.661822564841714e-06, 1.2377829079923686e-05, 1.686304312897846e-05, 4.221285962557886e-06, 1.2811060514650308e-05, 4.6124905566102825e-06, -1.4335702871903777e-05, 2.5225081117241643e-05, -2.139478738172329e-06, -2.6687228000810137e-06, 2.0074228814337403e-05, 4.673542662203545e-06, -9.551577932143118e-06, -1.9460601833998226e-05, 1.0530366125749424e-06, 6.113093604653841e-06, -1.565514503454324e-05, 1.8242551959701814e-05, -1.3573047908721492e-05, -1.6112282537505962e-05, -9.912810128298588e-06, -5.1293050091771875e-06, 1.1752043974411208e-05, 3.823304359684698e-05, 2.4425580704701133e-05, 3.0087909181020223e-05, 3.065252229816906e-08, 3.131965968350414e-06, -5.779982075182488e-06, -3.704504342749715e-05, 3.223544990760274e-05, 1.2655411410378292e-05, -7.1055046646506526e-06, 2.0492574549280107e-05, 6.4995683715096675e-06, 2.131628889401327e-06, 2.6281133614247665e-05, 1.2689014511124697e-05, 5.653181233356008e-06, 5.877509920537705e-06, 1.5091723071236629e-05, 2.1176228983676992e-06, 6.26207065579365e-06, 6.779530849598814e-06, -2.769853836070979e-06, -1.8561797332949936e-05], "trans": [0.05532723665237427, 0.3696744441986084, 3.8711917400360107]}