{"root_pose": [-0.9560486674308777, -0.15497173368930817, -2.9336042404174805], "body_pose": [[-0.4156489968299866, -0.22452357411384583, 0.043917909264564514], [-0.2661368250846863, 0.03259302303195, 0.022976770997047424], [0.00894945114850998, 0.017701877281069756, 0.007172805722802877], [0.36629772186279297, 0.27216947078704834, -0.07070375233888626], [-0.02047962322831154, -0.16237327456474304, 0.1321289837360382], [0.004250244237482548, -0.020908907055854797, 0.019922131672501564], [0.005503260064870119, 0.2971965968608856, -0.024920299649238586], [0.2213021218776703, -0.1693401336669922, -0.13007839024066925], [2.9707169233006425e-05, 0.002370723756030202, 0.005688792560249567], [0.023479746654629707, -0.0035854827146977186, 0.245235875248909], [0.09722337126731873, -0.5318272709846497, -0.042119745165109634], [-0.0012234800960868597, -0.156242236495018, 0.03688191995024681], [-0.015465956181287766, -0.037694916129112244, -0.17566201090812683], [-0.03792055696249008, -0.005233862437307835, 0.18403635919094086], [-0.011220520362257957, 0.020440667867660522, -0.012344557791948318], [-0.004171948414295912, -0.09451285749673843, -0.7290427088737488], [-0.0126069076359272, 0.18943475186824799, 0.6462618708610535], [-0.04302554577589035, -0.5140817165374756, 0.1931959092617035], [-0.051644567400217056, 0.363887220621109, -0.15089163184165955], [-0.46269795298576355, -0.0408090241253376, 0.025967570021748543], [-0.5006338357925415, -0.13633276522159576, -0.24481874704360962]], "jaw_pose": [1.7585221939953044e-05, -1.1357824405422434e-06, -5.782799689768581e-06], "leye_pose": [-4.5013393901172094e-07, 3.7344218526413897e-06, -5.6276494575513425e-08], "reye_pose": [4.505224069362157e-07, -2.062373880562518e-07, 7.704524250584655e-06], "lhand_pose": [[-0.04173116385936737, 0.31289446353912354, 0.14349038898944855], [-0.058874666690826416, 0.050505127757787704, 0.6163464188575745], [0.11961793899536133, 0.12729589641094208, 0.2373000681400299], [0.13862399756908417, -0.01265424769371748, 0.24609577655792236], [0.04535467177629471, 0.006286046002060175, 0.4939388632774353], [-0.010259329341351986, 0.03863106667995453, 0.3121332824230194], [0.33324578404426575, -0.3750312924385071, 0.44454747438430786], [0.13431024551391602, 0.03789306432008743, 0.18838252127170563], [0.0286096204072237, 0.02626282162964344, 0.21647979319095612], [0.17212726175785065, -0.06965897977352142, 0.3217495083808899], [0.13644543290138245, 0.06565114110708237, 0.5270975828170776], [0.05490538477897644, 0.040903329849243164, 0.28171786665916443], [-0.34050288796424866, 0.15400461852550507, 0.15265564620494843], [0.0541096068918705, 0.04060952365398407, -0.29755160212516785], [-0.17059138417243958, -0.09827835857868195, 0.3826623558998108]], "rhand_pose": [[-0.1621224731206894, -0.10311020910739899, 0.28450220823287964], [0.15172991156578064, -0.03423164412379265, -0.14924243092536926], [-0.02173340506851673, 0.02988561801612377, -0.29137977957725525], [-0.011017129756510258, 0.05119078978896141, 0.3011678457260132], [0.05751929059624672, 0.013073361478745937, -0.4730522334575653], [-0.019817238673567772, -0.013055291026830673, -0.1752936840057373], [0.55888831615448, 0.11203160136938095, -0.20181360840797424], [-0.25109413266181946, -0.111518494784832, -0.2675246000289917], [0.2207392305135727, 0.06814888119697571, 0.0038605830632150173], [0.2793715000152588, -0.017281852662563324, 0.038899049162864685], [-0.03309642896056175, 0.04327118769288063, -0.34177082777023315], [-0.009402468800544739, -0.10899793356657028, -0.13907402753829956], [-0.3071240782737732, -0.10125541687011719, -0.13909271359443665], [0.31986480951309204, 0.0033557675778865814, 0.2878328263759613], [-0.02596745453774929, -0.017672128975391388, -0.2493835836648941]], "expr": [1.9694437014550203e-06, -1.2198590411571786e-05, -1.3640898941957857e-05, -2.1045196263003163e-05, -1.1982819160039071e-05, 7.3562378020142205e-06, 1.2861537470598705e-05, 1.3320081961865071e-05, -6.457157269323943e-06, -1.192499439639505e-05, -2.8557542464113794e-06, 5.464592959469883e-06, -1.5053528841235675e-05, 9.436743312107865e-06, -2.3108652385417372e-05, 1.3708292499359231e-05, -1.9925781089114025e-05, 4.1307866922579706e-06, 1.5679033822380006e-05, -2.034403951256536e-05, 3.359984248163528e-06, 1.5374109352706e-05, -3.3397061542927986e-06, 2.5217083020834252e-05, -1.931969018187374e-05, -2.838134378180257e-06, -2.0470467916311463e-06, 4.311996235628612e-06, 1.1315204574202653e-05, 4.5822021093044896e-06, -1.5358156815636903e-05, -7.4065164881176315e-06, 1.2501947821874637e-05, 1.7945003492059186e-05, 9.589758519723546e-06, -5.113406587042846e-05, 4.769337465404533e-06, -5.736540515499655e-06, -2.8754546292475425e-05, -8.130043170240242e-06, 2.4720695819269167e-06, 1.6997839338728227e-05, 5.829275323776528e-06, 1.5117420844035223e-05, 2.657697677932447e-06, -2.683220600374625e-06, 3.449494897722616e-06, -2.629139089549426e-05, 2.0075296561117284e-05, 1.1476305189717095e-05], "trans": [0.04569109529256821, 0.3628169298171997, 3.8691365718841553]}