{"root_pose": [-0.802011251449585, -0.1489480435848236, -3.009169340133667], "body_pose": [[-0.3866680860519409, -0.1826082468032837, 0.04319868981838226], [-0.42755067348480225, 0.006986236199736595, 0.01360991969704628], [0.014301077462732792, 0.014498512260615826, 0.005924253258854151], [0.41619357466697693, 0.27177339792251587, -0.10409098863601685], [0.3973754048347473, -0.07789747416973114, 0.0644574761390686], [0.005577195901423693, -0.009276644326746464, 0.01594000682234764], [-0.15625573694705963, 0.2423597127199173, -0.0022990291472524405], [0.013201503083109856, -0.1604941487312317, -0.10599188506603241], [0.0018966092029586434, -0.0017129539046436548, 0.007679153699427843], [0.012394404970109463, 0.021706344559788704, 0.3412027955055237], [0.00891116913408041, -0.6141077280044556, -0.00012315910134930164], [-0.0015739946393296123, -0.15683817863464355, 0.03817903250455856], [0.007814351469278336, -0.04475926235318184, -0.18211933970451355], [-0.044200100004673004, 0.024262620136141777, 0.16677109897136688], [-0.011583004146814346, 0.008980702608823776, -0.002041015075519681], [0.018485378473997116, -0.08070801198482513, -0.693579912185669], [-0.020956147462129593, 0.18265078961849213, 0.655148983001709], [-0.023347005248069763, -0.5253831148147583, 0.20017270743846893], [-0.04202394559979439, 0.28768137097358704, -0.15532304346561432], [-0.551814615726471, -0.03158816695213318, -0.025118708610534668], [-0.48069846630096436, -0.09664112329483032, -0.2437014877796173]], "jaw_pose": [6.779560862923972e-06, -1.5488658391404897e-05, 9.657471309765242e-06], "leye_pose": [-9.695582775748335e-06, -6.467603839155345e-07, 7.138918590499088e-06], "reye_pose": [1.181745665235212e-05, -3.841705265017481e-08, 1.4166635082801804e-06], "lhand_pose": [[-0.002953657880425453, 0.36460572481155396, 0.06836237758398056], [-0.02528499998152256, 0.04332852363586426, 0.6810973882675171], [0.07476919144392014, 0.12864112854003906, 0.3343079686164856], [0.12123376131057739, -0.0019826150964945555, 0.17210587859153748], [0.05431448295712471, 0.02940569818019867, 0.48820891976356506], [0.011892271228134632, 0.024690572172403336, 0.3754100203514099], [0.19773033261299133, -0.4224500358104706, 0.40166813135147095], [0.28585585951805115, 0.07010678201913834, 0.2296624332666397], [0.00794655829668045, 0.07647441327571869, 0.31741225719451904], [0.14865204691886902, -0.07972688227891922, 0.2383803427219391], [0.1631619930267334, 0.11961584538221359, 0.5731472969055176], [0.07082154601812363, 0.03778226673603058, 0.33404791355133057], [-0.23547932505607605, 0.17098113894462585, 0.0897936224937439], [0.04409041628241539, 0.03884772211313248, -0.18288066983222961], [-0.14148350059986115, -0.13131815195083618, 0.31666892766952515]], "rhand_pose": [[-0.13994747400283813, -0.11264734715223312, 0.27562013268470764], [0.13984829187393188, -0.03718925639986992, -0.1902223378419876], [-0.019391251727938652, 0.019264237955212593, -0.30942070484161377], [-0.0021345915738493204, 0.10966215282678604, 0.28223761916160583], [0.0560828261077404, 0.01676701381802559, -0.49943503737449646], [-0.01812932640314102, -0.026568491011857986, -0.1899973303079605], [0.5331863164901733, 0.09171092510223389, -0.22360587120056152], [-0.1937025785446167, -0.12286511808633804, -0.28696519136428833], [0.209060400724411, 0.07093648612499237, -0.027918413281440735], [0.2503470778465271, -0.004758010618388653, 0.006676909513771534], [-0.02692425437271595, 0.025220327079296112, -0.3570621609687805], [-0.009904628619551659, -0.10161278396844864, -0.15537987649440765], [-0.2450045794248581, 0.005358745809644461, -0.11990698426961899], [0.32805564999580383, 0.03640468418598175, 0.3156622648239136], [0.14553366601467133, -0.07834916561841965, -0.16921724379062653]], "expr": [5.541136488318443e-06, -4.734645699500106e-06, 9.22666094993474e-06, -5.595356924459338e-06, -3.804019797826186e-05, -4.277638936400763e-07, -8.365952339772775e-07, -4.2142029997194186e-05, 1.634863110666629e-06, -1.6442794731119648e-05, -1.081032564798079e-06, -1.2977413462067489e-05, -1.6232945199590176e-05, -2.7160322133568116e-05, -1.2350589713605586e-05, -2.1722409655922092e-05, -3.209310989404912e-06, -1.7187732737511396e-05, -1.7848988136393018e-05, 4.2712972572189756e-06, 7.446984909620369e-06, 2.4385537471971475e-05, 1.0425094842503313e-05, -1.201137638418004e-05, -7.1631534410698805e-06, 1.6302192307193764e-05, -7.005866336839972e-06, -1.9733803128474392e-05, -6.184355243021855e-06, -1.9210194750485243e-06, 6.308685442490969e-06, 3.7580937259917846e-06, -1.4534018191625364e-05, -1.4773111615795642e-05, 1.0235065019514877e-05, -1.542636454132662e-07, 4.161548713454977e-05, 8.004399205674417e-06, 8.574420462537091e-08, 1.9466127923806198e-05, -1.1483815796964336e-05, -1.596415495441761e-05, 1.1077955832661246e-06, -1.8086615455104038e-05, 4.18147510572453e-06, 3.4285822039237246e-05, -1.232246449944796e-05, -1.0110746188729536e-05, -5.967503966530785e-07, 9.200749445881229e-06], "trans": [0.046911295503377914, 0.35913071036338806, 3.896094799041748]}