{"root_pose": [-0.4481343626976013, -0.19479675590991974, -3.0967257022857666], "body_pose": [[-0.4009242355823517, -0.1441916674375534, 0.030826833099126816], [-0.42230844497680664, 0.03285869210958481, -0.03207750990986824], [0.00964659545570612, -0.019325796514749527, 0.01233939453959465], [0.5091614127159119, 0.07266496121883392, -0.14957188069820404], [0.3646275997161865, -0.011647605337202549, 0.03163580596446991], [0.0008715442381799221, -0.0268513485789299, 0.015576690435409546], [-0.3436739146709442, 0.20670856535434723, 0.017669547349214554], [-0.1751837432384491, -0.18306902050971985, -0.012866487726569176], [-0.0028287703171372414, -0.021911200135946274, 0.001860492629930377], [0.008340124040842056, 0.12789827585220337, 0.41320183873176575], [0.08686048537492752, -0.7989161610603333, -0.054787296801805496], [-0.008394240401685238, -0.1888323426246643, 0.06121727451682091], [-0.0043448759242892265, -0.05760009586811066, -0.17598122358322144], [-0.04001392424106598, 0.016639789566397667, 0.17095930874347687], [-0.014880051836371422, -0.015025651082396507, -0.046790290623903275], [0.03676917403936386, -0.09606503695249557, -0.6599173545837402], [-0.035414643585681915, 0.15152175724506378, 0.6788069605827332], [-0.04831533879041672, -0.5601120591163635, 0.2026166468858719], [-0.07586550712585449, 0.21952950954437256, -0.18895316123962402], [-0.4644230306148529, -0.004729746375232935, -0.023972298949956894], [-0.3906419277191162, -0.02192738652229309, -0.24960818886756897]], "jaw_pose": [1.9798908397206105e-06, 4.066218025400303e-06, 1.3333169590623584e-05], "leye_pose": [-9.138564394106652e-08, -6.74406601319788e-06, -6.23929918219801e-06], "reye_pose": [-7.359183655353263e-06, -9.340625183540396e-06, -5.581538971455302e-06], "lhand_pose": [[0.0017576060490682721, 0.433150053024292, -0.013299031183123589], [0.0276552252471447, 0.02380533702671528, 0.5563057065010071], [0.023790162056684494, 0.08388499170541763, 0.39600294828414917], [0.04335422068834305, 0.05302456021308899, 0.049462106078863144], [0.07188605517148972, 0.062398336827754974, 0.4776620864868164], [0.024381589144468307, 0.0031176418997347355, 0.41025832295417786], [0.21467958390712738, -0.43667665123939514, 0.2926403284072876], [0.30615606904029846, 0.10801170766353607, 0.26754677295684814], [-0.01895231381058693, 0.1273084580898285, 0.3635960519313812], [0.11527706682682037, -0.07951992005109787, 0.1134069487452507], [0.15122850239276886, 0.10946792364120483, 0.5959104895591736], [0.06614755839109421, 0.027742313221096992, 0.35331496596336365], [-0.1094663068652153, 0.25337159633636475, 0.09045197069644928], [0.00413319980725646, -0.03433867171406746, -0.051499079912900925], [-0.1568482369184494, -0.22617590427398682, 0.24440059065818787]], "rhand_pose": [[-0.13917015492916107, -0.11823005229234695, 0.2522430121898651], [0.1501709669828415, -0.06343906372785568, -0.21406424045562744], [-0.024696599692106247, 0.026874909177422523, -0.29610010981559753], [-0.0011502120178192854, 0.08653434365987778, 0.26913148164749146], [0.05389801412820816, 0.02383955381810665, -0.4975671172142029], [-0.02074906975030899, -0.010436058975756168, -0.17482899129390717], [0.47672173380851746, 0.10538165271282196, -0.15842406451702118], [-0.1684529334306717, -0.10034728050231934, -0.2862137258052826], [0.18394893407821655, 0.07146462798118591, -0.030807146802544594], [0.22189852595329285, -0.005685010459274054, 0.027536887675523758], [-0.04034353420138359, 0.05888528376817703, -0.40767064690589905], [-0.01507878303527832, -0.09704943001270294, -0.17499569058418274], [-0.20722128450870514, 0.058159954845905304, -0.047231487929821014], [0.23128093779087067, 0.07249575853347778, 0.5090464353561401], [0.06720050424337387, -0.09964573383331299, -0.1573110669851303]], "expr": [1.4126499081612565e-05, -1.7845857655629516e-05, 4.09339954785537e-05, -1.8816461306414567e-05, -2.0274563212296925e-05, 6.700870471831877e-06, 1.3584396583610214e-05, 4.865882488047646e-07, 1.462333784729708e-05, 8.024537237361073e-06, 1.6989019059110433e-05, 1.502789746155031e-05, -9.179500921163708e-06, -1.0889396435231902e-05, -4.638618520402815e-06, 8.964011612988543e-06, 1.2340654393483419e-05, -1.5035636351967696e-05, 1.9427625375101343e-05, -2.7647476599668153e-05, 1.860524389485363e-05, 1.2531279026006814e-05, -1.7385636965627782e-05, 6.232355644897325e-06, -1.4406735317606945e-05, 1.7776204913388938e-05, -1.3263486835057847e-05, 8.348132723767776e-06, -6.593698799406411e-06, 4.8985461944539566e-06, 9.121412404056173e-06, -4.2266383388778195e-06, -7.875381925259717e-06, -1.204123782372335e-05, 1.498722213000292e-05, -1.815690120565705e-05, -7.6102551247458905e-06, -1.1866833119711373e-05, 1.6290960047626868e-05, 5.812070867250441e-06, 2.9250464649521746e-05, -8.876372703525703e-08, -1.1389459359634202e-05, 4.117944172321586e-06, -9.876295735011809e-06, -3.123280475847423e-05, 1.9992194211226888e-05, 5.300270913721761e-06, 9.64530227065552e-06, -1.5743244148325175e-05], "trans": [0.0656055212020874, 0.35763972997665405, 3.8900370597839355]}