{"root_pose": [-0.4038807451725006, -0.228214830160141, -3.0775067806243896], "body_pose": [[-0.3512468636035919, -0.12419889122247696, 0.021474802866578102], [-0.3347044587135315, 0.08778756111860275, -0.02599976398050785], [0.0023336680606007576, 0.002588776173070073, 0.0030217126477509737], [0.6567323803901672, 0.04356897249817848, -0.20134074985980988], [0.664263904094696, -0.01627058908343315, -0.014230337925255299], [-0.0064229839481413364, -0.008043297566473484, 0.005029026418924332], [-0.5325311422348022, 0.20775052905082703, 0.031878821551799774], [-0.4650050699710846, -0.2322031706571579, -0.03881508484482765], [-0.009887642227113247, -0.0071230698376894, -0.0036261032801121473], [-0.00584976514801383, 0.164968341588974, 0.41461583971977234], [0.009227815084159374, -0.8796128630638123, -0.02319514937698841], [-0.01172961201518774, -0.10964889824390411, 0.009494274854660034], [-0.007535319775342941, -0.07608672976493835, -0.16526663303375244], [-0.05447680875658989, 0.08625590801239014, 0.18465912342071533], [-0.017760418355464935, -0.013837928883731365, -0.03976886346936226], [0.049285221844911575, -0.08702250570058823, -0.6117516160011292], [-0.07368659973144531, 0.148728147149086, 0.6409894824028015], [-0.10604988038539886, -0.5161837339401245, 0.17184346914291382], [-0.1303514540195465, 0.12032806128263474, -0.16862815618515015], [-0.42952415347099304, 0.09037726372480392, -0.042868953198194504], [-0.3441131114959717, -0.01775514706969261, -0.26292645931243896]], "jaw_pose": [3.894891051459126e-06, 4.588362116919598e-06, 3.3024157346517313e-06], "leye_pose": [-8.344162552020862e-07, -7.211054253275506e-06, 2.2669949828468816e-07], "reye_pose": [-1.7033318044923362e-06, 2.6972315936291125e-06, -7.003508471825626e-06], "lhand_pose": [[-0.031159022822976112, 0.28501802682876587, -0.0290690828114748], [0.04940445348620415, 0.02511068806052208, 0.5851823091506958], [0.01857948675751686, 0.09245108813047409, 0.46190187335014343], [0.04345299303531647, -0.060798678547143936, 0.01927880570292473], [0.07525789737701416, 0.038911692798137665, 0.5539265871047974], [0.021766794845461845, 0.006974556017667055, 0.4291834235191345], [0.25417131185531616, -0.3665507435798645, 0.29419267177581787], [0.2663534879684448, 0.1044323667883873, 0.2711513638496399], [0.01042953785508871, 0.10571576654911041, 0.35297828912734985], [0.14749214053153992, -0.08455595374107361, 0.11230553686618805], [0.14203204214572906, 0.09645328670740128, 0.6013679504394531], [0.06928145885467529, 0.041996270418167114, 0.37192225456237793], [-0.1673983484506607, 0.2069530040025711, 0.16293449699878693], [0.013948865234851837, -0.027783140540122986, -0.11090133339166641], [-0.18514759838581085, -0.2415342628955841, 0.2863236367702484]], "rhand_pose": [[-0.12220462411642075, -0.08117856830358505, 0.30969956517219543], [0.16848817467689514, -0.01960768736898899, -0.19788885116577148], [-0.04623367264866829, 0.02258329838514328, -0.360395222902298], [-0.007389941718429327, 0.10937148332595825, 0.34883686900138855], [0.051729731261730194, 0.024412814527750015, -0.5057339072227478], [-0.008998086676001549, 0.014557349495589733, -0.2458689957857132], [0.34446248412132263, 0.09494663774967194, -0.155844047665596], [-0.03863689303398132, -0.08647899329662323, -0.24889516830444336], [0.1284162700176239, 0.02939319983124733, -0.080130435526371], [0.17174750566482544, 0.09124188870191574, 0.0956297293305397], [-0.005687967874109745, 0.03590727597475052, -0.3840756416320801], [-0.0035799467004835606, -0.0651303380727768, -0.17721277475357056], [-0.18106764554977417, -0.0858430340886116, -0.09449324011802673], [0.21594706177711487, 0.08216618001461029, 0.32240667939186096], [0.020303454250097275, -0.06218656897544861, -0.14628688991069794]], "expr": [-3.863460733555257e-06, -1.4638015272794291e-05, 1.6510606656083837e-05, 6.04296747042099e-06, 1.634671752981376e-05, 3.82980470021721e-05, 4.557716238196008e-06, -2.4672099243616685e-05, -1.100739882531343e-05, -7.546349934273167e-06, -1.1329238986945711e-05, -6.299548203969607e-06, -7.27195310901152e-06, -2.6625242753652856e-05, -1.6828429352244711e-06, -1.4126398127700668e-05, 2.2627136786468327e-05, 2.4347154976567253e-05, 9.390060768055264e-06, 2.1033536540926434e-05, -1.1652885405055713e-05, 8.743360012886114e-06, 3.194734745193273e-05, 4.896869086223887e-06, 2.5104236556217074e-05, -3.232728340663016e-05, 1.8197595636593178e-05, -8.004701157915406e-06, 2.8654123525484465e-05, -1.896912363008596e-05, -1.3859696991858073e-05, -2.9657008781214245e-05, 2.409772787359543e-05, -4.8542879085289314e-06, 1.784782398317475e-05, 1.136214632424526e-05, 1.035771219903836e-06, -3.7063405216031242e-06, -1.611047082406003e-05, 2.0021156288407838e-08, 1.282748235098552e-05, -1.5332230759668164e-05, -1.3688209946849383e-05, -2.489603684807662e-05, 8.606785740994383e-06, -1.2723679901682772e-05, 1.6489964309585048e-06, 9.123234121943824e-06, 3.9506907342001796e-05, -2.4602035409770906e-05], "trans": [0.09863276779651642, 0.3632752001285553, 3.868420124053955]}