{"root_pose": [-0.3330332636833191, -0.2082030475139618, -3.0700912475585938], "body_pose": [[-0.3152948319911957, -0.1116916835308075, 0.020063824951648712], [-0.24105024337768555, 0.07488807290792465, -0.02821226418018341], [0.007587679661810398, 0.009891603142023087, 0.0073670390993356705], [0.6945681571960449, 0.03877614811062813, -0.17671437561511993], [0.722353458404541, -0.007414883002638817, 0.015130345709621906], [-0.00391001533716917, -0.004499490838497877, 0.0026982417330145836], [-0.5469287633895874, 0.2075658142566681, 0.03041083738207817], [-0.5654776692390442, -0.22231456637382507, -0.0406656451523304], [-0.00934609491378069, 0.0010382792679592967, -0.0032251151278615], [0.006238964851945639, 0.14721138775348663, 0.26657041907310486], [0.008162693120539188, -0.8611183762550354, -0.020506402477622032], [-0.011968160979449749, -0.11095020920038223, -0.004304102621972561], [-0.01216878555715084, -0.06884866207838058, -0.17612028121948242], [-0.055670566856861115, 0.11105820536613464, 0.17612212896347046], [-0.017669348046183586, -0.05650855600833893, -0.06756791472434998], [0.02884209342300892, -0.06049993634223938, -0.6099601984024048], [-0.09270891547203064, 0.12797211110591888, 0.6045878529548645], [-0.08198875933885574, -0.465239554643631, 0.13987229764461517], [-0.14208611845970154, 0.14566397666931152, -0.15344072878360748], [-0.3851493000984192, 0.2197553664445877, -0.02114391140639782], [-0.291638046503067, 0.025761140510439873, -0.23824000358581543]], "jaw_pose": [-8.950228220783174e-06, -9.553912150295218e-07, 2.5550993996148463e-06], "leye_pose": [1.6442807009298122e-06, 1.0783251127577387e-05, -4.562997673929203e-06], "reye_pose": [-2.3890720513009e-06, 5.9262192735332064e-06, 8.705636901140679e-06], "lhand_pose": [[-0.03588700667023659, 0.16787651181221008, -0.09143775701522827], [0.08390062302350998, 0.022035837173461914, 0.5718785524368286], [-0.0005961404531262815, 0.08772478997707367, 0.5253080725669861], [0.015135537832975388, -0.13487508893013, -0.08051342517137527], [0.09143992513418198, 0.05415382236242294, 0.6308947801589966], [0.031713925302028656, 0.009889859706163406, 0.4644705355167389], [0.2261810302734375, -0.4604741930961609, 0.295175701379776], [0.25635406374931335, 0.13350798189640045, 0.28958389163017273], [0.029331153258681297, 0.10237322002649307, 0.3583000898361206], [0.14614178240299225, -0.1413346827030182, 0.04326210170984268], [0.14037774503231049, 0.09024880826473236, 0.6466437578201294], [0.07127222418785095, 0.06746295094490051, 0.3939802646636963], [-0.22207538783550262, 0.2522118389606476, 0.1641179323196411], [0.0031386148184537888, -0.04974746331572533, -0.09276723116636276], [-0.18728888034820557, -0.3014708161354065, 0.29240545630455017]], "rhand_pose": [[-0.11304235458374023, -0.08163586258888245, 0.32262855768203735], [0.18407399952411652, -0.02363666519522667, -0.25413548946380615], [-0.05912206321954727, 0.024258103221654892, -0.40635085105895996], [-0.028691090643405914, 0.12701205909252167, 0.327952116727829], [0.0590972900390625, 0.002788589568808675, -0.4629673957824707], [-0.00431107310578227, 0.005576640833169222, -0.28183481097221375], [0.2871377468109131, 0.06884946674108505, -0.1152171865105629], [-0.0022629471495747566, -0.11289400607347488, -0.20145069062709808], [0.09675166755914688, 0.0019671900663524866, -0.1113499253988266], [0.1551777869462967, 0.07024655491113663, 0.12047020345926285], [0.0026289732195436954, 0.013534512370824814, -0.4200468361377716], [-0.003936382941901684, -0.08426440507173538, -0.18826702237129211], [-0.1608240306377411, -0.072515107691288, -0.1333707720041275], [0.28508660197257996, 0.07539393752813339, 0.2349766194820404], [0.04205408692359924, -0.0006044155452400446, -0.13200925290584564]], "expr": [6.4966443460434675e-06, -5.830610461998731e-06, -4.231423372402787e-05, -1.553878428239841e-05, -3.048636790481396e-05, -2.306325768586248e-05, 5.60691569262417e-06, -1.3054193914285861e-05, -7.341824129980523e-06, -5.422779850050574e-06, 7.417840606649406e-06, 6.281032710830914e-06, 2.8805567126255482e-05, -4.57011628895998e-06, 1.71728570421692e-05, 3.5696668874152238e-06, -1.0911768185906112e-05, 1.970192533917725e-05, 4.327880844812171e-07, -3.76591447093233e-06, 4.192774576949887e-05, 1.3142493116902187e-05, 6.437734555220231e-06, 2.0833933376707137e-05, -3.442172555878642e-06, 4.846708065997518e-07, -1.2322698239586316e-05, -9.285787200496998e-06, -6.421017133106943e-06, 3.7668421555281384e-06, -1.3464548374031438e-06, -2.8002534236293286e-05, -5.70936481381068e-06, 1.706740840745624e-05, -3.31343908328563e-05, 3.1936611776473e-05, 1.2074199730705004e-05, 1.768984475347679e-05, -2.057207348116208e-05, -8.127026376314461e-06, 1.5746443750686012e-05, -6.040958851372125e-06, 3.3134108434751397e-07, -2.0447405404411256e-05, 1.410833647241816e-05, 1.3947921615908854e-05, -1.7166694306069985e-05, -1.4108819641478476e-06, 1.6905491065699607e-05, -4.712997451861156e-06], "trans": [0.1292121708393097, 0.36841821670532227, 3.875551462173462]}