{"root_pose": [-0.06476649641990662, -0.19896739721298218, -3.085932970046997], "body_pose": [[-0.3418143093585968, -0.0972721204161644, 0.01555703766644001], [-0.24081556499004364, 0.0677209347486496, -0.0010849513346329331], [0.006758853793144226, -0.0041875578463077545, -0.011584126390516758], [0.7636691927909851, 0.001838053110986948, -0.11903949081897736], [0.7391923666000366, -0.11584899574518204, 0.04998493567109108], [-0.004754379391670227, -0.014932757243514061, -0.004808214958757162], [-0.6118667125701904, 0.2010066956281662, 0.04659535735845566], [-0.5784645676612854, -0.26778310537338257, -0.07691246271133423], [-0.009459159336984158, -0.009081491269171238, -0.016936521977186203], [0.0230700820684433, 0.6690240502357483, 0.37500178813934326], [0.0067254104651510715, -0.8851768374443054, -0.012854112312197685], [-0.012423507869243622, -0.06628215312957764, -0.030559344217181206], [-0.03680789843201637, -0.09471305459737778, -0.12926970422267914], [-0.019586950540542603, 0.09215758740901947, 0.1730496734380722], [-0.0176358912140131, -0.024278447031974792, -0.028904031962156296], [0.03934057056903839, -0.07888641208410263, -0.6224664449691772], [-0.04533557593822479, 0.07925689220428467, 0.6280456781387329], [-0.07107146829366684, -0.39266806840896606, 0.14171312749385834], [-0.08362624794244766, 0.2507338523864746, -0.14793503284454346], [-0.36758872866630554, 0.23829737305641174, -0.048224981874227524], [-0.2174420952796936, 0.03641224652528763, -0.24968001246452332]], "jaw_pose": [-4.315348633099347e-06, 2.9337689966268954e-07, -1.1903906624866067e-06], "leye_pose": [-3.574481524992734e-06, 3.951892608711205e-07, -2.4084295091597596e-07], "reye_pose": [2.77447384178231e-06, -4.951315531798173e-06, 7.4378499448357616e-06], "lhand_pose": [[-0.05941636860370636, 0.06693226099014282, -0.06659755855798721], [0.15659914910793304, -0.0077199265360832214, 0.47988998889923096], [-0.06912636011838913, 0.036140672862529755, 0.6053346991539001], [-0.02101822756230831, -0.24836689233779907, -0.14376968145370483], [0.10522480309009552, 0.07074656337499619, 0.721935510635376], [0.036576058715581894, 0.009736228734254837, 0.49022412300109863], [0.2949070930480957, -0.15733613073825836, 0.3211211562156677], [0.17988649010658264, 0.16718460619449615, 0.3062528669834137], [0.11061462014913559, 0.09757111221551895, 0.34959089756011963], [0.14614862203598022, -0.195182204246521, 0.05961000919342041], [0.1186058297753334, 0.05504850670695305, 0.6524732112884521], [0.06386230140924454, 0.09244141727685928, 0.385856956243515], [-0.10722815245389938, 0.24002768099308014, 0.3117124140262604], [0.028497828170657158, -0.008499989286065102, -0.03823750093579292], [-0.14752864837646484, -0.2996150553226471, 0.23233897984027863]], "rhand_pose": [[-0.0934678241610527, -0.08984984457492828, 0.18422715365886688], [0.18103763461112976, -0.013710461556911469, -0.20296354591846466], [-0.0674779862165451, 0.018764270469546318, -0.4411352276802063], [-0.02046174183487892, 0.07903260737657547, 0.20054079592227936], [0.06648507714271545, -0.01551961712539196, -0.41271352767944336], [0.006010006181895733, 0.010606841184198856, -0.20831462740898132], [0.1936330944299698, 0.10671636462211609, -0.0890716165304184], [0.08373979479074478, -0.07341641932725906, -0.17391112446784973], [0.05281538516283035, -0.02689400687813759, -0.10148554295301437], [0.12336913496255875, 0.08815084397792816, 0.060006167739629745], [0.012734455056488514, 0.018759651109576225, -0.36883625388145447], [0.002695818431675434, -0.08324434608221054, -0.16851170361042023], [-0.09315454959869385, -0.121404267847538, 0.011482404544949532], [0.14349237084388733, 0.10914497822523117, 0.34349626302719116], [-0.030920885503292084, 0.08824499696493149, -0.15218058228492737]], "expr": [-1.5256615370162763e-05, -1.4298736459750216e-05, -7.4085032792936545e-06, -2.44088914769236e-05, 1.9193970729247667e-05, 1.0754398317658342e-05, 2.006908289331477e-05, 1.540289304102771e-05, 1.03162828963832e-05, -5.414609404397197e-06, -1.6291682186420076e-05, -1.266892286366783e-05, 5.653265361615922e-06, -1.0824161108757835e-05, -9.90452349469706e-07, 2.6743702619569376e-05, 1.0719278407123056e-06, -1.937786873895675e-05, 2.0652463717851788e-05, -1.5565356079605408e-05, -4.3185544200241566e-05, -1.4999784980318509e-05, 1.377772969135549e-05, -7.275827556441072e-06, 2.6703062758315355e-05, -3.444959020271199e-06, -1.9854107449646108e-05, 1.3040651538176462e-05, -1.101857651519822e-05, 1.9946794509451138e-06, 6.133403985586483e-06, 2.5595041734050028e-05, 7.007836757111363e-06, 2.5418414224986918e-05, -8.8896576926345e-06, -2.636194722072105e-06, -1.5838675608392805e-05, 8.722146958461963e-06, -1.114706492444384e-06, -1.6106811017380096e-05, -4.367645306047052e-05, -1.214539588545449e-05, -9.078090442926623e-06, -4.844851446250686e-06, -3.2807482057251036e-05, 4.06884782933048e-06, 2.107718501065392e-05, 1.2786727893399075e-05, 3.192232907167636e-05, -1.1212290701223537e-05], "trans": [0.1492704153060913, 0.3735860586166382, 3.875513792037964]}