{"root_pose": [-0.0281447172164917, -0.19569484889507294, -3.12076735496521], "body_pose": [[-0.2769103944301605, -0.045554276555776596, 0.005461622960865498], [-0.21698422729969025, 0.07031947374343872, 0.01141987182199955], [0.0061541772447526455, 0.00648477952927351, 0.0009867134504020214], [0.7396860122680664, 0.06742222607135773, -0.007544500753283501], [0.7494874000549316, -0.09629547595977783, 0.09673494100570679], [-0.004018183797597885, -0.022235432639718056, 0.002507133176550269], [-0.515716016292572, 0.24737048149108887, 0.05749693512916565], [-0.5980131030082703, -0.22182895243167877, -0.11332914233207703], [-0.00792660377919674, -0.00012402614811435342, -0.009832589887082577], [0.03663113713264465, 0.7170748710632324, 0.07139432430267334], [0.016545627266168594, -0.877017080783844, -0.034902945160865784], [-0.01052460353821516, 0.0783114954829216, -0.06988684087991714], [-0.07881618291139603, -0.07115918397903442, -0.15986037254333496], [-0.015286455862224102, 0.07990974932909012, 0.1656859964132309], [-0.01718294620513916, 0.052433282136917114, -0.009305277839303017], [-0.0028906106017529964, -0.07110627740621567, -0.6231579780578613], [-0.012324817478656769, 0.06489403545856476, 0.6214303374290466], [-0.09906899929046631, -0.33362236618995667, 0.15772604942321777], [-0.04182111471891403, 0.35795700550079346, -0.17585867643356323], [-0.3142205476760864, 0.2873535454273224, -0.02769218198955059], [-0.19668520987033844, -0.002002168446779251, -0.17720980942249298]], "jaw_pose": [1.752883144945372e-05, 9.61055229709018e-06, -5.641474672302138e-06], "leye_pose": [1.283693450204737e-06, 9.561504157318268e-06, 5.326415703166276e-06], "reye_pose": [-3.4156920492023346e-07, -5.2401471606344785e-08, -7.253138392115943e-06], "lhand_pose": [[-0.07205674797296524, 0.11877157539129257, -0.19092495739459991], [0.15596196055412292, -0.0008525596931576729, 0.5092248916625977], [-0.06883148849010468, 0.03349863737821579, 0.587043821811676], [0.0010588668519631028, -0.2754846513271332, -0.19486069679260254], [0.09886419028043747, 0.06224662810564041, 0.7104986906051636], [0.027799732983112335, 0.012439684011042118, 0.47347211837768555], [0.3696286678314209, -0.1629074066877365, 0.3524136543273926], [0.10478948801755905, 0.15776950120925903, 0.296904057264328], [0.14807438850402832, 0.07443562150001526, 0.3060734272003174], [0.17798252403736115, -0.21770529448986053, 0.016793252900242805], [0.1107366681098938, 0.04304806888103485, 0.6184297800064087], [0.061179064214229584, 0.0934896171092987, 0.369352251291275], [-0.11688979715108871, 0.18569450080394745, 0.1820078194141388], [0.06127370148897171, 0.03131436929106712, -0.06896653026342392], [-0.12698328495025635, -0.2421310544013977, 0.20086166262626648]], "rhand_pose": [[-0.08525333553552628, -0.0891275554895401, 0.14579084515571594], [0.17516832053661346, -0.0054049063473939896, -0.22033049166202545], [-0.06954734027385712, 0.021317163482308388, -0.4559169411659241], [-0.03592225909233093, 0.12576401233673096, 0.17012397944927216], [0.07563567161560059, -0.02339465543627739, -0.44620010256767273], [0.012081723660230637, 0.014209644868969917, -0.2612641155719757], [0.18153142929077148, 0.11923611164093018, -0.10885579884052277], [0.10646680742502213, -0.07536602020263672, -0.1287214308977127], [0.05426989495754242, -0.03905418515205383, -0.12741316854953766], [0.1281447559595108, 0.0807957798242569, 0.059075821191072464], [0.029522592201828957, 0.011390572413802147, -0.4197152554988861], [0.011871501803398132, -0.09182363748550415, -0.20074115693569183], [-0.07869435846805573, -0.1039942130446434, 0.02263442426919937], [0.02655050903558731, 0.08763957768678665, 0.14285530149936676], [-0.03534866124391556, 0.10309261828660965, -0.16637861728668213]], "expr": [1.1019164958270267e-05, -6.904608198965434e-06, -1.4241798453440424e-05, 8.112350769806653e-06, -1.1916189578187186e-05, 8.121554856188595e-06, -2.9340919809328625e-06, 1.6862664779182523e-05, -4.211483428662177e-06, -1.9958274606324267e-06, -1.3406414836936165e-05, -2.3182328732218593e-05, 1.5041719962027855e-05, 1.8324399206903763e-05, 4.853932750847889e-06, 2.629573100421112e-05, -3.1676980142947286e-05, 2.5667079171398655e-05, -4.039035502501065e-06, 8.088382855930831e-06, 1.8083208487951197e-05, -1.4387588862518896e-06, 2.9540883588197175e-06, -4.502022420638241e-06, 6.092545390856685e-06, -1.0398218364571221e-05, -2.5116496544796973e-05, -9.870597750705201e-06, 4.683470706368098e-06, -4.1137107473332435e-05, -1.238765980815515e-05, 1.4910026038705837e-05, 6.24021731709945e-06, 1.737875754770357e-05, 3.4086633604601957e-06, -1.792292096070014e-05, -6.6126867750426754e-06, 1.7375203242409043e-05, 3.587128594517708e-05, 1.745184272294864e-05, -1.071295810106676e-05, -3.5673608635988785e-06, -3.0066436011111364e-05, 1.5567175069008954e-05, -1.4886359167576302e-05, 4.656599230656866e-06, -2.7919864805880934e-05, -6.4641731114534196e-06, -3.4717621133495413e-07, -1.5912290109554306e-05], "trans": [0.13638152182102203, 0.3747064173221588, 3.8619115352630615]}