{"root_pose": [-0.05184028670191765, 0.231698676943779, 3.130066156387329], "body_pose": [[-0.24266742169857025, -0.0544021911919117, -0.013248788192868233], [-0.2452053427696228, 0.04732803627848625, 0.008040573447942734], [0.004607217852026224, -0.0020995507948100567, -0.009578320197761059], [0.7126896381378174, 0.03137211129069328, 0.010910882614552975], [0.7320013642311096, -0.1386117935180664, 0.06502676010131836], [-0.00515173003077507, -0.010761578567326069, -0.002670618239790201], [-0.567388653755188, 0.22764213383197784, 0.05664777755737305], [-0.5318343043327332, -0.2545129358768463, -0.10053487867116928], [-0.008263755589723587, -0.0045487601310014725, -0.011550121009349823], [0.03804421052336693, 0.7752581834793091, 0.06655760109424591], [0.011251731775701046, -0.8333367705345154, -0.022737404331564903], [-0.010158317163586617, 0.16819746792316437, -0.03766549006104469], [-0.06706906855106354, -0.09651429951190948, -0.1737937480211258], [-0.024249982088804245, 0.08246888965368271, 0.18460851907730103], [-0.017139842733740807, 0.06577438116073608, -0.02705312892794609], [-0.005268563516438007, -0.09628970175981522, -0.5971144437789917], [0.017750561237335205, 0.07952409982681274, 0.6254308223724365], [-0.08907455205917358, -0.2921280860900879, 0.16538751125335693], [-0.04307309538125992, 0.38628438115119934, -0.19111870229244232], [-0.31747469305992126, 0.25479504466056824, 0.010366627015173435], [-0.16517989337444305, -0.03330249711871147, -0.1538797914981842]], "jaw_pose": [-9.829187547438778e-06, -7.642565833521076e-06, -5.95017013438337e-07], "leye_pose": [3.5930104331782786e-06, 6.739864147675689e-06, -4.728802196041215e-06], "reye_pose": [2.5401320726814447e-06, -2.7299720386508852e-06, -8.308735459650052e-07], "lhand_pose": [[-0.05711574852466583, 0.05929598957300186, -0.22263313829898834], [0.15270720422267914, -0.0016584349796175957, 0.472523033618927], [-0.06676466017961502, 0.025998760014772415, 0.5901789665222168], [-0.015404907055199146, -0.37242987751960754, -0.25489625334739685], [0.09656475484371185, 0.06176529824733734, 0.7157934308052063], [0.029162656515836716, 0.009855616837739944, 0.4952883720397949], [0.3079536557197571, -0.17238447070121765, 0.28991663455963135], [0.1400538980960846, 0.1504625827074051, 0.2943997085094452], [0.14837324619293213, 0.09055589884519577, 0.34370332956314087], [0.16596633195877075, -0.27778202295303345, -0.022629331797361374], [0.12355136126279831, 0.0130083616822958, 0.6387441754341125], [0.06324426084756851, 0.08652795851230621, 0.40589824318885803], [-0.09747243672609329, 0.21554186940193176, 0.16719582676887512], [0.04631609842181206, 0.02837141789495945, -0.046311188489198685], [-0.10585986077785492, -0.23428857326507568, 0.15919119119644165]], "rhand_pose": [[-0.06744176894426346, -0.11640053242444992, 0.095863938331604], [0.13728544116020203, -0.011546395719051361, -0.2589738667011261], [-0.06301049888134003, 0.019948909059166908, -0.41848886013031006], [-0.03693612664937973, 0.058254603296518326, 0.06962521374225616], [0.07558085769414902, -0.02072635479271412, -0.4016987979412079], [0.01281609944999218, 0.015141996555030346, -0.24607497453689575], [0.15554216504096985, 0.09575331956148148, -0.13145306706428528], [0.13233110308647156, -0.08925190567970276, -0.16407282650470734], [0.02265344373881817, -0.03778773546218872, -0.14723029732704163], [0.11589663475751877, 0.07107987254858017, -0.002145482925698161], [0.03179003670811653, 0.003779434598982334, -0.43412718176841736], [0.013482486829161644, -0.08859308809041977, -0.20253148674964905], [-0.045583002269268036, 0.015042940154671669, -0.08458603173494339], [0.030450502410531044, 0.1707441657781601, 0.1430317461490631], [-0.03988025337457657, 0.10451773554086685, -0.19970791041851044]], "expr": [-9.649857929616701e-06, -5.385440545069287e-06, 1.7567677787155844e-05, -3.68856308341492e-05, -2.6764097128761932e-05, -2.5687646484584548e-05, -2.0184988898108713e-05, -2.721538839978166e-05, -8.432076583630987e-07, 9.110385690291878e-06, -1.1888459994224831e-05, -1.8565498294265126e-06, 3.3466392324044136e-06, -3.131772609776817e-05, 1.2389300536597148e-05, 1.2416047866281588e-05, 2.011953984037973e-05, -7.25339850760065e-06, 9.529145472697564e-07, 1.855631239777722e-07, 9.70301334746182e-06, -6.326957645796938e-06, 7.857855962356552e-06, -2.622715510369744e-05, 1.2163266546849627e-05, 1.3233638128440361e-05, -2.670894900802523e-05, -1.000493375613587e-05, -1.908304329845123e-05, 4.834883293369785e-05, -1.0542090649323654e-06, -1.1878526493092068e-05, 8.558610034015146e-07, -5.2715058700414374e-06, -5.434154445538297e-06, -1.0695488526835106e-05, -9.506258720648475e-06, -1.5689656720496714e-05, -2.0045486053277273e-06, 3.559124161256477e-05, -2.6065250494866632e-05, 3.273618858656846e-05, -2.0931784092681482e-05, 1.4965200534788892e-05, -2.387207814535941e-06, 1.443507608200889e-05, 5.6185663197538815e-06, -1.330056238657562e-05, 7.009956334513845e-06, -4.235214419168187e-06], "trans": [0.1091233342885971, 0.3682880401611328, 3.8487327098846436]}