{"root_pose": [-0.06905768811702728, 0.1955280303955078, 3.0870418548583984], "body_pose": [[-0.24615859985351562, -0.06513986736536026, 0.015166611410677433], [-0.26280108094215393, 0.0831320509314537, -0.0038268128409981728], [0.008224154822528362, 0.0004251706413924694, 0.009143006056547165], [0.7185239195823669, 0.030429711565375328, -0.009800444357097149], [0.7654229998588562, -0.07224005460739136, 0.1557728797197342], [-0.0025632339529693127, -0.013772056438028812, -0.0025149406865239143], [-0.6007848978042603, 0.21334713697433472, 0.05289020016789436], [-0.5560797452926636, -0.21859218180179596, -0.07400444895029068], [-0.007118117064237595, -0.006942341569811106, -0.006912468932569027], [0.0471363291144371, 0.8149076700210571, 0.08968883752822876], [0.022933464497327805, -0.7870132923126221, -0.05264338105916977], [-0.007664496079087257, 0.1250917762517929, -0.07995288074016571], [-0.06321901828050613, -0.08556642383337021, -0.17959605157375336], [-0.013981652446091175, 0.08540555089712143, 0.16458548605442047], [-0.015865115448832512, 0.06941961497068405, 0.019319958984851837], [-0.025970425456762314, -0.10350964963436127, -0.5850592255592346], [0.005826331675052643, 0.10792800784111023, 0.6430135369300842], [-0.06701638549566269, -0.20623737573623657, 0.1703168898820877], [-0.0023372983559966087, 0.4099934995174408, -0.18999284505844116], [-0.3770335018634796, 0.1910848766565323, 0.028109101578593254], [-0.20259645581245422, -0.059664562344551086, -0.16729800403118134]], "jaw_pose": [1.1618443522820598e-06, -1.8022232097791857e-06, -6.437843694584444e-06], "leye_pose": [-1.145873284258414e-05, 1.7511107216705568e-05, -3.2214217071668827e-07], "reye_pose": [-3.410704721318325e-06, 8.583278031437658e-06, 1.2046033589285798e-05], "lhand_pose": [[-0.06212306767702103, 0.04675083979964256, -0.2324765920639038], [0.14811886847019196, 0.0016167917056009173, 0.4434523284435272], [-0.0647161602973938, 0.027131037786602974, 0.571036159992218], [-0.0033897641114890575, -0.32480865716934204, -0.26623305678367615], [0.09221784770488739, 0.05274033546447754, 0.7026653289794922], [0.026433050632476807, 0.00856170803308487, 0.47385966777801514], [0.33252832293510437, -0.14695033431053162, 0.3394821882247925], [0.12067214399576187, 0.14417627453804016, 0.31793487071990967], [0.1541806012392044, 0.07683780044317245, 0.32876157760620117], [0.16554494202136993, -0.26202085614204407, -0.01635648123919964], [0.11699781566858292, 0.028074007481336594, 0.6213527321815491], [0.05876651406288147, 0.0860062763094902, 0.3924475312232971], [-0.1005062609910965, 0.21783697605133057, 0.1245046854019165], [0.04969946667551994, 0.027715276926755905, -0.056080397218465805], [-0.09558559209108353, -0.21582715213298798, 0.1517941951751709]], "rhand_pose": [[-0.03273001313209534, -0.15127870440483093, -0.023086925968527794], [0.02862025611102581, -0.06575294584035873, -0.30295395851135254], [0.025897011160850525, -0.01031491532921791, -0.2087963968515396], [-0.012464779429137707, -0.02675030753016472, 0.023898256942629814], [0.05287817120552063, 0.049639053642749786, -0.4171188175678253], [-0.024699419736862183, 0.010587883181869984, -0.18957488238811493], [0.20943284034729004, 0.029978249222040176, -0.21117788553237915], [0.10933152586221695, -0.006537541747093201, -0.162162646651268], [-0.05172731727361679, 0.034587208181619644, -0.12599824368953705], [0.08849683403968811, -0.02831827476620674, -0.10349510610103607], [0.013816369697451591, 0.020462732762098312, -0.40395960211753845], [-0.021498259156942368, -0.0644620880484581, -0.12507984042167664], [-0.038379669189453125, -0.06728643923997879, -0.11389853805303574], [-0.10433507710695267, 0.39794525504112244, 0.34742042422294617], [-0.004379058722406626, -0.11213131994009018, -0.30610761046409607]], "expr": [-1.030491262099531e-06, 3.202567313564941e-05, -3.879003429574368e-07, -1.4730267139384523e-05, -1.4785967323405202e-05, 7.204248504422139e-07, -2.1512614694074728e-05, 6.577642125193961e-06, -6.3050019889487885e-06, -1.2757537660945673e-05, 3.0065610189922154e-05, -5.574150236498099e-06, 1.4606590411858633e-05, 6.701199254166568e-06, 1.6219826648011804e-05, 2.393892145846621e-06, -3.720676977536641e-05, 1.8754572010948323e-05, 1.0473628435647697e-06, 1.4360737168317428e-06, 2.2912004169484135e-06, -1.6063946532085538e-05, -1.4051434845896438e-05, -1.5703812096035108e-05, 5.027981842431473e-06, 5.220535967964679e-06, 1.084142604668159e-05, -3.273870333941886e-06, 7.06624405211187e-06, -1.4376362742041238e-05, -2.259029497508891e-05, 1.17316230898723e-05, 1.1834319593617693e-05, -6.707429747621063e-06, 3.805907181231305e-05, -5.134776802151464e-05, -2.6690634058468277e-06, 1.7155240129795857e-05, -3.1679960557084996e-06, -1.4764828847546596e-05, -2.801369021199207e-07, -1.6333960957126692e-05, -1.0808483239088673e-05, -2.0771326489921194e-06, 3.6207882203598274e-06, -3.76292118744459e-05, 3.162390385114122e-06, 9.240254257747438e-06, 2.1764464690932073e-05, -3.574342554202303e-05], "trans": [0.08299413323402405, 0.36878296732902527, 3.855631113052368]}