{"root_pose": [-2.8808391094207764, -0.045045703649520874, 0.11830968409776688], "body_pose": [[-0.13232813775539398, -0.055407486855983734, 0.0034472758416086435], [-0.2693786919116974, 0.017553601413965225, 0.03852361813187599], [0.008863123133778572, 0.03322005644440651, 0.0019884775392711163], [0.15524078905582428, -0.06032679229974747, -0.032748591154813766], [0.38027387857437134, 0.01685132458806038, 0.05777544900774956], [0.008169456385076046, 0.0021265174727886915, -0.0023797759786248207], [-0.34461188316345215, 0.21389007568359375, 0.001147634582594037], [-0.3280160427093506, -0.26478177309036255, -0.03282530605792999], [0.006897132843732834, 0.004565694369375706, 0.0010691949864849448], [0.1704932302236557, 0.39215806126594543, 0.025376129895448685], [0.0070221940986812115, -0.4458825886249542, -0.03183900564908981], [0.007562862243503332, 0.008392448537051678, -0.023253170773386955], [0.00556541932746768, -0.07911788672208786, -0.09218758344650269], [0.023100776597857475, 0.01989501342177391, 0.1175210177898407], [-0.0023840866051614285, 0.014088555239140987, 0.002435582224279642], [0.13871926069259644, -0.13024286925792694, -0.6250657439231873], [0.07514642179012299, 0.13500264286994934, 0.6952577233314514], [0.10997185856103897, -0.46309539675712585, 0.1321166455745697], [0.09852970391511917, 0.6157090067863464, -0.2765546143054962], [-0.6467859745025635, 0.10730615258216858, 0.014432838186621666], [-0.49298524856567383, -0.05610141158103943, -0.18360565602779388]], "jaw_pose": [0.015280654653906822, 0.004816513508558273, -0.0011950894258916378], "leye_pose": [-1.1955493391724303e-05, 3.052461579500232e-06, -8.219874871429056e-06], "reye_pose": [-5.2259139238231e-07, -5.397758286562748e-06, 1.2000969036307652e-06], "lhand_pose": [[-0.07184773683547974, 0.08712347596883774, 0.02602997049689293], [0.1097930446267128, -0.002849733689799905, 0.3954257667064667], [-0.05238468572497368, 0.04102534428238869, 0.49593210220336914], [-0.0013812469551339746, -0.2354349046945572, -0.0684162825345993], [0.09083260595798492, 0.06644566357135773, 0.6237416863441467], [0.03456316888332367, 0.035933688282966614, 0.40508848428726196], [0.3905107080936432, -0.15455393493175507, 0.40622639656066895], [0.0013701004208996892, 0.14959757030010223, 0.24743089079856873], [0.18277248740196228, 0.06066282466053963, 0.21122995018959045], [0.1636512726545334, -0.1351231336593628, 0.08163421601057053], [0.09634765982627869, 0.01834857277572155, 0.6126232743263245], [0.06485845893621445, 0.10571643710136414, 0.3359192907810211], [-0.21788552403450012, 0.12371476739645004, 0.13648156821727753], [0.010881425812840462, 0.028962193056941032, -0.012585125863552094], [-0.20853406190872192, -0.3490842282772064, 0.24880191683769226]], "rhand_pose": [[-0.1256578117609024, -0.0818844810128212, 0.04621007293462753], [0.14551250636577606, -0.027452362701296806, -0.2768288850784302], [-0.047502487897872925, -0.003084938507527113, -0.41284406185150146], [-0.03688888996839523, 0.1979716420173645, 0.16193066537380219], [0.07983994483947754, -0.025722552090883255, -0.5309070348739624], [0.004355993587523699, -0.030341098085045815, -0.26572728157043457], [0.41077306866645813, 0.18122237920761108, -0.24889497458934784], [-0.21062877774238586, -0.08594993501901627, -0.23932583630084991], [0.18616876006126404, 0.015933169052004814, -0.05401496961712837], [0.2123655080795288, 0.09014618396759033, 0.020711135119199753], [0.014552013017237186, 0.027952784672379494, -0.4702523946762085], [0.023112120106816292, -0.12120460718870163, -0.23287378251552582], [-0.1911899745464325, 0.03197883442044258, 0.10635882616043091], [0.1025884598493576, 0.08828334510326385, 0.2321714460849762], [-0.09453270584344864, 0.21087883412837982, -0.3275846540927887]], "expr": [-0.3433128595352173, 0.07650645822286606, -0.028143614530563354, -0.022846747189760208, 0.005499031860381365, -0.15855757892131805, 0.38708624243736267, 0.21818244457244873, -0.18868830800056458, -0.0559031218290329, 0.3904307782649994, -0.23489627242088318, -0.05347027629613876, 0.264027863740921, 0.12308447808027267, 0.00132364418823272, 0.21262642741203308, -0.172652468085289, 0.21143975853919983, 0.11529961973428726, -0.0034123649820685387, -0.06546217203140259, -0.12439057230949402, -0.09993277490139008, 0.06312083452939987, -0.18943604826927185, 0.06764592230319977, -0.11977943032979965, -0.1310986578464508, -0.02343275584280491, 0.03980279713869095, -0.12340746074914932, 0.06992067396640778, -0.038894832134246826, -0.0978408083319664, 0.0741058811545372, -0.07451575249433517, 0.036155421286821365, 0.10466749966144562, -0.1794537603855133, -0.38021326065063477, -0.05870092287659645, -0.013281791470944881, -0.1204661950469017, -0.13928869366645813, -0.05584845691919327, -0.09308801591396332, 0.15334290266036987, 0.020188618451356888, -0.10111407935619354], "trans": [0.07990134507417679, 0.37397223711013794, 3.94941782951355]}