{"root_pose": [-0.16461597383022308, 0.20912905037403107, 3.081043004989624], "body_pose": [[-0.3091052770614624, -0.09055955708026886, -0.00490488950163126], [-0.37486276030540466, 0.10766670852899551, -0.055971041321754456], [0.007313361391425133, -0.009972716681659222, -0.01480759959667921], [0.7463245987892151, 0.05628718435764313, 0.031000440940260887], [0.8256537914276123, -0.03326868265867233, 0.23232649266719818], [-0.0021855237428098917, -0.019246842712163925, -0.00539034977555275], [-0.5671442747116089, 0.22058755159378052, 0.0487012080848217], [-0.5495063662528992, -0.11971615999937057, -0.21364866197109222], [-0.006335140205919743, -0.010270179249346256, -0.01016639731824398], [0.038341060280799866, 0.8203462958335876, 0.08211290091276169], [0.03797711059451103, -0.6691210269927979, -0.09559605270624161], [-0.006869260687381029, 0.08462054282426834, -0.08071324974298477], [-0.05041499063372612, -0.11659857630729675, -0.16196413338184357], [-0.023989280685782433, 0.07372957468032837, 0.18453752994537354], [-0.015396174043416977, 0.035659100860357285, 0.019537104293704033], [-0.037872929126024246, -0.12355390936136246, -0.5609487295150757], [-0.007671931758522987, 0.09918665885925293, 0.6608405709266663], [-0.06606589257717133, -0.18513654172420502, 0.1495552808046341], [0.027156205847859383, 0.45984435081481934, -0.19673074781894684], [-0.45466920733451843, 0.2284809798002243, 0.0623922236263752], [-0.17817355692386627, -0.15519751608371735, -0.1816779524087906]], "jaw_pose": [1.2506749044405296e-05, 7.992318387550768e-06, 9.18008663575165e-06], "leye_pose": [-3.271730975029641e-06, 1.3008277619519504e-06, 8.750798770051915e-06], "reye_pose": [1.2085761227353942e-06, -3.543413185980171e-06, 9.155854058917612e-06], "lhand_pose": [[-0.07572676986455917, 0.04979623854160309, -0.2320520430803299], [0.1431306153535843, 0.0040776729583740234, 0.4298889636993408], [-0.06091751158237457, 0.018972883000969887, 0.5374332666397095], [-0.012062998488545418, -0.3311639130115509, -0.2819867730140686], [0.08857512474060059, 0.036475297063589096, 0.6875054240226746], [0.01914336532354355, 0.011550908908247948, 0.43635696172714233], [0.3669936954975128, -0.1338130086660385, 0.30208247900009155], [0.06788555532693863, 0.13858294486999512, 0.31772851943969727], [0.17376932501792908, 0.047641366720199585, 0.2894560694694519], [0.16812363266944885, -0.3018642067909241, -0.03344077989459038], [0.09544104337692261, 0.006348492112010717, 0.596450924873352], [0.04650028049945831, 0.09128330647945404, 0.3619533181190491], [-0.12080366164445877, 0.18166162073612213, 0.08336248993873596], [0.037212058901786804, -0.04032436013221741, -0.08935946971178055], [-0.07608309388160706, -0.19347411394119263, 0.16834449768066406]], "rhand_pose": [[-0.031350571662187576, -0.0748262107372284, 0.05583746358752251], [0.055507972836494446, -0.03598741814494133, -0.3107803761959076], [-0.0166061632335186, 0.011072204448282719, -0.30627894401550293], [-0.029550939798355103, -0.006972949951887131, 0.07128709554672241], [0.059840213507413864, 0.022020867094397545, -0.3634988069534302], [-0.008307560347020626, 0.020115558058023453, -0.21651960909366608], [0.1296745091676712, 0.018114278092980385, -0.0922708511352539], [0.15994574129581451, -0.03584925830364227, -0.14817661046981812], [-0.046789370477199554, 0.000566408911254257, -0.17153503000736237], [0.06607791781425476, 0.017075838521122932, 0.012823736295104027], [0.035142041742801666, 0.0005300432094372809, -0.401809960603714], [-0.006093435455113649, -0.06489203125238419, -0.1878008246421814], [-0.04519018158316612, 0.0008634697296656668, -0.11691058427095413], [-0.12152935564517975, 0.34302061796188354, 0.25944647192955017], [-0.02980472519993782, -0.019721027463674545, -0.2907494604587555]], "expr": [-2.7248009359936987e-07, -3.698801083373837e-05, 3.748880044440739e-05, -1.3032785091127153e-06, 1.0098583516082726e-05, 1.1245625501032919e-05, 1.4114497389527969e-05, 1.8796787117025815e-05, 6.1784216995874885e-06, 4.795710992766544e-06, 1.8557248040451668e-05, 1.2339780369075015e-05, -1.7764734366210178e-05, -9.663469427323435e-06, 2.369092544540763e-05, -6.534265139634954e-06, -4.690768491855124e-06, 8.660180355946068e-06, -1.14144154395035e-06, 2.4195833248086274e-05, -2.7084121029474773e-05, -1.6761288861744106e-05, -2.6132212951779366e-05, 2.2515225282404572e-05, -7.310163709917106e-06, 2.1511637896765023e-05, 4.832211197935976e-05, -1.555720518808812e-05, 8.9213090177509e-06, 4.7371086111525074e-05, -1.8760825696517713e-05, 1.2456014701456297e-05, 2.4499631763319485e-05, 1.798211451387033e-05, -6.992914222792024e-06, 2.045664041361306e-05, -3.263541293563321e-05, -1.5540408639935777e-05, -4.436978542798897e-06, -3.3642445487203076e-06, -3.49925198861456e-06, 1.1492625162645709e-06, -4.17660667153541e-05, -5.281184712657705e-06, 1.7167269106721506e-05, -7.1664817369310185e-06, 6.6595248426892795e-06, -1.8196487872046418e-06, -3.1235340429702774e-05, 2.1347281290218234e-05], "trans": [0.07744748890399933, 0.3669247329235077, 3.837735891342163]}