{"root_pose": [-0.36070516705513, 0.13026063144207, 3.0649490356445312], "body_pose": [[-0.38036733865737915, -0.09212744235992432, -0.00989790540188551], [-0.531678318977356, 0.1257501095533371, -0.12106365710496902], [0.0064825015142560005, -0.032875314354896545, -0.011896916665136814], [0.34455054998397827, -0.0014561868738383055, 0.03458518534898758], [0.540960967540741, -0.05011230707168579, 0.18034730851650238], [-0.0006196953472681344, -0.020376112312078476, -0.008451837114989758], [-0.1326684057712555, 0.2128625214099884, 0.00954907014966011], [-0.1348821222782135, -0.22901777923107147, -0.05682792142033577], [-0.0012480526929721236, -0.01868722029030323, -0.017771530896425247], [0.04841672629117966, 0.7294266819953918, 0.1163913905620575], [0.007477497681975365, -0.004554644227027893, -0.1309051513671875], [-0.005203403066843748, 0.09981400519609451, -0.14265692234039307], [-0.023740043863654137, -0.1383868008852005, -0.1825578361749649], [-0.014874156564474106, 0.03839099034667015, 0.19956237077713013], [-0.011019321158528328, 0.1692679226398468, 0.026327533647418022], [-0.011882503516972065, -0.12218037992715836, -0.5299845337867737], [0.03315680846571922, 0.09526146948337555, 0.672036349773407], [-0.06092049181461334, -0.165435329079628, 0.12742666900157928], [0.026556510478258133, 0.4619573652744293, -0.1769431084394455], [-0.4971458315849304, 0.25639718770980835, 0.14352348446846008], [-0.22095967829227448, -0.06776950508356094, -0.2044200897216797]], "jaw_pose": [-5.469918505696114e-06, -4.8017336666816846e-06, 7.561330676253419e-06], "leye_pose": [-4.9214445425604936e-06, 2.5910344447765965e-06, 2.3736040475341724e-06], "reye_pose": [-1.0345324881200213e-05, 9.622532161301933e-06, 1.8526229723647702e-06], "lhand_pose": [[-0.06149909272789955, 0.09573543071746826, -0.25747954845428467], [0.1388268917798996, 0.005980163812637329, 0.3546214699745178], [-0.05542311072349548, 0.012777240015566349, 0.5094462037086487], [-0.014418845996260643, -0.20801982283592224, -0.3093196451663971], [0.09065021574497223, 0.037945058196783066, 0.6620808839797974], [0.01911148801445961, 0.014425326138734818, 0.4133249521255493], [0.3499208688735962, -0.13530965149402618, 0.29287341237068176], [0.05772140994668007, 0.1385614424943924, 0.31822681427001953], [0.178324893116951, 0.0362069271504879, 0.2739814221858978], [0.1550808995962143, -0.17158661782741547, -0.0676288902759552], [0.08750376850366592, -0.0017354759620502591, 0.5931561589241028], [0.04051037132740021, 0.09425150603055954, 0.3539544939994812], [-0.09235875308513641, 0.08936749398708344, 0.07224053889513016], [0.06512301415205002, -0.04023463651537895, -0.12772424519062042], [-0.03834383562207222, -0.14124363660812378, 0.12616562843322754]], "rhand_pose": [[0.017595654353499413, -0.2103581428527832, 0.06735476106405258], [0.012167727574706078, -0.03561851754784584, -0.28117796778678894], [-0.00152271194383502, 0.008407354354858398, -0.17969803512096405], [-0.0455862432718277, -0.035316385328769684, 0.11647358536720276], [0.04993443563580513, 0.010430068708956242, -0.3837057054042816], [-0.0072095380164682865, 0.018100060522556305, -0.21847574412822723], [-0.005072958301752806, 0.32671210169792175, -0.1459297239780426], [0.218409463763237, -0.026233289390802383, -0.1728762835264206], [-0.09379055351018906, -0.010467802174389362, -0.19057458639144897], [0.025350388139486313, -0.0046247155405581, 0.08567050844430923], [0.03606697916984558, 0.01436742302030325, -0.3852103650569916], [-0.017510082572698593, -0.04266640916466713, -0.14857248961925507], [-0.0074181887321174145, -0.1547362059354782, -0.1800723671913147], [-0.15351493656635284, 0.3546617031097412, 0.21029412746429443], [0.026462292298674583, -0.03586870804429054, -0.25451725721359253]], "expr": [3.3136677757283906e-06, -3.0051791327423416e-05, 7.1127788032754324e-06, -2.7981230232398957e-05, 1.1204994734725915e-05, 2.4927783670136705e-05, -2.754226079559885e-05, 1.4491783986159135e-06, 2.6554213036433794e-05, 2.026714719249867e-05, 1.884575431176927e-05, 1.7203989045810886e-05, 4.84621250507189e-06, -5.825389507663203e-06, -1.8460239516571164e-05, 4.4676397692455794e-08, -2.9975575671414845e-05, 1.4255506357585546e-05, -9.952664186130278e-06, 1.5833940778975375e-05, 8.313305443152785e-06, 5.790811883343849e-06, -5.6075559768942185e-06, -1.0236404705210589e-05, 3.271806053817272e-05, 4.403128059493611e-06, -5.501211035152664e-06, 1.3090946595184505e-05, -7.363762506429339e-06, 6.750996703885903e-07, -2.297149876540061e-06, -1.427414554200368e-05, 1.3540799955080729e-05, -3.849891072604805e-06, -2.233898703707382e-05, 3.34876895067282e-05, -1.3469193618220743e-05, -1.605265606485773e-05, -1.3611361282528378e-05, -6.70179542794358e-06, 7.053037734294776e-06, 5.249829428066732e-06, 1.1448160876170732e-05, 1.7409647625754587e-05, -9.018682249006815e-06, 1.5008840819064062e-05, 1.980317938432563e-05, 2.5879313398036174e-05, -1.054143467627e-06, 6.908509021741338e-06], "trans": [0.0929248183965683, 0.3635234236717224, 3.899744749069214]}