{"root_pose": [-0.5559890270233154, 0.06685949116945267, 3.0245423316955566], "body_pose": [[-0.2880164086818695, -0.049119334667921066, 0.059005264192819595], [-0.41080954670906067, 0.1509435772895813, -0.04993003234267235], [0.0066049895249307156, -0.04629255831241608, 0.0023693556431680918], [0.06566040217876434, -0.06061488762497902, -0.030799249187111855], [0.287523478269577, -0.09816053509712219, 0.07611086219549179], [0.0029247573111206293, -0.022696906700730324, -0.006096541881561279], [0.08152785152196884, 0.1449153870344162, -0.040984559804201126], [0.029166312888264656, -0.27969714999198914, -0.06547854840755463], [0.0010881279595196247, -0.03279789537191391, -0.008239444345235825], [0.05200168117880821, 0.7283411622047424, 0.09309332072734833], [-0.0031646168790757656, -0.0003916342102456838, -0.1543402075767517], [-0.00252086971886456, 0.010722850449383259, -0.2273615151643753], [-0.029405003413558006, -0.06942581385374069, -0.1586771011352539], [-0.03704721853137016, 0.005210465751588345, 0.1464817076921463], [-0.008953355252742767, 0.372245192527771, 0.07226419448852539], [0.008478156290948391, -0.17818193137645721, -0.5792065262794495], [-0.01748853176832199, 0.09924311190843582, 0.7372557520866394], [0.008722431026399136, -0.12837739288806915, 0.1242792084813118], [0.017588602378964424, 0.45013898611068726, -0.14028187096118927], [-0.6419010758399963, 0.26088494062423706, 0.17095576226711273], [-0.25480061769485474, 0.1250004768371582, -0.1427856683731079]], "jaw_pose": [2.1802889023092575e-06, -1.3156679415260442e-05, -8.558752597309649e-06], "leye_pose": [1.2693676580965985e-06, -2.1306550479494035e-06, 7.390380233118776e-06], "reye_pose": [9.458318004362809e-07, 4.140185410506092e-06, -7.008257853158284e-06], "lhand_pose": [[-0.08584265410900116, 0.20244179666042328, -0.2240077704191208], [0.13415825366973877, 0.007499325554817915, 0.3791305124759674], [-0.04231369495391846, 0.017540879547595978, 0.4970146417617798], [0.020740576088428497, -0.16742005944252014, -0.28463998436927795], [0.08716273307800293, 0.025854390114545822, 0.665484607219696], [0.0035818356554955244, 0.03104788437485695, 0.32694515585899353], [0.5356033444404602, -0.13776566088199615, 0.35162585973739624], [-0.0349179282784462, 0.13940086960792542, 0.3511362373828888], [0.23668240010738373, -0.0022097823675721884, 0.2333182990550995], [0.20423105359077454, -0.12346132844686508, -0.04669850692152977], [0.06747054308652878, -0.0005908507737331092, 0.5656128525733948], [0.041234131902456284, 0.10062377154827118, 0.3322598934173584], [-0.17034344375133514, 0.06279286742210388, 0.06071901693940163], [0.09620993584394455, -0.02568908780813217, -0.2633141875267029], [-0.024456236511468887, -0.08309075981378555, 0.042202457785606384]], "rhand_pose": [[-0.01733957976102829, -0.23580722510814667, -0.03006015345454216], [-0.020666150376200676, -0.04310031980276108, -0.226984903216362], [0.053368017077445984, -0.0398537740111351, -0.06674342602491379], [0.013553742319345474, 0.07322921603918076, -0.002691559260711074], [0.02298983745276928, 0.01954094134271145, -0.14131931960582733], [-0.015012015588581562, 0.00935737881809473, -0.07419944554567337], [-0.08492341637611389, 0.4052436351776123, -0.1564827412366867], [0.06444080919027328, 0.037218127399683, -0.053390875458717346], [-0.08635038137435913, 0.010072893463075161, -0.07028018683195114], [0.0576934814453125, 0.1497645229101181, -0.0009683158714324236], [0.022611966356635094, 0.002555668819695711, -0.23726865649223328], [-0.01070226076990366, -0.05154184624552727, -0.08735085278749466], [-0.11450289189815521, -0.4472653567790985, -0.11427609622478485], [-0.06420290470123291, 0.17527945339679718, 0.23719851672649384], [-0.04726974666118622, 0.028073113411664963, -0.30430150032043457]], "expr": [1.9769158825511113e-05, -1.6519623386557214e-05, 4.5066026359563693e-05, -3.4159718779847026e-05, -2.3335831428994425e-05, -9.677441994426772e-07, -4.0972063288791105e-05, 1.675627936492674e-05, -1.3165632481104694e-05, 1.9092540242127143e-05, 5.270355359243695e-06, 8.567696568206884e-06, -2.0686300558736548e-05, -8.340336535184179e-06, -2.1049350834800862e-05, 1.121677087212447e-05, 3.5313239550305298e-06, 1.9968771084677428e-05, 3.6017121601616964e-05, 4.825077212444739e-06, -1.8207012544735335e-05, -6.353267508529825e-06, -3.3107735362136737e-05, -8.1623402365949e-06, -7.273431037901901e-06, -1.45753838296514e-05, -3.088773519266397e-05, -1.5304630096579785e-06, 2.2372159946826287e-05, 5.397760105552152e-06, 1.718133171380032e-05, -1.4271644431573804e-05, 4.02578261855524e-05, 5.004089871363249e-06, -2.790449343592627e-06, 1.4372340956469998e-05, -6.368372851284221e-06, -2.0441910237423144e-05, 1.8407781681162305e-05, 6.599927928618854e-06, 9.359648174722679e-06, 5.402644546848023e-06, -9.970101018552668e-06, -1.7402886442141607e-05, -1.2141488696215674e-05, -3.082955663558096e-05, 1.3085715181659907e-05, -3.059594291698886e-06, -4.118548076803563e-06, 4.463082586880773e-05], "trans": [0.13029471039772034, 0.36606234312057495, 3.910264492034912]}