{"root_pose": [-0.7889441847801208, 0.04395126923918724, 2.9954960346221924], "body_pose": [[-0.33444780111312866, -0.04466411471366882, 0.0495091937482357], [-0.3253819942474365, 0.176773339509964, -0.04565206170082092], [0.014184893108904362, -0.012938088737428188, -0.026319416239857674], [0.13260619342327118, -0.03784401714801788, -0.05958910658955574], [0.15051153302192688, -0.16771529614925385, 0.029744798317551613], [0.007645088247954845, 0.005147105548530817, -0.0018760587554425001], [0.03555548936128616, 0.1261339783668518, -0.04064100608229637], [0.039596524089574814, -0.29567521810531616, -0.05099288374185562], [0.004960010759532452, -0.00873483158648014, -0.008653784170746803], [0.10064460337162018, 0.6843251585960388, 0.14320655167102814], [-0.0009142700000666082, 0.0009819966508075595, -0.19926486909389496], [0.006984800100326538, 0.03320848569273949, -0.2603822648525238], [-0.03305752947926521, -0.05252315476536751, -0.12589368224143982], [-0.02678391896188259, -0.00273517076857388, 0.1431598961353302], [-0.0021221900824457407, 0.3474694490432739, 0.13932928442955017], [0.027623644098639488, -0.18239735066890717, -0.6226403713226318], [-0.04459001496434212, 0.09743355214595795, 0.7858667969703674], [0.012325357645750046, -0.16179275512695312, 0.10142078250646591], [-0.028869103640317917, 0.44697245955467224, -0.22507406771183014], [-0.7292187213897705, 0.18630380928516388, 0.1694190353155136], [-0.927420437335968, -0.11084336042404175, -0.07387675344944]], "jaw_pose": [0.1089702695608139, 0.014314651489257812, 0.07162593305110931], "leye_pose": [-2.0661725557147292e-06, -6.78376636642497e-06, -2.817481345118722e-06], "reye_pose": [3.288859261374455e-06, 5.502113708644174e-06, -5.1234692364232615e-06], "lhand_pose": [[-0.09727735817432404, 0.21453027427196503, -0.18502233922481537], [0.1090201586484909, 0.08307888358831406, 0.3412819504737854], [-0.01924305222928524, 0.025936150923371315, 0.4248529076576233], [0.035183485597372055, -0.1053658202290535, -0.28285810351371765], [0.08009714633226395, 0.01118376012891531, 0.6772385239601135], [-0.007352571468800306, 0.037009358406066895, 0.30736130475997925], [0.6304947137832642, -0.1553383469581604, 0.39951571822166443], [-0.130133256316185, 0.14577950537204742, 0.35458752512931824], [0.28091415762901306, -0.036638401448726654, 0.16228856146335602], [0.2352028340101242, -0.07590807229280472, -0.013255003839731216], [0.041869789361953735, -0.02454322762787342, 0.49885961413383484], [0.029443714767694473, 0.10401073843240738, 0.2977582812309265], [-0.25808584690093994, 0.020152781158685684, 0.10557624697685242], [0.45306846499443054, 0.06682262569665909, -0.3140511214733124], [-0.01624932698905468, -0.028785398229956627, 0.14185814559459686]], "rhand_pose": [[-0.022894665598869324, -0.23179370164871216, -0.09907646477222443], [0.05067398399114609, -0.0022436310537159443, -0.19337724149227142], [0.0176328606903553, -0.05185817554593086, -0.19573090970516205], [-0.01446493063122034, 0.027053382247686386, 0.06268269568681717], [0.0534847266972065, -0.040959540754556656, -0.36495599150657654], [0.012838253751397133, -0.01441104244440794, -0.33749058842658997], [0.12830036878585815, 0.3390604555606842, -0.4247196614742279], [-0.005899075418710709, -0.05121611803770065, -0.09645665436983109], [0.008901151828467846, -0.04542412981390953, -0.08796153962612152], [0.09352775663137436, 0.11002746224403381, -0.061889152973890305], [0.05780642479658127, -0.042851172387599945, -0.4403684735298157], [0.026102321222424507, -0.05270490422844887, -0.2010292261838913], [-0.1376606822013855, -0.5029946565628052, -0.13747018575668335], [0.04191795736551285, -0.13261428475379944, 0.049596454948186874], [-0.07391365617513657, 0.07943916320800781, -0.15663586556911469]], "expr": [0.7526199221611023, 0.320145845413208, 0.2776726484298706, 0.617003321647644, -0.9680250883102417, -0.49703213572502136, 0.27079495787620544, -0.41949325799942017, 0.4927996098995209, 0.31146055459976196, -0.04051881656050682, 0.35739490389823914, 0.2216174304485321, -0.07273752242326736, 0.3747890889644623, -0.4070025384426117, -0.49304088950157166, -0.1483578234910965, -0.20091095566749573, 0.5033433437347412, 0.01572706364095211, -0.1614590436220169, 0.29134130477905273, -0.07962525635957718, -0.32536208629608154, 0.0991988554596901, 0.1967296153306961, 0.05998603627085686, 0.000610446440987289, 0.0949878990650177, 0.14610478281974792, -0.13251489400863647, 0.023481078445911407, 0.033593613654375076, 0.05626433715224266, 0.030378349125385284, 0.07969900220632553, 0.08243607729673386, -0.05927842855453491, 0.0015471104998141527, -0.16447864472866058, 0.1849573254585266, 0.002925174543634057, -0.11734876036643982, -0.004431034903973341, 0.15484799444675446, 0.010075288824737072, -0.059264060109853745, 0.056585654616355896, -0.11308132857084274], "trans": [0.1644096076488495, 0.3636702597141266, 3.892442464828491]}