{"root_pose": [-1.0768083333969116, -0.048217806965112686, 2.8969521522521973], "body_pose": [[-0.3028130829334259, -0.028284212574362755, 0.029398897662758827], [-0.1926383227109909, 0.07533559203147888, -0.0260960441082716], [0.013881491497159004, -0.010543451644480228, -0.05214662477374077], [0.4291922450065613, -0.07729122042655945, -0.020310642197728157], [0.19036978483200073, -0.2839941084384918, 0.06667396426200867], [0.009035388007760048, 0.0006755103240720928, -0.014208872802555561], [-0.032264161854982376, 0.13912546634674072, -0.025244195014238358], [0.0714670866727829, -0.35135436058044434, -0.05571116507053375], [0.006045629270374775, -0.013474595732986927, -0.00969636719673872], [0.11403334885835648, 0.5737844705581665, 0.018172143027186394], [0.0009392625070177019, 0.000597582955379039, -0.14970837533473969], [-0.0005852793692611158, -0.00887809507548809, -0.3183077275753021], [-0.021400177851319313, -0.03910601884126663, -0.10920136421918869], [-0.07612892240285873, -0.05784863978624344, 0.16142240166664124], [-0.011618313379585743, 0.39530208706855774, 0.2686023414134979], [-0.014213396236300468, -0.17234300076961517, -0.6242689490318298], [-0.019447389990091324, 0.08883530646562576, 0.8571861386299133], [0.09386027604341507, -0.2577732801437378, 0.0894986242055893], [0.013736115768551826, 0.40733614563941956, -0.17190547287464142], [-0.6237067580223083, 0.22364556789398193, 0.16968153417110443], [-0.6177327632904053, 0.0202043280005455, -0.09699267894029617]], "jaw_pose": [0.026797357946634293, 0.011435509659349918, 0.08748850226402283], "leye_pose": [4.885511089014472e-07, 3.7975908071530284e-06, 1.1396085028536618e-05], "reye_pose": [4.250809524819488e-06, -1.8742582597042201e-06, 8.628218893136363e-06], "lhand_pose": [[-0.13566070795059204, 0.18244436383247375, -0.12277039885520935], [0.1284809410572052, 0.04041289910674095, 0.3175041973590851], [-0.027865245938301086, 0.022436419501900673, 0.4637719690799713], [0.007556178607046604, -0.10602427273988724, -0.2674511671066284], [0.09875022619962692, 0.015341933816671371, 0.7539335489273071], [-0.0002176310954382643, 0.04431629553437233, 0.42009735107421875], [0.6588582396507263, -0.19424018263816833, 0.4123638868331909], [-0.17147403955459595, 0.14378780126571655, 0.38316547870635986], [0.319259911775589, -0.02555939368903637, 0.19000954926013947], [0.24976077675819397, -0.04261571168899536, 0.008672469295561314], [0.05388306453824043, -0.025473657995462418, 0.592095136642456], [0.04164059832692146, 0.1242029219865799, 0.3604918122291565], [-0.30704185366630554, -0.03558091074228287, 0.11292316019535065], [0.3814988434314728, 0.06670510768890381, -0.20699544250965118], [-0.020004628226161003, -0.09017711132764816, 0.19462065398693085]], "rhand_pose": [[-0.015700096264481544, -0.19371271133422852, -0.11868762969970703], [-0.006985068321228027, -0.040000997483730316, -0.39558666944503784], [0.07098650932312012, -0.05125978961586952, -0.12648046016693115], [0.021873682737350464, 0.23075546324253082, -0.1206807866692543], [0.021117564290761948, 0.09651697427034378, -0.4554399251937866], [-0.015477030538022518, -0.02221640758216381, -0.21844755113124847], [0.153055340051651, 0.625464141368866, -0.563260018825531], [0.014997913502156734, -0.0029978833626955748, -0.15477252006530762], [-0.0029366116505116224, -0.009206274524331093, -0.12221837043762207], [0.08148391544818878, 0.4036376476287842, -0.22896265983581543], [0.06529361009597778, -0.016459880396723747, -0.508968710899353], [0.020666036754846573, -0.045051563531160355, -0.20474284887313843], [-0.21669097244739532, -0.6848371028900146, -0.05558745563030243], [0.012948735617101192, 0.00153452274389565, 0.2185909003019333], [-0.06211121380329132, 0.07344858348369598, -0.28706860542297363]], "expr": [0.6283850073814392, 0.3961728513240814, 0.2994735836982727, 0.6106081008911133, -0.8710305094718933, -0.43335315585136414, 0.16010963916778564, -0.3957701325416565, 0.3863363265991211, 0.2759762406349182, -0.06753505766391754, 0.39627042412757874, 0.17525266110897064, 0.03919365629553795, 0.18446148931980133, -0.4041591286659241, -0.4287157356739044, -0.21289412677288055, -0.17340782284736633, 0.4560443162918091, 0.12457676976919174, -0.1541081964969635, 0.2869710326194763, -0.03195920214056969, -0.2867269515991211, 0.09516188502311707, 0.2056863009929657, 0.01800982467830181, 0.03964666277170181, 0.06854807585477829, 0.1183728277683258, -0.14088155329227448, 0.09933759272098541, 0.11904826760292053, 0.02386428415775299, 0.02683219686150551, -0.042963430285453796, 0.008669296279549599, -0.047165192663669586, 0.03924562782049179, -0.11852788925170898, 0.11488277465105057, -0.0342889241874218, -0.0788862332701683, -0.03810776397585869, 0.1585606187582016, -0.016797421500086784, -0.055366043001413345, 0.03968176990747452, -0.10741562396287918], "trans": [0.16695371270179749, 0.35162922739982605, 3.945253849029541]}