{"root_pose": [-1.1054295301437378, -0.010695232078433037, 2.8367433547973633], "body_pose": [[-0.1994205117225647, -0.03692112863063812, 0.0354970283806324], [-0.26598483324050903, 0.13750888407230377, 0.03520354628562927], [0.014138994738459587, 0.022429073229432106, -0.056539203971624374], [0.08269617706537247, 0.014911940321326256, -0.0202118381857872], [0.25207820534706116, -0.18903736770153046, 0.04437663406133652], [0.00955326296389103, 0.024645725265145302, -0.010752658359706402], [0.16792316734790802, 0.1780882477760315, 0.05482252314686775], [0.04841072857379913, -0.3035074770450592, -0.024114999920129776], [0.006442622747272253, 0.0035722306929528713, -0.0043892511166632175], [0.06790845841169357, 0.4550735652446747, 0.008343732915818691], [0.009527856484055519, 0.0038439591880887747, -0.1306927353143692], [0.0018240489298477769, -0.11494943499565125, -0.23486725986003876], [-0.012596715241670609, 0.000382066733436659, -0.11011330783367157], [-0.06440872699022293, -0.029037056490778923, 0.18731719255447388], [-0.010073247365653515, 0.5972785949707031, 0.2451317012310028], [0.018807845190167427, -0.18066656589508057, -0.7049506306648254], [-0.011063119396567345, 0.15590399503707886, 0.8772460222244263], [0.009944787248969078, -0.38290873169898987, 0.1340046375989914], [0.0618356354534626, 0.43619850277900696, -0.2537456154823303], [-0.567531168460846, 0.2364187389612198, 0.16934195160865784], [-0.1716671586036682, 0.17193812131881714, -0.15361548960208893]], "jaw_pose": [0.14787745475769043, 0.013013607822358608, -0.061733391135931015], "leye_pose": [-6.355135155899916e-06, -3.109049657723517e-07, 9.883618986350484e-06], "reye_pose": [-7.60106740926858e-06, -6.759981260984205e-06, -7.333235885198519e-07], "lhand_pose": [[-0.11822498589754105, 0.23358584940433502, -0.1608746200799942], [0.10753988474607468, 0.003242029808461666, 0.36771756410598755], [-0.00913162250071764, 0.029305657371878624, 0.45390698313713074], [0.04620934650301933, -0.04858057200908661, -0.19751626253128052], [0.09523305296897888, 0.028595658019185066, 0.7738829255104065], [0.004044342786073685, 0.046838823705911636, 0.4478788375854492], [0.6682221293449402, -0.2666817307472229, 0.48250487446784973], [-0.16086779534816742, 0.13784202933311462, 0.38721194863319397], [0.3070509731769562, -0.013207122683525085, 0.21450349688529968], [0.2537188231945038, -0.022766072303056717, 0.07664216309785843], [0.08225137740373611, -0.0033109202049672604, 0.601448655128479], [0.05384319648146629, 0.11024190485477448, 0.38015270233154297], [-0.3264903128147125, -0.029549000784754753, 0.11509885638952255], [0.2917124927043915, 0.24614739418029785, -0.19823753833770752], [-0.12985970079898834, -0.15373603999614716, 0.23035626113414764]], "rhand_pose": [[0.3790709972381592, -0.19876137375831604, 0.23973599076271057], [0.19351208209991455, -0.13043507933616638, 1.2243432998657227], [-0.015001572668552399, 0.02256900817155838, -0.028123952448368073], [0.08781605213880539, 0.03366238996386528, 0.8882982730865479], [0.06897275149822235, -0.11157827079296112, 0.5496232509613037], [-0.0048137204721570015, 0.004403376951813698, 0.0001285643520532176], [-0.44650498032569885, 0.3363572061061859, 0.09813959896564484], [-0.1190200075507164, 0.013328245840966702, 0.040585849434137344], [-0.06730582565069199, -0.006195944733917713, 0.07499628514051437], [-0.03749021515250206, 0.2782885432243347, 0.5956320762634277], [-0.0611426942050457, 0.02062997594475746, 0.5762948393821716], [-0.02822452411055565, -0.06859217584133148, 0.019547702744603157], [-0.060542672872543335, -0.5842406749725342, -0.28765565156936646], [-0.00909293070435524, -0.04267233982682228, 0.07813038676977158], [0.05273224785923958, -0.058098096400499344, -0.06619219481945038]], "expr": [0.20046468079090118, 0.4328123927116394, 0.4471357762813568, 0.6344617009162903, -1.035683512687683, -0.9120674133300781, -0.027435822412371635, -0.5276684761047363, 0.751528799533844, 0.3423146605491638, -0.40849852561950684, 0.7202474474906921, 0.0634591206908226, -0.06495735049247742, 0.3365592062473297, -0.5198925137519836, -0.7812046408653259, -0.11396025866270065, -0.161403626203537, 0.5284355878829956, 0.09526979178190231, -0.3322750926017761, 0.3995404541492462, -0.05452606827020645, -0.3208676278591156, 0.26574695110321045, 0.0034446895588189363, 0.1481671929359436, 0.06461917608976364, 0.053656384348869324, -0.023943400010466576, -0.07788608223199844, 0.233413428068161, 0.03203193470835686, 0.026770761236548424, 0.04659941419959068, -0.08974474668502808, 0.10509081929922104, 0.034216463565826416, 0.012568356469273567, 0.08730098605155945, 0.05525244399905205, -0.03825254738330841, 0.07129816710948944, -0.13914526998996735, -0.02599961869418621, 0.016011863946914673, 0.04313099384307861, -0.10742302238941193, -0.00649852491915226], "trans": [0.15738032758235931, 0.35196372866630554, 3.943958282470703]}