{"root_pose": [-1.9608961343765259, 0.0708978995680809, 2.3787152767181396], "body_pose": [[-0.1757063865661621, 0.02313961833715439, -0.11133799701929092], [-0.02545170485973358, 0.008244973607361317, -0.1950893998146057], [0.025303024798631668, 0.01805720664560795, -0.00355847692117095], [0.1118464469909668, 0.22806359827518463, -0.009568438865244389], [0.019784672185778618, -0.3619852066040039, -0.001183849642984569], [0.013906897976994514, 0.020484065636992455, 0.010485386475920677], [-0.14203986525535583, 0.22127798199653625, 0.24447603523731232], [0.23982974886894226, -0.42875614762306213, -0.0003898673166986555], [0.004392178263515234, 0.0050468663685023785, 0.00047925152466632426], [0.0029812115244567394, -0.49580201506614685, 0.028532207012176514], [0.0013562955427914858, 0.006294185295701027, 0.001972056459635496], [0.007695074658840895, -0.288183331489563, -0.4002057909965515], [-0.053330376744270325, -0.23949436843395233, -0.26898929476737976], [-0.09430519491434097, 0.3371109366416931, 0.5125392079353333], [-0.003955168183892965, 0.23113419115543365, 0.19240035116672516], [0.007064326200634241, -0.31256115436553955, -0.8011919260025024], [-0.02230174094438553, 0.4133017659187317, 0.8482764363288879], [0.14141406118869781, -0.4956764280796051, 0.042917411774396896], [0.31060925126075745, 0.4973119795322418, -0.11866644769906998], [-0.39125165343284607, 0.36908748745918274, 0.23108792304992676], [0.12994372844696045, -0.10017436742782593, -0.14508570730686188]], "jaw_pose": [0.1616034209728241, 0.02415081299841404, -0.14875924587249756], "leye_pose": [4.671319402405061e-06, 3.4150650662923e-06, 1.0491723969607847e-06], "reye_pose": [-1.0737352567957714e-05, 9.051004781213123e-06, 2.001786469918443e-06], "lhand_pose": [[-0.1335543543100357, 0.1742534041404724, -0.12208613008260727], [0.12096541374921799, 0.023592593148350716, 0.33075547218322754], [-0.023510226979851723, 0.026453308761119843, 0.47785699367523193], [0.003285821061581373, -0.11846347153186798, -0.20642660558223724], [0.1201242059469223, 0.02858898416161537, 0.7995363473892212], [0.01460944302380085, 0.04890213534235954, 0.46479931473731995], [0.6279224753379822, -0.35245481133461, 0.43256017565727234], [-0.12450626492500305, 0.11858803778886795, 0.39564967155456543], [0.3076123893260956, 0.010105505585670471, 0.23993843793869019], [0.2625807821750641, -0.13436642289161682, -0.0054534864611923695], [0.08044640719890594, -0.009073656052350998, 0.6837033033370972], [0.05904071033000946, 0.134544238448143, 0.4069076478481293], [-0.328083872795105, 0.003323366865515709, 0.14240732789039612], [0.14489425718784332, 0.05698895454406738, -0.17596526443958282], [-0.15176750719547272, -0.21176283061504364, 0.2783825397491455]], "rhand_pose": [[-0.08256859332323074, -0.12427576631307602, 0.14112673699855804], [0.08184318989515305, 0.0042344797402620316, -0.09347638487815857], [-0.014009229838848114, 0.03746237978339195, -0.11161092668771744], [-0.12307335436344147, -0.007439117878675461, 0.01513677928596735], [0.028559347614645958, 0.026035461574792862, -0.2759546935558319], [-0.0031553260050714016, 0.009078813716769218, -0.014045779593288898], [-0.09268853068351746, 0.2677314579486847, -0.4363473951816559], [-0.14449116587638855, 0.03597183898091316, -0.010591477155685425], [-0.0487079918384552, 0.01936151087284088, 0.0899922177195549], [0.02163895219564438, 0.10452676564455032, -0.09112092852592468], [-0.06570620089769363, 0.06279682368040085, -0.24381889402866364], [-0.025024645030498505, -0.05484648421406746, -0.03007839433848858], [-0.07207252830266953, -0.05131206661462784, -0.09411226212978363], [-0.0024299882352352142, 0.007282422389835119, 0.09969934821128845], [0.02797038108110428, -0.04483667016029358, -0.10314285010099411]], "expr": [0.13740064203739166, 0.23686295747756958, 0.27529773116111755, 0.4007342755794525, -0.7067995667457581, -0.6059333086013794, -0.037260107696056366, -0.37202051281929016, 0.5399718880653381, 0.286068856716156, -0.5024932026863098, 0.604162335395813, 0.040170397609472275, -0.08247964829206467, 0.338731586933136, -0.43960893154144287, -0.7273707389831543, -0.1950593739748001, -0.2123323231935501, 0.6244094967842102, 0.02607189118862152, -0.4388143718242645, 0.48807305097579956, 0.026571117341518402, -0.2432393580675125, 0.2341214418411255, -0.004466416779905558, 0.06574057787656784, 0.11313912272453308, 0.08831803500652313, 0.12861689925193787, -0.013151229359209538, 0.1892693042755127, -0.13176891207695007, 0.1742856800556183, -0.036756981164216995, 0.32765358686447144, 0.15724153816699982, 0.01242117490619421, 0.04280067980289459, -0.04428742080926895, 0.21296069025993347, 0.16011947393417358, 0.03583979979157448, 0.012875265441834927, 0.14279024302959442, 0.17881523072719574, -0.05651624873280525, 0.0934913158416748, 0.025293409824371338], "trans": [0.08507788926362991, 0.3615831434726715, 3.9102253913879395]}