{"root_pose": [-2.1340668201446533, 0.046068836003541946, 2.143948554992676], "body_pose": [[-0.21072903275489807, -0.003952749073505402, -0.027842162176966667], [-0.1072978526353836, 0.016131481155753136, -0.13803508877754211], [0.02228579670190811, -0.030067645013332367, 0.007624012418091297], [0.13092949986457825, 0.12250375747680664, 0.09389905631542206], [0.18021856248378754, -0.3674771189689636, -0.04586638882756233], [0.012030416168272495, 0.0037634505424648523, 0.031013891100883484], [-0.10229655355215073, 0.18472184240818024, 0.09092257171869278], [0.2347036749124527, -0.5534339547157288, 0.06640849262475967], [0.005333885550498962, -0.01818303018808365, 0.017346959561109543], [0.004684542305767536, -0.47118428349494934, 0.04906144738197327], [0.004262865986675024, 1.2364524602890015, -0.02432795614004135], [0.006763982120901346, -0.188704252243042, -0.3731008470058441], [-0.046933263540267944, -0.17190459370613098, -0.3186332881450653], [-0.09202379733324051, 0.16192704439163208, 0.4035428464412689], [-0.0041208998300135136, 0.09489691257476807, 0.1362076699733734], [0.013073226436972618, -0.23981070518493652, -0.7969123721122742], [0.0001310263469349593, 0.3745744526386261, 0.9296697974205017], [0.11009817570447922, -0.5604778528213501, 0.07179979234933853], [0.35900983214378357, 0.5393259525299072, -0.1177876889705658], [-0.2915334403514862, 0.2932946979999542, 0.2546822726726532], [0.13838505744934082, -0.06162620335817337, 0.003222322789952159]], "jaw_pose": [0.20282389223575592, 0.02934427186846733, -0.15347863733768463], "leye_pose": [-3.2145094337465707e-06, 6.3413745010620914e-06, 1.4822708180872723e-06], "reye_pose": [-1.6495832824148238e-06, -7.628033927176148e-06, 7.544480467913672e-06], "lhand_pose": [[-0.09008632600307465, 0.25226959586143494, -0.04522445797920227], [0.10186544805765152, 0.0021295337937772274, 0.30202001333236694], [-0.017471428960561752, 0.038230713456869125, 0.46304354071617126], [-0.036759547889232635, -0.059762146323919296, -0.19937829673290253], [0.13784091174602509, 0.057181648910045624, 0.7500502467155457], [0.027403056621551514, 0.055354043841362, 0.47118842601776123], [0.4746687710285187, -0.39483946561813354, 0.3528911769390106], [-0.05236809328198433, 0.16419696807861328, 0.32103651762008667], [0.2473178207874298, 0.046383243054151535, 0.2442818135023117], [0.21544992923736572, -0.1340077668428421, -0.10357821732759476], [0.08327411860227585, 0.004618310369551182, 0.6813653707504272], [0.062275491654872894, 0.1327468305826187, 0.4086001217365265], [-0.2234967201948166, 0.020081762224435806, 0.12170623242855072], [0.03449732065200806, 0.01233072392642498, -0.07652798295021057], [-0.13985884189605713, -0.24261130392551422, 0.2547348141670227]], "rhand_pose": [[-0.032335828989744186, -0.17107263207435608, 0.14413945376873016], [0.1115170493721962, 0.03594787418842316, -0.2451278418302536], [-0.06935326755046844, -0.042842164635658264, -0.43868520855903625], [-0.028911618515849113, 0.1178763136267662, 0.24187958240509033], [0.11692824959754944, 0.0224275141954422, -0.5464087128639221], [0.0427822545170784, -0.01265665516257286, -0.4300384819507599], [0.46287432312965393, 0.22700151801109314, -0.5851857662200928], [0.18702362477779388, -0.206290602684021, -0.27245965600013733], [0.17681460082530975, -0.09783519804477692, -0.3168117105960846], [0.16141964495182037, 0.2581195533275604, 0.03197622671723366], [0.11577395349740982, -0.05676594749093056, -0.5752594470977783], [0.0641600489616394, -0.0837649405002594, -0.3713357746601105], [-0.19795946776866913, -0.257708877325058, -0.15329188108444214], [0.08500809967517853, -0.19089730083942413, -0.12352211773395538], [-0.05977027863264084, 0.19340316951274872, 0.02440592274069786]], "expr": [0.2858773469924927, 0.11395609378814697, 0.35801899433135986, 0.41307544708251953, -0.7323229908943176, -0.7362145185470581, -0.1067991629242897, -0.48428669571876526, 0.5493345260620117, 0.5400874614715576, -0.6756605505943298, 0.7870732545852661, 0.003037223592400551, -0.1753852665424347, 0.39349842071533203, -0.5866265296936035, -0.9653536677360535, -0.21028544008731842, -0.2533479332923889, 0.7386531233787537, 0.048548050224781036, -0.5224892497062683, 0.5577157139778137, 0.05941265821456909, -0.2178390771150589, 0.2972409725189209, -0.01366539765149355, 0.15318521857261658, 0.07456782460212708, 0.01667061261832714, 0.058461397886276245, 0.004006978124380112, 0.2309654802083969, -0.17770028114318848, 0.18672433495521545, -0.07870551943778992, 0.2523578107357025, 0.04570598527789116, 0.027890149503946304, 0.15287582576274872, 0.02305985987186432, 0.13007251918315887, 0.18396663665771484, 0.09495769441127777, -0.03680707514286041, 0.09923996031284332, 0.03268648684024811, 0.013783660717308521, 0.012104933150112629, 0.053644970059394836], "trans": [0.0731486976146698, 0.3502729833126068, 3.9872639179229736]}