{"root_pose": [-2.261486291885376, 0.03616891801357269, 2.0069918632507324], "body_pose": [[-0.2056836485862732, -0.0017286486690863967, -0.031163731589913368], [-0.1440146565437317, -0.030553139746189117, -0.0998821035027504], [0.018692508339881897, -0.06978534162044525, 0.01997038722038269], [0.1427162140607834, -0.01593497395515442, 0.20249684154987335], [0.06156141683459282, -0.23897641897201538, 0.019774841144680977], [0.01379280723631382, -0.028476199135184288, 0.007177963387221098], [-0.08104288578033447, 0.1813916265964508, -0.012030897662043571], [-0.05020704120397568, -0.2270660251379013, 0.05254969373345375], [0.008313457481563091, -0.06079091504216194, -0.0017702861223369837], [-0.010572590865194798, -0.42274487018585205, -0.0026434888131916523], [-0.010733718052506447, 0.7987444400787354, 0.04323383420705795], [0.004507093690335751, -0.2055721879005432, -0.36989378929138184], [-0.006561152171343565, -0.06605181097984314, -0.2514314651489258], [-0.05067659169435501, 0.028947988525032997, 0.31306764483451843], [-0.007094996050000191, 0.22154393792152405, 0.16585007309913635], [0.028666367754340172, -0.17591455578804016, -0.8765236735343933], [0.04554769769310951, 0.33668282628059387, 1.0768386125564575], [0.054937124252319336, -0.6149954199790955, 0.18859075009822845], [0.23565751314163208, 0.5805917978286743, -0.12124479562044144], [-0.22700054943561554, 0.20872122049331665, 0.10707152634859085], [0.08559790253639221, -0.007737451698631048, -0.012467129155993462]], "jaw_pose": [0.1756957769393921, 0.023787356913089752, -0.11752307415008545], "leye_pose": [-2.487531219230732e-06, 1.7936778021976352e-05, -5.4069296311354265e-06], "reye_pose": [2.847244559234241e-06, -6.357527126965579e-06, -5.3646768805037937e-08], "lhand_pose": [[-0.07214049249887466, 0.23138442635536194, -0.05138954147696495], [0.10806923359632492, -0.001655140076763928, 0.3198826313018799], [-0.011886117979884148, 0.04105006903409958, 0.46390703320503235], [-0.07518147677183151, -0.051883138716220856, -0.34944799542427063], [0.17035582661628723, 0.011165899224579334, 0.747482419013977], [0.04613688588142395, 0.024615852162241936, 0.47963330149650574], [0.34063252806663513, -0.4399949908256531, 0.25035062432289124], [0.042270466685295105, 0.17186389863491058, 0.2931094169616699], [0.19330228865146637, 0.07464335858821869, 0.26182153820991516], [0.1654527187347412, -0.1585470288991928, -0.22007596492767334], [0.07863444089889526, 0.018155720084905624, 0.6966394782066345], [0.05665122717618942, 0.13413335382938385, 0.4091460108757019], [-0.17238043248653412, 0.03665301576256752, 0.11499480903148651], [0.022532230243086815, 0.03142267093062401, -0.07475022226572037], [-0.13778868317604065, -0.28273412585258484, 0.2763843536376953]], "rhand_pose": [[-0.03707607090473175, -0.31117334961891174, 0.0883987620472908], [0.1206490769982338, 0.02688531205058098, -0.2663559019565582], [-0.04556819424033165, -0.04917534440755844, -0.3898753225803375], [-0.0013765738112851977, 0.08476027846336365, 0.24088892340660095], [0.09260852634906769, -0.06060020998120308, -0.5896226167678833], [0.028882097452878952, -0.034952424466609955, -0.43414077162742615], [0.36276158690452576, 0.4013482630252838, -0.3950962424278259], [0.016035716980695724, -0.14115437865257263, -0.24437396228313446], [0.19720926880836487, -0.04112713783979416, -0.21650515496730804], [0.19820135831832886, 0.12616682052612305, -0.02143428474664688], [0.11571246385574341, -0.05853644758462906, -0.5974956750869751], [0.06363822519779205, -0.0840020626783371, -0.3640865087509155], [-0.14463794231414795, -0.2703506350517273, -0.24486669898033142], [0.10023903846740723, -0.20982716977596283, -0.036055322736501694], [-0.04331528767943382, 0.06564763188362122, 0.020569322630763054]], "expr": [-0.038057416677474976, 0.004646664019674063, 0.19616426527500153, 0.22666361927986145, -0.4610939919948578, -0.5323513150215149, -0.21273654699325562, -0.29238763451576233, 0.39251643419265747, 0.40474170446395874, -0.5961049795150757, 0.5730599164962769, 0.012658130377531052, -0.040812693536281586, 0.36164042353630066, -0.43353185057640076, -0.6851100325584412, -0.21721455454826355, -0.17573542892932892, 0.6838175654411316, -0.11360050737857819, -0.37532326579093933, 0.4559609889984131, 0.064933180809021, -0.17743559181690216, 0.1971024125814438, 0.05039380118250847, 0.05687161162495613, 0.02144615538418293, 0.0426919125020504, 0.164669468998909, -0.024540234357118607, 0.15700429677963257, -0.22430981695652008, 0.19737012684345245, -0.06448505818843842, 0.42494991421699524, 0.12638694047927856, 0.057654254138469696, 0.12160803377628326, -0.1241290271282196, 0.22579726576805115, 0.14912711083889008, -0.021922506392002106, 0.03372529149055481, 0.1511896252632141, 0.14221583306789398, -0.05439092591404915, 0.10846750438213348, 0.04129235818982124], "trans": [0.059874001890420914, 0.34857138991355896, 4.002298831939697]}