{"root_pose": [-2.290811777114868, 0.11693935096263885, 1.9912538528442383], "body_pose": [[-0.25419244170188904, -0.031280022114515305, -0.01700456067919731], [-0.20701013505458832, -0.11783985793590546, -0.08969622850418091], [0.010968584567308426, -0.046140171587467194, 0.014841011725366116], [0.1652536690235138, 0.044898852705955505, 0.23906944692134857], [0.10865242034196854, -0.009521964937448502, -0.007556655444204807], [0.009426971897482872, -0.007378208916634321, -0.017258180305361748], [-0.043708913028240204, 0.20751707255840302, -0.11980956792831421], [-0.041522346436977386, -0.17255857586860657, 0.03762996941804886], [0.0058519961312413216, -0.017839400097727776, -0.04036404937505722], [0.00950760766863823, -0.47791415452957153, -0.001247359556145966], [0.000938290439080447, 0.6201154589653015, 0.003955026622861624], [0.009869943372905254, -0.22370699048042297, -0.358193576335907], [-0.013013935647904873, -0.022172117605805397, -0.20513831079006195], [-0.04940808191895485, -0.05047611892223358, 0.17678308486938477], [-0.002875457750633359, 0.28651848435401917, 0.19020359218120575], [0.030454028397798538, -0.16604529321193695, -0.8896048069000244], [0.06994771212339401, 0.21138256788253784, 1.0169792175292969], [-0.02670547552406788, -0.5764464735984802, 0.2137249857187271], [0.26321104168891907, 0.4914434552192688, -0.010221111588180065], [-0.29454392194747925, 0.18692216277122498, 0.04659868776798248], [-0.08975271135568619, 0.1958448439836502, 0.14285534620285034]], "jaw_pose": [0.14745482802391052, 0.02272598259150982, -0.06499888747930527], "leye_pose": [-1.0931395991065074e-05, -7.4785243668884505e-06, 4.089821231900714e-06], "reye_pose": [-5.295259143167641e-06, -3.459363824731554e-06, -1.3907301763538271e-05], "lhand_pose": [[-0.03571215644478798, 0.357695609331131, 0.06080178543925285], [0.06590187549591064, -0.00414191372692585, 0.26762956380844116], [0.010838782414793968, 0.044899411499500275, 0.3980702757835388], [-0.09060521423816681, 0.07121965289115906, -0.38893961906433105], [0.1474096179008484, 0.11758828163146973, 0.6285974979400635], [0.06598805636167526, 0.03830648958683014, 0.42936643958091736], [-0.1424984633922577, -0.2061394453048706, -0.02954481728374958], [0.4699297249317169, 0.21268391609191895, 0.18438541889190674], [-0.03337976336479187, 0.17030023038387299, 0.3523746430873871], [0.07794853299856186, -0.04769616946578026, -0.3530786633491516], [0.1090746596455574, 0.08782501518726349, 0.7888283133506775], [0.07470892369747162, 0.1465718299150467, 0.3811717629432678], [-0.16571860015392303, 0.20247003436088562, 0.16068464517593384], [-0.06096307560801506, 0.0734000876545906, -0.05385603383183479], [-0.15130099654197693, -0.29345592856407166, 0.4148052930831909]], "rhand_pose": [[-0.047246214002370834, -0.16512717306613922, 0.09991888701915741], [0.1392621546983719, 0.027868201956152916, -0.180404394865036], [-0.056442584842443466, -0.04069819673895836, -0.3787040710449219], [-0.020546389743685722, 0.11280223727226257, 0.27578869462013245], [0.10152323544025421, 0.05903445929288864, -0.5764999985694885], [0.03315950557589531, -0.0359753780066967, -0.40286773443222046], [0.17511682212352753, 0.5999471545219421, -0.18614593148231506], [0.01194500271230936, 0.024324454367160797, -0.2287549376487732], [0.15049932897090912, -0.05826098099350929, -0.21329492330551147], [0.1433865875005722, 0.23562827706336975, 0.15128333866596222], [0.07248419523239136, 0.022328127175569534, -0.5843250155448914], [0.04958096146583557, -0.0926104336977005, -0.3382691442966461], [-0.1969069391489029, -0.15794874727725983, -0.130987748503685], [0.07784772664308548, -0.19412167370319366, -0.0063712699338793755], [0.0023636671248823404, 0.05214165523648262, -0.02565855160355568]], "expr": [-0.3310648500919342, -0.09910545498132706, 0.37972187995910645, 0.17138104140758514, -0.574562668800354, -0.9012050032615662, -0.36821234226226807, -0.4197140038013458, 0.4436870813369751, 0.693889319896698, -0.7262402772903442, 0.776823103427887, -0.03702054172754288, -0.064919114112854, 0.46084120869636536, -0.49558958411216736, -0.9268166422843933, -0.2227238416671753, -0.17858543992042542, 0.7404271960258484, -0.07817460596561432, -0.3643934428691864, 0.4131750762462616, -0.014056325890123844, -0.1533065140247345, 0.2527739405632019, 0.06257587671279907, 0.2787327766418457, 0.052059758454561234, -0.08432251960039139, 0.0008543996955268085, -0.08916644006967545, 0.25377440452575684, -0.10065482556819916, 0.07128605246543884, -0.08829889446496964, 0.24059274792671204, -0.04239685460925102, 0.07293832302093506, 0.19253869354724884, -0.05184857174754143, 0.022375861182808876, 0.058976054191589355, 0.06292066723108292, -0.09017717093229294, 0.06981142610311508, -0.06600576639175415, 0.03427799418568611, -0.04679816961288452, -0.05158834531903267], "trans": [0.05770538002252579, 0.34250736236572266, 4.038963794708252]}