{"root_pose": [-2.8817355632781982, -0.04793239384889603, 0.091732457280159], "body_pose": [[-0.13709594309329987, -0.060763437300920486, 0.006823495961725712], [-0.2700161039829254, 0.0065863290801644325, 0.040214914828538895], [0.009975548833608627, 0.021499231457710266, 0.010494384914636612], [0.15969060361385345, -0.05689074471592903, -0.035523127764463425], [0.3807610869407654, 0.006712458562105894, 0.056780073791742325], [0.008677896112203598, -0.012268861755728722, 0.0037359658163040876], [-0.34073004126548767, 0.21404889225959778, 0.0029021059162914753], [-0.3291793763637543, -0.26247790455818176, -0.022146079689264297], [0.008856330998241901, -0.004575291182845831, 0.0015817329986020923], [0.16601885855197906, 0.3756725788116455, 0.02401922270655632], [0.0066854096949100494, -0.48087868094444275, -0.03720472380518913], [0.0066193947568535805, 0.022439295426011086, -0.05041528865695], [0.008291156962513924, -0.08193575590848923, -0.10833192616701126], [0.007376335095614195, 0.01301890704780817, 0.12840014696121216], [-0.002474110573530197, 0.018023645505309105, 0.017260203137993813], [0.10660813748836517, -0.1319812536239624, -0.6120491027832031], [0.07738747447729111, 0.1270952969789505, 0.684428870677948], [0.09662847965955734, -0.46199554204940796, 0.13318175077438354], [0.08697030693292618, 0.6433243751525879, -0.2746754586696625], [-0.6200374364852905, 0.12802860140800476, -0.010652152821421623], [-0.47174540162086487, -0.041862089186906815, -0.19442643225193024]], "jaw_pose": [0.011489205993711948, 0.004176967777311802, -0.0016258899122476578], "leye_pose": [-2.0674428924394306e-06, 1.7859918443718925e-05, 6.202692475199001e-07], "reye_pose": [-1.325672201346606e-06, -1.0980227671097964e-05, -1.2356233128230087e-05], "lhand_pose": [[-0.0754319578409195, 0.06147332862019539, 0.017347775399684906], [0.10140929371118546, -0.0036597216967493296, 0.4257832169532776], [-0.04812273755669594, 0.04278251901268959, 0.4968193769454956], [0.014377729967236519, -0.2664962112903595, -0.06862687319517136], [0.0902353897690773, 0.06833628565073013, 0.6316120624542236], [0.03655348718166351, 0.040617045015096664, 0.41026249527931213], [0.378498375415802, -0.12023376673460007, 0.4061868488788605], [0.03647323697805405, 0.15233436226844788, 0.2413993775844574], [0.17505300045013428, 0.07229624688625336, 0.22761212289333344], [0.1510016769170761, -0.13657256960868835, 0.09147240221500397], [0.10341410338878632, 0.026735616847872734, 0.6086170077323914], [0.07035644352436066, 0.10122276097536087, 0.3335891664028168], [-0.2431020885705948, 0.13786940276622772, 0.09237191826105118], [-0.006905009970068932, 0.04966159909963608, -0.038527414202690125], [-0.2750508785247803, -0.39275282621383667, 0.27704858779907227]], "rhand_pose": [[-0.13454261422157288, -0.08962035924196243, 0.044150661677122116], [0.15558132529258728, -0.03062589280307293, -0.276991069316864], [-0.05670547857880592, 0.012587141245603561, -0.4021710753440857], [-0.05039060860872269, 0.1299716830253601, 0.13923466205596924], [0.08318782597780228, -0.04072375223040581, -0.5266557335853577], [0.0027816237416118383, -0.03158772736787796, -0.2692283093929291], [0.423701673746109, 0.128947451710701, -0.24349966645240784], [-0.21733331680297852, -0.08393967896699905, -0.2526029348373413], [0.17644891142845154, 0.01939334347844124, -0.02796086296439171], [0.16653387248516083, 0.039738431572914124, 0.009259103797376156], [-0.013980213552713394, 0.05126218870282173, -0.46094220876693726], [0.014567481353878975, -0.12840582430362701, -0.21108390390872955], [-0.14265990257263184, 0.01876945234835148, 0.06676816940307617], [0.13172754645347595, 0.10441423207521439, 0.2195228636264801], [-0.07111245393753052, 0.22579890489578247, -0.3284146189689636]], "expr": [-0.3182710111141205, 0.13251593708992004, -0.020969951525330544, -0.018551725894212723, 0.01644951105117798, -0.13304951786994934, 0.3466796278953552, 0.20805850625038147, -0.1775789111852646, -0.08421234786510468, 0.3487873375415802, -0.26623889803886414, -0.07558479905128479, 0.26740801334381104, 0.11264855414628983, 0.006627436727285385, 0.23401817679405212, -0.16743040084838867, 0.21656930446624756, 0.10905500501394272, -0.021213635802268982, -0.0423382967710495, -0.1290210336446762, -0.10257357358932495, 0.06216680258512497, -0.18229952454566956, 0.07160437852144241, -0.1222749873995781, -0.11783796548843384, -0.008618020452558994, 0.04069773480296135, -0.1364084780216217, 0.06508176773786545, -0.02802891843020916, -0.10677970200777054, 0.08232973515987396, -0.0724169909954071, 0.04586465656757355, 0.09851932525634766, -0.18505360186100006, -0.3677483797073364, -0.053037554025650024, -0.024327311664819717, -0.130027174949646, -0.13755106925964355, -0.05958542600274086, -0.08196237683296204, 0.1408015489578247, 0.01684369519352913, -0.10514474660158157], "trans": [0.08015426993370056, 0.37411779165267944, 3.9504549503326416]}