{"root_pose": [-2.305690288543701, 0.06585945188999176, 1.8604152202606201], "body_pose": [[-0.31098267436027527, -0.04118427634239197, 0.007894543930888176], [-0.2544829547405243, 0.08868599683046341, 0.043637730181217194], [0.010215045884251595, 0.0026055462658405304, 0.03400691598653793], [0.18783675134181976, 0.17498081922531128, 0.3175128698348999], [0.12921655178070068, 0.2638707458972931, 0.03889548033475876], [0.006121457554399967, 0.007561149541288614, 0.010488001629710197], [-0.05068634822964668, 0.21871374547481537, -0.12399418652057648], [-0.2171313315629959, 0.27789410948753357, -0.28193002939224243], [0.0034338890109211206, 0.004087305162101984, -0.007726944983005524], [0.020073117688298225, -0.6679097414016724, 0.005681331735104322], [0.0008202760363928974, -0.5011236071586609, -0.0005939551629126072], [0.006248793564736843, 0.047558560967445374, -0.1461613029241562], [-0.006734445691108704, 0.036660436540842056, -0.1789381057024002], [0.02050895243883133, -0.05506950989365578, 0.11665009707212448], [-0.004624561872333288, 0.05303332582116127, -0.021093394607305527], [0.06677336245775223, -0.1406899243593216, -0.9444405436515808], [0.04982622712850571, 0.024122867733240128, 0.9520215392112732], [0.10009756684303284, -0.6354037523269653, 0.18775135278701782], [-0.20958095788955688, 0.4528154134750366, -0.40885651111602783], [-0.22181008756160736, 0.0774485394358635, 0.17076893150806427], [-0.1769648939371109, 0.41508448123931885, -0.11788889020681381]], "jaw_pose": [0.09149551391601562, 0.04269983246922493, -0.0984189435839653], "leye_pose": [-4.700732461060397e-06, -9.364898687636014e-06, 3.925977580365725e-06], "reye_pose": [4.269320470484672e-06, 2.2977917524258373e-06, 1.3757983651885297e-05], "lhand_pose": [[-0.0012330019380897284, 0.2712458074092865, 0.06646405905485153], [0.05140680447220802, 0.009931009262800217, 0.23230832815170288], [0.009688404388725758, 0.03659472241997719, 0.34999188780784607], [-0.08463378250598907, 0.0401393361389637, -0.3226028084754944], [0.13207554817199707, 0.10216429829597473, 0.5534719228744507], [0.06722769141197205, 0.016913268715143204, 0.36020106077194214], [-0.24129274487495422, -0.06717054545879364, -0.11675833910703659], [0.6335529685020447, 0.17388904094696045, 0.1604074388742447], [-0.14070528745651245, 0.18355883657932281, 0.4271928071975708], [-0.00648092245683074, 0.019626885652542114, -0.32015106081962585], [0.12991578876972198, 0.08527939021587372, 0.7946997880935669], [0.06307040899991989, 0.11694490164518356, 0.3300248682498932], [-0.1311679482460022, 0.17654043436050415, 0.17324914038181305], [-0.11677400767803192, 0.2665294408798218, -0.0581161193549633], [-0.08209753781557083, -0.15089820325374603, 0.41875922679901123]], "rhand_pose": [[-0.2662929892539978, -0.10628841072320938, 0.04566603899002075], [0.03315045312047005, 0.0008462786208838224, 0.861868679523468], [0.06633323431015015, 0.019791556522250175, -0.06000566855072975], [-0.08685898780822754, 0.07614116370677948, 0.6097132563591003], [0.00303805829025805, 0.060282621532678604, 0.2079436480998993], [-0.04178288206458092, -0.009961120784282684, -0.012576810084283352], [0.21862952411174774, 0.14934977889060974, -0.244591623544693], [-0.08042612671852112, 0.041202936321496964, -0.11553829163312912], [-0.020560840144753456, 0.1029011532664299, 0.014839728362858295], [0.05717780441045761, 0.1083621084690094, 0.47192567586898804], [-0.06859004497528076, 0.09594587981700897, 0.20228436589241028], [-0.032401908189058304, -0.0487680546939373, -0.013241980224847794], [-0.1267714649438858, 0.5106111168861389, 0.38084590435028076], [0.03531285747885704, 0.019211001694202423, 0.24701543152332306], [-0.03830603510141373, -0.1343107521533966, -0.16900214552879333]], "expr": [-0.48903635144233704, -0.040925636887550354, 0.14171259105205536, 0.05456462502479553, -0.3996177613735199, -0.6051016449928284, -0.23430685698986053, -0.21071013808250427, 0.21062219142913818, 0.45676201581954956, -0.28322070837020874, 0.34323903918266296, 0.11651897430419922, 0.3281099200248718, 0.5184030532836914, -0.25112900137901306, -0.4836204946041107, -0.21364296972751617, -0.2717408537864685, 0.7679306864738464, -0.2259102463722229, -0.08741025626659393, 0.1940167248249054, 0.054311640560626984, -0.09650412946939468, -0.029750296846032143, 0.19781281054019928, 0.018361737951636314, -0.1951797753572464, -0.11526425927877426, 0.34995904564857483, -0.15903513133525848, 0.31728285551071167, -0.3785230219364166, 0.23658157885074615, -0.07231422513723373, 0.7428966164588928, 0.22914041578769684, 0.24025070667266846, 0.14521059393882751, -0.3362995982170105, 0.2677916884422302, 0.07426667958498001, -0.210930734872818, 0.05764617398381233, 0.296809583902359, 0.26944151520729065, -0.16819287836551666, 0.15201488137245178, -0.00043073162669315934], "trans": [0.054937463253736496, 0.3449912369251251, 4.110043525695801]}