{"root_pose": [-2.5933525562286377, 0.08306678384542465, 1.566404104232788], "body_pose": [[-0.26201725006103516, -0.11696796119213104, 0.03017040155827999], [-0.06314446777105331, 0.1484479308128357, 0.027404632419347763], [0.01558595523238182, 0.014632913284003735, -0.020156610757112503], [0.19837525486946106, 0.14471372961997986, 0.26383501291275024], [0.03719557076692581, 0.15431365370750427, -0.004067426081746817], [0.01691730134189129, -0.012559927999973297, -0.011189686134457588], [-0.009622401557862759, 0.17130723595619202, -0.2558940649032593], [-0.11365913599729538, 0.01173366978764534, -0.20767498016357422], [0.01622290164232254, -0.005134883802384138, -0.02851725183427334], [0.038013916462659836, -0.006939899642020464, -0.0023160316050052643], [0.0019571695011109114, -0.42408376932144165, 0.005059358663856983], [0.015635518357157707, -0.03061084635555744, -0.1546638458967209], [-0.006172699388116598, 0.07770592719316483, -0.17000550031661987], [0.08998043090105057, -0.26127228140830994, 0.11738747358322144], [0.0010191856417804956, 0.16196128726005554, 0.011596049182116985], [0.06559306383132935, -0.08393757790327072, -1.0014795064926147], [0.3400830924510956, 0.19436098635196686, 0.9755913019180298], [0.0867566466331482, -0.6596320867538452, 0.23389771580696106], [0.14183074235916138, 1.3866678476333618, -0.11399639397859573], [-0.20009030401706696, 0.12053731828927994, 0.04571600258350372], [-0.7670660614967346, -0.1832934468984604, 0.17939436435699463]], "jaw_pose": [0.060036469250917435, 0.03792864829301834, -0.0763227790594101], "leye_pose": [5.111094651510939e-06, -3.610738531278912e-06, 1.4259994713938795e-05], "reye_pose": [-9.116789442487061e-06, -3.2313805604644585e-06, 5.299143595038913e-06], "lhand_pose": [[0.019333554431796074, 0.20026624202728271, 0.13744787871837616], [-0.009051155298948288, 0.05475989729166031, 0.3545415997505188], [0.030909398570656776, 0.07164765149354935, 0.28459084033966064], [-0.030105583369731903, 0.14585942029953003, -0.1647861897945404], [0.11139800399541855, 0.11181213706731796, 0.44459304213523865], [0.057146940380334854, 0.03304542228579521, 0.34099632501602173], [-0.2128770500421524, 0.037455685436725616, -0.02213125117123127], [0.6256604790687561, 0.15962865948677063, 0.15166079998016357], [-0.13844092190265656, 0.17539408802986145, 0.4174773097038269], [0.010152742266654968, 0.10952546447515488, -0.22940009832382202], [0.16585209965705872, 0.1321895271539688, 0.7649596929550171], [0.07418793439865112, 0.08685752004384995, 0.30906930565834045], [-0.39541465044021606, 0.18496979773044586, 0.25525861978530884], [-0.1232694685459137, 0.2795991897583008, -0.04407603293657303], [-0.1640838384628296, -0.31424248218536377, 0.39677321910858154]], "rhand_pose": [[-0.11687521636486053, -0.21250663697719574, 0.052131056785583496], [0.07102816551923752, -0.01270921342074871, -0.23305153846740723], [0.01718900538980961, -0.012253393419086933, -0.3225347399711609], [-0.02731562778353691, 0.07487817853689194, 0.244059756398201], [0.07553974539041519, 0.017245260998606682, -0.5119306445121765], [-0.0082028117030859, -0.0458042211830616, -0.3072208762168884], [0.43861618638038635, 0.5858943462371826, -0.19812878966331482], [-0.3190782964229584, -0.05540342628955841, -0.16654185950756073], [0.2030026614665985, 0.041587915271520615, -0.06635154038667679], [0.15089945495128632, 0.1614929586648941, 0.18410846590995789], [0.021684415638446808, 0.05050097778439522, -0.489559143781662], [0.03551275283098221, -0.1245146319270134, -0.28956910967826843], [-0.31630754470825195, -0.35265952348709106, -0.21269991993904114], [0.00010232679051114246, -0.049433667212724686, 0.23489022254943848], [-0.19652006030082703, 0.24937455356121063, -0.45205575227737427]], "expr": [-0.3520317077636719, 0.20747928321361542, 0.14354410767555237, 0.1759418100118637, -0.6888020038604736, -0.8655145168304443, 0.028071682900190353, -0.4709065854549408, 0.3350619375705719, 0.5122848153114319, -0.27960196137428284, 0.19077619910240173, 0.11480875313282013, 0.34048202633857727, 0.634041965007782, -0.43568408489227295, -0.5757081508636475, -0.20613832771778107, -0.2340715080499649, 0.892867386341095, -0.23203325271606445, -0.1471407264471054, 0.20481249690055847, -0.08868296444416046, -0.16349241137504578, 0.005076220724731684, 0.22131310403347015, 0.06533907353878021, -0.2606472074985504, -0.12556076049804688, 0.256675660610199, -0.20486807823181152, 0.3497225046157837, -0.3877891004085541, 0.18015047907829285, -0.03513235226273537, 0.6848623752593994, 0.24838809669017792, 0.2079211175441742, 0.04882583022117615, -0.3694159686565399, 0.2753005921840668, 0.024799494072794914, -0.24911241233348846, -0.00041457125917077065, 0.2386864721775055, 0.2715819776058197, -0.1258164346218109, 0.18448898196220398, -0.057653144001960754], "trans": [0.022003328427672386, 0.3354629874229431, 4.185286521911621]}