{"root_pose": [-2.6645493507385254, 0.006645830813795328, 1.3685472011566162], "body_pose": [[-0.12168298661708832, -0.07037396728992462, -0.03446129709482193], [-0.00816552247852087, -0.017532261088490486, 0.014201449230313301], [0.01172641757875681, 0.03544682264328003, -0.03721654415130615], [0.08325222879648209, 0.2890035808086395, 0.15626876056194305], [0.05527162179350853, 0.17302778363227844, -0.019832490012049675], [0.016201745718717575, -0.011532288044691086, -0.002755233319476247], [-0.1186382994055748, 0.19525779783725739, -0.08331042528152466], [-0.22362874448299408, 0.011054465547204018, -0.17845401167869568], [0.018919823691248894, 0.0006897419807501137, -0.007882407866418362], [0.03624921664595604, -0.003414084669202566, -0.0013036556774750352], [-0.015315761789679527, -0.39522504806518555, 0.027336444705724716], [0.014611422084271908, 0.11840669810771942, 0.033862803131341934], [-0.0023080056998878717, 0.07324200123548508, -0.10315927118062973], [0.08133551478385925, -0.22681930661201477, 0.12713970243930817], [0.002900246297940612, 0.23988865315914154, -0.20050176978111267], [0.0831446647644043, -0.08339900523424149, -0.8983801603317261], [0.2687511146068573, 0.1589832603931427, 0.9287675619125366], [0.13807545602321625, -0.6185699105262756, 0.232870414853096], [0.16466492414474487, 1.3882752656936646, -0.20879144966602325], [-0.30856841802597046, 0.0337718240916729, -0.07261930406093597], [-0.7575385570526123, -0.30935055017471313, -0.030209185555577278]], "jaw_pose": [0.034657932817935944, 0.015626799315214157, -0.053765006363391876], "leye_pose": [2.981566922244383e-06, -5.5138316383818164e-06, 3.8111948015284725e-06], "reye_pose": [-3.117811502306722e-06, 4.587843250192236e-06, 7.004566668911139e-07], "lhand_pose": [[0.016752613708376884, 0.14962457120418549, 0.23966148495674133], [-0.07832787930965424, 0.04891694337129593, 0.5339286923408508], [0.096123106777668, 0.10334675759077072, 0.1902432143688202], [0.08643116056919098, 0.06757424771785736, 0.11322364956140518], [0.06389222294092178, 0.055857740342617035, 0.3704242408275604], [0.02862810716032982, 0.026579080149531364, 0.27327436208724976], [-0.07565896958112717, 0.06131733953952789, 0.07410106062889099], [0.4232279658317566, 0.09258231520652771, 0.16092227399349213], [-0.06880484521389008, 0.12571583688259125, 0.32328397035598755], [0.05827998369932175, 0.1245136484503746, 0.025951500982046127], [0.15880702435970306, 0.11322282254695892, 0.5912929773330688], [0.07474599033594131, 0.055220827460289, 0.26384833455085754], [-0.26114797592163086, 0.018774397671222687, 0.19806846976280212], [-0.005313090048730373, 0.14951816201210022, -0.11100292205810547], [-0.21138592064380646, -0.24121971428394318, 0.33059197664260864]], "rhand_pose": [[-0.12840944528579712, -0.09331132471561432, 0.13442794978618622], [0.0842185989022255, -0.036087434738874435, -0.14683303236961365], [0.011603550985455513, -0.0013663609279319644, -0.28661251068115234], [-0.10207879543304443, 0.09788749366998672, 0.3580414056777954], [0.058398742228746414, 0.021662121638655663, -0.45364290475845337], [-0.014296761713922024, -0.01630675420165062, -0.20736558735370636], [0.26610270142555237, 0.5331734418869019, -0.13331001996994019], [-0.33367833495140076, -0.024235326796770096, -0.10951267927885056], [0.1839294582605362, 0.06575717031955719, 0.003217495046555996], [0.12234388291835785, 0.18903397023677826, 0.21394026279449463], [-0.023780202493071556, 0.06636560708284378, -0.37020477652549744], [0.01978953182697296, -0.12396026402711868, -0.186369851231575], [-0.3510451912879944, -0.4800107479095459, -0.18214794993400574], [0.030942492187023163, 0.01569928415119648, 0.2784005105495453], [-0.21383920311927795, 0.2097780704498291, -0.4620300233364105]], "expr": [-0.27052977681159973, 0.3957567811012268, 0.044024597853422165, 0.2000718116760254, -0.6321117877960205, -0.7774568796157837, 0.040277957916259766, -0.5068038105964661, 0.37822532653808594, 0.4029695689678192, -0.40754982829093933, -0.00246236240491271, 0.11854591965675354, 0.35852885246276855, 0.5143613219261169, -0.4766443073749542, -0.48459434509277344, -0.17152458429336548, -0.22935183346271515, 0.8451087474822998, -0.309477835893631, -0.13866399228572845, 0.301059365272522, -0.08620018512010574, -0.23505018651485443, 0.04291664436459541, 0.2609594166278839, -0.022613590583205223, -0.17682017385959625, -0.007477911654859781, 0.3509563207626343, -0.23322024941444397, 0.17369695007801056, -0.366560697555542, 0.10660474747419357, 0.053226131945848465, 0.6966179609298706, 0.3657984733581543, 0.2153027057647705, -0.0713319256901741, -0.41455498337745667, 0.36699435114860535, 0.002041666302829981, -0.26077014207839966, -0.0520905964076519, 0.16997064650058746, 0.330107182264328, -0.11004611104726791, 0.18086111545562744, -0.09713209420442581], "trans": [0.022123316302895546, 0.3591887056827545, 4.095139980316162]}