{"root_pose": [-2.755500316619873, -0.06016738340258598, 1.0822093486785889], "body_pose": [[-0.11789350211620331, -0.12559236586093903, -0.002778093097731471], [-0.04131127521395683, -0.04504764452576637, 0.05184765160083771], [0.03017854318022728, 0.015461969189345837, -0.015279380604624748], [0.09550612419843674, 0.09578174352645874, 0.05441436171531677], [0.15769656002521515, 0.11944648623466492, -0.02057611010968685], [0.024803651496767998, -0.026261575520038605, -0.00653479341417551], [-0.19111792743206024, 0.19478698074817657, -0.01915174536406994], [-0.27790048718452454, -0.05513835698366165, -0.21112629771232605], [0.02635270170867443, -0.00351839791983366, -0.016204144805669785], [0.10892851650714874, -0.004522171802818775, 0.002414288464933634], [-0.018933817744255066, -0.3926616609096527, 0.10534188151359558], [0.022592982277274132, 0.08375907689332962, -0.005676784552633762], [0.029529262334108353, 0.04286424070596695, -0.047513071447610855], [0.059891484677791595, -0.15388017892837524, 0.09436088800430298], [0.011760547757148743, 0.07228647917509079, -0.10311127454042435], [0.08116043359041214, -0.07300037145614624, -0.9135056734085083], [0.24193572998046875, 0.1791369616985321, 0.8552033305168152], [0.07525243610143661, -0.6394282579421997, 0.2782529294490814], [0.1560060679912567, 1.2573148012161255, -0.2209119349718094], [-0.2353137582540512, 0.05892658978700638, -0.07041174918413162], [-0.7563406229019165, -0.4489360451698303, -0.19542217254638672]], "jaw_pose": [0.033704593777656555, 0.013208618387579918, 0.07926876842975616], "leye_pose": [-2.993390353367431e-06, 6.378256330208387e-06, 1.6675359120199573e-06], "reye_pose": [5.949765181867406e-06, -1.2998366401006933e-06, 4.002534751634812e-06], "lhand_pose": [[0.0005168286734260619, 0.18690475821495056, 0.08987327665090561], [-0.016989396885037422, 0.03334243223071098, 0.5054687261581421], [0.038928862661123276, 0.07861311733722687, 0.32539087533950806], [0.011512256227433681, 0.17870362102985382, -0.12758447229862213], [0.0888146162033081, 0.07982487231492996, 0.4377036392688751], [0.04237479716539383, 0.014092667028307915, 0.3387910723686218], [-0.13836881518363953, 0.011887071654200554, 0.03300553560256958], [0.465110182762146, 0.14842262864112854, 0.17795278131961823], [-0.062441956251859665, 0.14602632820606232, 0.33914172649383545], [0.033594049513339996, 0.1606365442276001, -0.17086637020111084], [0.1348928064107895, 0.07191663235425949, 0.6566420793533325], [0.06625314056873322, 0.07161321491003036, 0.2845074236392975], [-0.1546548306941986, 0.06387007236480713, 0.15432681143283844], [-0.036285631358623505, 0.20840178430080414, -0.07714122533798218], [-0.16592374444007874, -0.2320808470249176, 0.394586980342865]], "rhand_pose": [[-0.13544043898582458, 0.09059208631515503, 0.2405921220779419], [0.1009388267993927, -0.00608496880158782, -0.16850222647190094], [-0.01477142795920372, 0.004460886586457491, -0.3495695888996124], [-0.08391761779785156, 0.16743379831314087, 0.4372794032096863], [0.028679201379418373, 0.17262935638427734, -0.49390581250190735], [-0.004402555525302887, -0.037621308118104935, -0.2448195070028305], [0.17688952386379242, 0.5053169131278992, -0.14323671162128448], [-0.30681493878364563, -0.04659600555896759, -0.14204134047031403], [0.19139567017555237, 0.04109244793653488, -0.03545372560620308], [0.06380889564752579, 0.2893584668636322, 0.23898959159851074], [-0.010772931389510632, 0.07568953931331635, -0.40069326758384705], [0.0251933541148901, -0.11365238577127457, -0.23498499393463135], [-0.21045418083667755, -0.2797766923904419, -0.19176650047302246], [0.19647352397441864, 0.028584983199834824, 0.23840326070785522], [-0.16892628371715546, 0.2885340750217438, -0.42444634437561035]], "expr": [-0.12218504399061203, 0.5546387434005737, -0.0381438210606575, 0.1375652551651001, -0.3613772988319397, -0.38017746806144714, -0.09580157697200775, -0.2961367070674896, 0.25668865442276, 0.14630566537380219, -0.23993071913719177, -0.20175141096115112, -0.024341730400919914, 0.24358588457107544, 0.5275142788887024, -0.2665390968322754, -0.17446860671043396, -0.24139049649238586, -0.07695518434047699, 0.6866151094436646, -0.34917330741882324, -0.17174860835075378, 0.2322755753993988, -0.045583292841911316, -0.17757056653499603, -0.10983163863420486, 0.34370726346969604, -0.13021917641162872, -0.12270393967628479, -0.043951939791440964, 0.43144842982292175, -0.24760328233242035, 0.10223580151796341, -0.31796693801879883, 0.12392906844615936, 0.020177962258458138, 0.7860371470451355, 0.3553397059440613, 0.2434629648923874, -0.16506583988666534, -0.4434366822242737, 0.3653290569782257, -0.004362531937658787, -0.3041492700576782, -0.017135104164481163, 0.1826801300048828, 0.34098532795906067, -0.1518663465976715, 0.15986323356628418, -0.04380660131573677], "trans": [0.04901536554098129, 0.3662501871585846, 4.022381782531738]}