{"root_pose": [-2.812695264816284, -0.06383755803108215, 0.8212541937828064], "body_pose": [[-0.13719598948955536, -0.06296873092651367, -0.006915779784321785], [-0.16316258907318115, -0.02698787860572338, 0.021742699667811394], [0.027710193768143654, 0.011499322950839996, -0.023437293246388435], [0.12463193386793137, -0.04649212211370468, 0.020222367718815804], [0.35772550106048584, 0.02680463343858719, 0.00808878056704998], [0.01928597129881382, -0.017947329208254814, -0.003368772566318512], [-0.23444344103336334, 0.15700334310531616, -0.0074018025770783424], [-0.36164095997810364, -0.053906701505184174, -0.07295241951942444], [0.019435791298747063, -0.0014266609214246273, -0.009188774973154068], [0.12002795934677124, 0.015632009133696556, 0.03651794418692589], [0.005861212965101004, -0.39904674887657166, -0.0030887566972523928], [0.011693770997226238, 0.09497642517089844, 0.007375805638730526], [0.035774536430835724, 0.014751134440302849, -0.034776926040649414], [0.06021668389439583, -0.11587869375944138, 0.09559314697980881], [0.006759675685316324, 0.04201028123497963, -0.07530798017978668], [0.06994779407978058, -0.05563745275139809, -0.8387372493743896], [0.19737064838409424, 0.16397425532341003, 0.832475483417511], [0.10116691142320633, -0.6598424911499023, 0.2568439841270447], [0.15347042679786682, 1.1198557615280151, -0.26388102769851685], [-0.38660159707069397, 0.14962291717529297, -0.13661205768585205], [-0.8093010187149048, -0.45058396458625793, -0.24490046501159668]], "jaw_pose": [0.030702801421284676, 0.011945629492402077, 0.08584374934434891], "leye_pose": [1.0220417607342824e-05, 2.813354967656778e-06, 2.1628943613904994e-06], "reye_pose": [1.1131405130981875e-07, 2.1388618733908515e-06, -1.671936479397118e-05], "lhand_pose": [[-0.04519636556506157, 0.22022195160388947, 0.08123299479484558], [-0.00888836570084095, 0.03680155798792839, 0.6133930087089539], [0.06062654033303261, 0.10917828977108002, 0.39991024136543274], [0.08482014387845993, -0.0664050355553627, 0.11751861125230789], [0.07894007116556168, 0.0700056180357933, 0.558763861656189], [0.02870137058198452, 0.03963271155953407, 0.35404691100120544], [0.17185011506080627, -0.07001345604658127, 0.18451420962810516], [0.21943219006061554, 0.12458526343107224, 0.22827497124671936], [0.061496470123529434, 0.12313611060380936, 0.29770249128341675], [0.1250484585762024, -0.061456479132175446, 0.18826675415039062], [0.14732453227043152, 0.05463287979364395, 0.6372081637382507], [0.08561216294765472, 0.07657123357057571, 0.3353748023509979], [-0.321521133184433, -0.023610612377524376, 0.18209366500377655], [0.051526326686143875, 0.21932314336299896, -0.1349903792142868], [-0.2532007396221161, -0.2982661724090576, 0.35713252425193787]], "rhand_pose": [[-0.1775703877210617, 0.11760666221380234, 0.33603307604789734], [0.11906933784484863, 0.1044248417019844, -0.165875643491745], [-0.023505283519625664, 0.008705567568540573, -0.3918944001197815], [-0.09684106707572937, 0.20743651688098907, 0.5092419385910034], [0.022478440776467323, 0.19637276232242584, -0.5596449375152588], [-0.002168067265301943, -0.02948540449142456, -0.2618372440338135], [0.3375820517539978, 0.6306498646736145, -0.19042626023292542], [-0.3439808487892151, -0.05228465050458908, -0.15323562920093536], [0.21075066924095154, 0.05327623710036278, -0.02056233398616314], [0.08657902479171753, 0.37510380148887634, 0.24242043495178223], [-0.011316434480249882, 0.06736687570810318, -0.4457840621471405], [0.028365597128868103, -0.10919444262981415, -0.23249070346355438], [-0.14160360395908356, -0.1589835286140442, -0.23277653753757477], [0.2566066086292267, 0.0845492035150528, 0.271016001701355], [-0.13904224336147308, 0.2837817966938019, -0.4315842390060425]], "expr": [-0.19646455347537994, 0.47886142134666443, -0.01498046237975359, 0.12094038724899292, -0.15374483168125153, -0.22854411602020264, -0.15687383711338043, -0.07196108251810074, 0.11826591193675995, 0.023884184658527374, 0.10373295843601227, -0.21107031404972076, -0.09997574239969254, 0.12175943702459335, 0.3715304434299469, -0.10527440160512924, 0.11398399621248245, -0.22355790436267853, 0.0782567635178566, 0.38101375102996826, -0.321053683757782, -0.10524481534957886, 0.06985301524400711, -0.18311800062656403, -0.085573710501194, -0.153359055519104, 0.36973169445991516, -0.009000558406114578, 0.03929810971021652, -0.03374410420656204, 0.29338109493255615, -0.2847309708595276, -0.014456313103437424, -0.029594046995043755, -0.09877991676330566, 0.01699461042881012, 0.5304989814758301, 0.15423114597797394, 0.21678026020526886, -0.21032634377479553, -0.4085545241832733, 0.21228119730949402, -0.05678476393222809, -0.24165977537631989, -0.08607317507266998, 0.0002180935989599675, 0.17963795363903046, -0.12556473910808563, 0.022926853969693184, -0.10822779685258865], "trans": [0.058011770248413086, 0.3741702139377594, 3.983391046524048]}