{"root_pose": [-2.869053602218628, -0.04847853258252144, 0.5136334896087646], "body_pose": [[-0.15357708930969238, -0.1550978124141693, 0.00608697347342968], [-0.2348586916923523, 0.008412618190050125, 0.026081737130880356], [0.023336131125688553, 0.005373286083340645, -0.004655508324503899], [0.15846937894821167, -0.046484317630529404, -0.024662179872393608], [0.38554713129997253, 0.09037034213542938, 0.0043777176178991795], [0.017663665115833282, -0.01643519289791584, 0.000271441851509735], [-0.2479761838912964, 0.08994004875421524, 0.008733251132071018], [-0.3071090281009674, -0.11094268411397934, 0.025738278403878212], [0.01772644743323326, -0.016617588698863983, -0.0031338229309767485], [0.1508820652961731, 0.00028792332159355283, 0.028590096160769463], [0.0065671768970787525, -0.5163254737854004, 0.002171717816963792], [0.00844525545835495, 0.054679013788700104, -0.02711622789502144], [0.1315925419330597, -0.008727885782718658, -0.0549604594707489], [0.04950353875756264, -0.1352136880159378, 0.11659500002861023], [0.006080696824938059, 0.007684624753892422, -0.036961283534765244], [0.09556283801794052, -0.09171480685472488, -0.7677802443504333], [0.15510371327400208, 0.12257418781518936, 0.7660214900970459], [0.11387833952903748, -0.6826874613761902, 0.2562556564807892], [0.1502717286348343, 0.9557737112045288, -0.29495349526405334], [-0.5015636086463928, 0.2181559056043625, -0.11665856093168259], [-0.751448929309845, -0.3726176917552948, -0.22084243595600128]], "jaw_pose": [0.026762111112475395, 0.013018273748457432, 0.052955612540245056], "leye_pose": [-6.08653044764651e-06, 5.83063547310303e-06, 7.803040716680698e-06], "reye_pose": [1.2553264241432771e-06, 2.572936409706017e-06, 1.7426159502065275e-06], "lhand_pose": [[-0.07810261845588684, 0.16934093832969666, 0.040112826973199844], [-0.00841131154447794, 0.04768000543117523, 0.6100893020629883], [0.06925574690103531, 0.10621590912342072, 0.3976684808731079], [0.09212923049926758, -0.07314180582761765, 0.033923640847206116], [0.08035804331302643, 0.052298545837402344, 0.6258434653282166], [0.023889802396297455, 0.03726229816675186, 0.34320035576820374], [0.24465863406658173, -0.07102452963590622, 0.19752474129199982], [0.20608286559581757, 0.1341732293367386, 0.24996264278888702], [0.10709328204393387, 0.10405559837818146, 0.27786391973495483], [0.1531723588705063, -0.0821366161108017, 0.08531065285205841], [0.14372394979000092, 0.040990378707647324, 0.626785159111023], [0.07997793704271317, 0.080879807472229, 0.3281424045562744], [-0.4101097285747528, -0.17114168405532837, 0.19552668929100037], [0.04599573835730553, 0.1976260542869568, -0.20118744671344757], [-0.313896507024765, -0.28508493304252625, 0.4138929843902588]], "rhand_pose": [[-0.19160780310630798, 0.17063727974891663, 0.31521448493003845], [0.10536127537488937, -0.03373851999640465, -0.2268121987581253], [-0.009471120312809944, -0.002223080722615123, -0.39224252104759216], [-0.0737699344754219, 0.27115148305892944, 0.43010881543159485], [0.05422363802790642, 0.08577852696180344, -0.5538832545280457], [-0.004888078197836876, -0.0373849980533123, -0.2572602927684784], [0.37939682602882385, 0.3828738331794739, -0.26869937777519226], [-0.3586518466472626, 0.041772544384002686, -0.15282118320465088], [0.21748867630958557, 0.06415615230798721, -0.02102234773337841], [0.14801859855651855, 0.3306094706058502, 0.17627239227294922], [-0.0087645398452878, 0.06716059893369675, -0.425786554813385], [0.02411508932709694, -0.13560016453266144, -0.23081138730049133], [-0.17979085445404053, -0.06565455347299576, -0.1944301277399063], [0.29545462131500244, 0.07362239807844162, 0.2817710041999817], [-0.14226102828979492, 0.29261431097984314, -0.4490380585193634]], "expr": [-0.21012841165065765, 0.5157079100608826, -0.04904463514685631, 0.10366137325763702, -0.03450451046228409, -0.1369042694568634, -0.12052112817764282, 0.037027787417173386, 0.055001333355903625, -0.16608069837093353, 0.22719945013523102, -0.18485358357429504, -0.11530653387308121, 0.0752079039812088, 0.2927517890930176, -0.10048709064722061, 0.25360560417175293, -0.22886495292186737, 0.20093479752540588, 0.33172449469566345, -0.3223702013492584, -0.13246026635169983, -0.003900510026142001, -0.19891129434108734, -0.08595570921897888, -0.1828170269727707, 0.4012465178966522, -0.16218507289886475, 0.0016252590576186776, 0.007112676277756691, 0.2609550654888153, -0.20052742958068848, -0.02366495504975319, 0.03105871006846428, -0.11629387736320496, 0.07310504466295242, 0.4627407193183899, 0.17196078598499298, 0.14132849872112274, -0.2104945033788681, -0.3996641933917999, 0.22748267650604248, -0.060352712869644165, -0.2865493595600128, -0.04978759214282036, -0.013319742865860462, 0.1789429634809494, -0.1399221420288086, 0.0700274184346199, -0.08684337139129639], "trans": [0.05917955935001373, 0.3789602220058441, 3.9494690895080566]}