{"root_pose": [-2.8741724491119385, -0.01040519867092371, 0.2923382818698883], "body_pose": [[-0.21166570484638214, -0.19503825902938843, -0.0011653031688183546], [-0.28638696670532227, 0.0012395029189065099, 0.03804562985897064], [0.014466354623436928, 0.00596384983509779, -0.0053579979576170444], [0.1863119751214981, -0.07258141040802002, -0.010034799575805664], [0.4194740355014801, 0.03598618507385254, 0.010913840495049953], [0.008316810242831707, -0.017918314784765244, 0.009066707454621792], [-0.2621004283428192, 0.040404241532087326, -0.013524297624826431], [-0.3195483982563019, -0.24413229525089264, 0.004653147421777248], [0.008405834436416626, -0.017651038244366646, 0.002667041728273034], [0.1577785313129425, 0.002250304212793708, 0.009470262564718723], [0.004281267523765564, -0.428750604391098, -0.004558808170258999], [0.0026166089810431004, 0.026461945846676826, -0.036498427391052246], [0.17808394134044647, 0.01213734969496727, -0.09698173403739929], [0.025287196040153503, -0.0214221253991127, 0.11790473759174347], [-0.002816525986418128, 0.00154627556912601, -0.051053814589977264], [0.14163853228092194, -0.081722192466259, -0.7339613437652588], [0.11246701329946518, 0.14592702686786652, 0.7389994263648987], [0.11618905514478683, -0.6993882656097412, 0.29600492119789124], [0.14362089335918427, 0.8604714870452881, -0.34579411149024963], [-0.540130078792572, 0.18047061562538147, -0.020792970433831215], [-0.7163999080657959, -0.32710015773773193, -0.1990295946598053]], "jaw_pose": [0.02859967201948166, 0.010025284253060818, 0.026703713461756706], "leye_pose": [-7.18635556040681e-06, 2.33382547776273e-06, 5.070304723631125e-06], "reye_pose": [1.0885610208788421e-05, 1.0561612725723535e-05, 9.337126357422676e-06], "lhand_pose": [[-0.10847590118646622, 0.21831847727298737, 0.0022034908179193735], [0.047205690294504166, 0.04823913797736168, 0.5411326885223389], [0.04353192448616028, 0.07213301956653595, 0.4307478070259094], [0.046984992921352386, -0.08909802883863449, 0.014716067351400852], [0.07182161509990692, 0.03036467730998993, 0.6217252016067505], [0.012866932898759842, 0.04180164635181427, 0.298780232667923], [0.4266536831855774, -0.14328190684318542, 0.2389361411333084], [-0.03411312773823738, 0.09829671680927277, 0.19970281422138214], [0.15142586827278137, 0.04357926920056343, 0.13026873767375946], [0.12894251942634583, -0.24242115020751953, 0.1857091337442398], [0.06890537589788437, -0.01807422563433647, 0.5088400840759277], [0.05814044550061226, 0.08027609437704086, 0.27047452330589294], [-0.34549689292907715, -0.14340431988239288, 0.19993709027767181], [0.05456797406077385, 0.15035878121852875, -0.2402692586183548], [-0.2703653573989868, -0.27808132767677307, 0.4322502315044403]], "rhand_pose": [[-0.1509222686290741, 0.0027538505382835865, 0.14544034004211426], [0.12356595695018768, -0.054662566632032394, -0.3089698553085327], [-0.02015049196779728, -0.004424868151545525, -0.4134258031845093], [-0.02755575068295002, 0.19097848236560822, 0.1870945394039154], [0.07422042638063431, -0.00529986247420311, -0.5666075944900513], [-0.007150673307478428, -0.03228279948234558, -0.27052831649780273], [0.4780147075653076, 0.2349429428577423, -0.2968299686908722], [-0.35576295852661133, -0.04049315303564072, -0.2520191967487335], [0.2196030169725418, 0.0654754787683487, -0.015010889619588852], [0.19080504775047302, 0.16114380955696106, 0.003129781223833561], [-0.0071642156690359116, 0.03942197933793068, -0.5320191979408264], [0.01899579167366028, -0.13447660207748413, -0.21677708625793457], [-0.18356011807918549, 0.04787834361195564, 0.1261468231678009], [0.1356639862060547, 0.08043898642063141, 0.2924266755580902], [-0.09988626837730408, 0.18307900428771973, -0.3979502022266388]], "expr": [-0.27557164430618286, 0.28958186507225037, 0.01926339417695999, -0.03226042166352272, -0.078871950507164, -0.2170475274324417, 0.021485626697540283, 0.13805802166461945, 0.040880002081394196, -0.19316671788692474, 0.22393599152565002, -0.19883006811141968, -0.197824165225029, 0.07941270619630814, 0.3037113845348358, -0.09715007245540619, 0.16989557445049286, -0.22101928293704987, 0.2520059049129486, 0.20061975717544556, -0.10402033478021622, -0.15417873859405518, -0.04982822388410568, -0.14282922446727753, -0.005065821576863527, -0.13291433453559875, 0.24250495433807373, -0.11392177641391754, -0.015626894310116768, -0.03178243339061737, 0.06363634765148163, -0.1957731992006302, 0.028550993651151657, 0.049229592084884644, -0.12057307362556458, 0.05070328712463379, 0.08591960370540619, 0.03845033049583435, 0.06824013590812683, -0.15929268300533295, -0.28901609778404236, -0.001993887359276414, -0.0629945695400238, -0.17632730305194855, -0.14244621992111206, -0.10727717727422714, -0.08377840369939804, 0.039758242666721344, -0.03776005655527115, -0.09524255245923996], "trans": [0.05345925688743591, 0.378884881734848, 3.9576303958892822]}