{"root_pose": [-2.863461494445801, 0.03214959800243378, 0.21289321780204773], "body_pose": [[-0.18568547070026398, -0.10098351538181305, 0.0022534586023539305], [-0.3270823359489441, 0.006542126182466745, 0.01751404069364071], [0.012247540056705475, 0.02231111377477646, 0.010894499719142914], [0.13749812543392181, -0.06645917147397995, -0.05750943347811699], [0.43173906207084656, 0.03448760509490967, 0.029965786263346672], [0.009244784712791443, -0.004520609974861145, 0.0023173794616013765], [-0.28969302773475647, 0.1707342565059662, 0.008014208637177944], [-0.32885029911994934, -0.2702544629573822, -0.05079374462366104], [0.005096518434584141, -0.008031019940972328, -0.005701372865587473], [0.09307010471820831, 0.4462973177433014, 0.017217662185430527], [0.0027329539880156517, -0.4839734137058258, -0.007550510112196207], [0.0014964089496061206, 0.0371236726641655, -0.08668012917041779], [0.1157754510641098, -0.030323389917612076, -0.10258815437555313], [0.03613356873393059, -0.009468554519116879, 0.09900008887052536], [-0.006600632332265377, 0.027683639898896217, -0.010263335891067982], [0.12930144369602203, -0.07210854440927505, -0.6697312593460083], [0.08526652306318283, 0.11125777661800385, 0.7119526863098145], [0.09785740077495575, -0.6158650517463684, 0.17397886514663696], [0.11363446712493896, 0.7496715784072876, -0.30458125472068787], [-0.5062345266342163, 0.18912269175052643, 0.010750751942396164], [-0.6443082094192505, -0.23436035215854645, -0.19649864733219147]], "jaw_pose": [0.03030671551823616, 0.010834388434886932, 0.004534202162176371], "leye_pose": [-6.7784467319143005e-06, 7.640544936293736e-06, 4.369771886558738e-06], "reye_pose": [1.0982583262375556e-05, 1.0119070793734863e-05, 1.5588259429932805e-06], "lhand_pose": [[-0.0846819132566452, 0.15348057448863983, 0.027556927874684334], [0.0604068748652935, 0.026120362803339958, 0.5137887001037598], [0.011406179517507553, 0.06670840084552765, 0.4484027028083801], [0.05501609295606613, -0.09105391055345535, -0.05562443658709526], [0.07691565901041031, 0.05184876173734665, 0.6328160166740417], [0.022811947390437126, 0.04316629469394684, 0.28942975401878357], [0.40566858649253845, -0.13172005116939545, 0.21562029421329498], [0.03544225916266441, 0.1340222805738449, 0.22769252955913544], [0.1739725023508072, 0.06106271967291832, 0.21083565056324005], [0.1609898805618286, -0.12729661166667938, 0.0723339393734932], [0.10327975451946259, 0.0313786119222641, 0.5882776975631714], [0.07017652690410614, 0.09149165451526642, 0.2997264266014099], [-0.2915777266025543, -0.06955955922603607, 0.1945943385362625], [-0.08376141637563705, 0.1266050487756729, -0.12545590102672577], [-0.27233248949050903, -0.3393018841743469, 0.3612748980522156]], "rhand_pose": [[-0.1384454071521759, -0.002177037764340639, 0.19353681802749634], [0.13849155604839325, -0.0375252291560173, -0.2649107575416565], [-0.03060598485171795, -0.005903315730392933, -0.41297364234924316], [-0.06541305780410767, 0.22990992665290833, 0.2845100164413452], [0.09074823558330536, -0.03996488079428673, -0.5404688715934753], [0.003788531059399247, -0.034198179841041565, -0.2596547603607178], [0.3814929127693176, 0.26220664381980896, -0.21316318213939667], [-0.2652517557144165, -0.07098254561424255, -0.20284640789031982], [0.20015646517276764, 0.027986273169517517, -0.025677688419818878], [0.16951961815357208, 0.1920158416032791, 0.12166301906108856], [0.00415697880089283, 0.043976280838251114, -0.4801991283893585], [0.0219078678637743, -0.13624851405620575, -0.21669282019138336], [-0.16406996548175812, -0.02865603193640709, 0.14365777373313904], [0.018296275287866592, 0.15758715569972992, 0.24030104279518127], [-0.12468450516462326, 0.18598395586013794, -0.34496113657951355]], "expr": [-0.3072442412376404, 0.169673889875412, 0.020254766568541527, -0.07544625550508499, -0.01672959327697754, -0.2491171956062317, 0.06799506396055222, 0.135923370718956, -0.05451277270913124, -0.08802363276481628, 0.16303132474422455, -0.16324873268604279, -0.1115185096859932, 0.09141155332326889, 0.21433106064796448, -0.07112137973308563, 0.15976358950138092, -0.2012837529182434, 0.29172372817993164, 0.23955340683460236, -0.11879067122936249, -0.13175427913665771, -0.06752434372901917, -0.08310125768184662, 0.054739728569984436, -0.14792080223560333, 0.14016197621822357, -0.16796903312206268, -0.04091523215174675, -0.03945854306221008, 0.04236510023474693, -0.1679776906967163, 0.04860088974237442, 0.011378426104784012, -0.08736710995435715, 0.1034439355134964, 0.014791689813137054, 0.04786292836070061, 0.06293264776468277, -0.1986699253320694, -0.33452221751213074, -0.011110767722129822, -0.03578302636742592, -0.18330854177474976, -0.12173894047737122, -0.07304425537586212, -0.07787313312292099, 0.09363628178834915, 0.013489855453372002, -0.09754319489002228], "trans": [0.04658668115735054, 0.376636803150177, 3.9689598083496094]}