{"root_pose": [-2.858832597732544, 0.03607259318232536, 0.0980885699391365], "body_pose": [[-0.19778455793857574, -0.04492073506116867, 0.03689650818705559], [-0.26508915424346924, -0.04095372557640076, -0.017538590356707573], [0.01097515132278204, 0.016699401661753654, 0.021655121818184853], [0.21564604341983795, 0.06376706808805466, -0.02409748174250126], [0.3433871865272522, -0.02161266840994358, 0.050894688814878464], [0.006044928915798664, 0.003928459249436855, -0.008733310736715794], [-0.3097381293773651, 0.23699940741062164, -0.09811252355575562], [-0.29810985922813416, -0.2765004336833954, -0.0044113267213106155], [0.004256664775311947, 0.004393824841827154, -0.012760118581354618], [0.13513006269931793, 0.32161006331443787, 0.017225351184606552], [0.009210231713950634, -0.47853103280067444, -0.04322194680571556], [-0.0036333922762423754, 0.0029862704686820507, -0.07090145349502563], [0.01829618215560913, -0.01573360711336136, -0.09745689481496811], [0.042519472539424896, -0.016326921060681343, 0.08584247529506683], [-0.015825413167476654, 0.050879426300525665, -0.00447592418640852], [0.14280346035957336, -0.0734298899769783, -0.6750299334526062], [0.10381265729665756, 0.08986662328243256, 0.713710367679596], [0.11211846768856049, -0.574508786201477, 0.15720923244953156], [0.1076088696718216, 0.6910436749458313, -0.274985671043396], [-0.5313395857810974, 0.07740869373083115, 0.017892275005578995], [-0.5899769067764282, -0.06412974745035172, -0.19797562062740326]], "jaw_pose": [0.023613514378666878, 0.005310856271535158, -0.003245363477617502], "leye_pose": [5.605478690995369e-06, 3.733674475370208e-06, -1.202550447487738e-05], "reye_pose": [2.0836580006289296e-05, -1.0252954780298751e-05, -7.4142026278423145e-06], "lhand_pose": [[-0.08427350223064423, 0.13899752497673035, 0.09973171353340149], [0.10036398470401764, 0.013128546997904778, 0.44175800681114197], [-0.012072575278580189, 0.05574211850762367, 0.48213499784469604], [0.026638293638825417, -0.23875422775745392, -0.013960951007902622], [0.09301034361124039, 0.06413448601961136, 0.6841122508049011], [0.024919617921113968, 0.04076322913169861, 0.39059144258499146], [0.4503834545612335, -0.17006948590278625, 0.2903900444507599], [0.0038714490365236998, 0.14409872889518738, 0.2624850571155548], [0.20051145553588867, 0.058789655566215515, 0.22447232902050018], [0.1692609041929245, -0.27817949652671814, 0.1074058786034584], [0.10169535875320435, 0.02443690039217472, 0.6505215167999268], [0.06895541399717331, 0.10815590620040894, 0.34169554710388184], [-0.2814331650733948, 0.09377986937761307, 0.16053038835525513], [-0.040541693568229675, 0.0790550485253334, -0.115147165954113], [-0.2537103593349457, -0.3493776321411133, 0.337028831243515]], "rhand_pose": [[-0.12436496466398239, 0.028611408546566963, 0.06679688394069672], [0.14374206960201263, -0.03392443060874939, -0.25477927923202515], [-0.05456715077161789, 0.010011742822825909, -0.3632637560367584], [-0.05009886994957924, 0.17315316200256348, 0.15430381894111633], [0.0708639994263649, -0.02891058474779129, -0.4909035861492157], [-0.0026467032730579376, -0.023645415902137756, -0.230795755982399], [0.3660789728164673, 0.21707965433597565, -0.25220924615859985], [-0.30854469537734985, -0.04932453855872154, -0.20367291569709778], [0.15604649484157562, 0.03527498617768288, 0.014779151417315006], [0.183238223195076, 0.07558623701334, -0.013723953627049923], [-0.01581701636314392, 0.03201878443360329, -0.38631123304367065], [0.009113766252994537, -0.12098725885152817, -0.18896327912807465], [-0.18386200070381165, 0.03676581010222435, 0.03987772762775421], [0.17323537170886993, 0.12518230080604553, 0.221121147274971], [-0.10029427707195282, 0.2760913372039795, -0.3155583143234253]], "expr": [-0.3030138909816742, 0.05069134011864662, -0.0047414726577699184, 0.06586650013923645, -0.18930679559707642, -0.2242618054151535, 0.29888665676116943, 0.10146909952163696, 0.02005840092897415, 0.009462888352572918, 0.15049713850021362, -0.13549849390983582, -0.07120257616043091, 0.1702791303396225, 0.21165084838867188, -0.18575425446033478, 0.05757204070687294, -0.20021161437034607, 0.20936302840709686, 0.30858463048934937, -0.05862681567668915, -0.17741253972053528, 0.027904212474822998, -0.07798781991004944, 0.010305932722985744, -0.0939783826470375, 0.0999915599822998, -0.16349825263023376, -0.13377666473388672, 0.03225553035736084, 0.04139968007802963, -0.08792121708393097, 0.04826206713914871, -0.09586117416620255, -0.016722023487091064, 0.09567677974700928, -0.008493966422975063, 0.07082021981477737, 0.05649247765541077, -0.13373520970344543, -0.3778194785118103, 0.03338199853897095, 0.019116362556815147, -0.1686994433403015, -0.10957526415586472, -0.03371443971991539, -0.06123003736138344, 0.13763299584388733, 0.06002774089574814, -0.03724442422389984], "trans": [0.05982869490981102, 0.3773699402809143, 3.9654695987701416]}