{"root_pose": [-2.886080503463745, 0.002158059272915125, 0.08390501886606216], "body_pose": [[-0.16854888200759888, -0.04534339904785156, 0.029279736801981926], [-0.2937172055244446, 0.0007935409084893763, -0.004723154474049807], [0.011056077666580677, 0.015328272245824337, 0.000974101189058274], [0.20308229327201843, 0.07403477281332016, -0.0038818533066660166], [0.40274590253829956, -0.047175146639347076, 0.030336562544107437], [0.006091052666306496, -0.001835698843933642, -0.0026703604962676764], [-0.31240323185920715, 0.27561649680137634, -0.11598486453294754], [-0.2959301471710205, -0.32161393761634827, 0.02973639778792858], [0.0044118547812104225, 0.00320515432395041, -0.0005284472717903554], [0.19429363310337067, 0.33263179659843445, 0.025251301005482674], [0.008229758590459824, -0.42129698395729065, -0.04381534084677696], [0.0003900484589394182, 0.015019695274531841, -0.06795985996723175], [0.020193958654999733, -0.03858339786529541, -0.11866806447505951], [0.04761422798037529, 0.013527365401387215, 0.09991125762462616], [-0.013872183859348297, 0.05127682164311409, 0.0025519966147840023], [0.16460536420345306, -0.11500987410545349, -0.6415224075317383], [0.11626461148262024, 0.11053519695997238, 0.7115335464477539], [0.12059027701616287, -0.5779703855514526, 0.18317383527755737], [0.12170401960611343, 0.6690130233764648, -0.2884555757045746], [-0.725142240524292, 0.1689794957637787, 0.055811136960983276], [-0.5186346173286438, -0.10215941816568375, -0.17504355311393738]], "jaw_pose": [0.020228076726198196, -0.007939886301755905, 0.0011755831073969603], "leye_pose": [2.1980347355565755e-06, -1.166644779004855e-05, 6.753168690920575e-06], "reye_pose": [3.234406904084608e-06, -4.523508778220275e-06, -5.056926511315396e-06], "lhand_pose": [[-0.08315160125494003, 0.06955382227897644, 0.004039089661091566], [0.06976068019866943, 0.01294204406440258, 0.47900107502937317], [-0.01666252687573433, 0.07300177961587906, 0.4700748026371002], [0.048393744975328445, -0.20973308384418488, -0.07608972489833832], [0.08671758323907852, 0.05013637989759445, 0.6967166662216187], [0.025003502145409584, 0.04810576140880585, 0.40826180577278137], [0.5186171531677246, -0.12681911885738373, 0.412256121635437], [-0.05204584822058678, 0.1326650083065033, 0.24598954617977142], [0.23213979601860046, 0.03785620257258415, 0.2024940848350525], [0.20887722074985504, -0.17947286367416382, 0.09721589088439941], [0.11889702081680298, 0.03185445815324783, 0.6274021863937378], [0.07417271286249161, 0.10641131550073624, 0.36331090331077576], [-0.22065964341163635, 0.0969538614153862, 0.08796840906143188], [-0.03373377025127411, 0.0676235556602478, -0.06381389498710632], [-0.26934337615966797, -0.33259400725364685, 0.24846848845481873]], "rhand_pose": [[-0.14000144600868225, 0.007456113118678331, 0.01950640045106411], [0.15106306970119476, -0.02621600218117237, -0.2489037811756134], [-0.040171198546886444, 0.005885501392185688, -0.38431280851364136], [-0.03702234849333763, 0.22763076424598694, 0.11088339239358902], [0.07016576081514359, -0.01940426416695118, -0.47754213213920593], [-0.004951337352395058, -0.02807074598968029, -0.215828537940979], [0.39214572310447693, 0.21904735267162323, -0.21832036972045898], [-0.2996057868003845, -0.057279977947473526, -0.16908594965934753], [0.17084741592407227, 0.04299924895167351, -0.004243128467351198], [0.1780467927455902, 0.1852755844593048, -0.031246036291122437], [-0.009251023642718792, 0.051837626844644547, -0.40664568543434143], [0.010783926583826542, -0.12101082503795624, -0.16927464306354523], [-0.1464836597442627, 0.075848788022995, 0.07498715072870255], [0.06901045888662338, 0.21096721291542053, 0.259283185005188], [-0.11900267750024796, 0.1783631145954132, -0.35628387331962585]], "expr": [-0.28521957993507385, 0.30881014466285706, 0.06293104588985443, 0.11732146888971329, -0.24398007988929749, -0.24284791946411133, 0.2648274302482605, -0.047770578414201736, 0.08064147084951401, -0.003416794817894697, -0.04147046059370041, -0.16235347092151642, -0.20468944311141968, 0.17783348262310028, 0.20057155191898346, -0.2014950066804886, -0.05980079621076584, -0.2155030518770218, 0.16611771285533905, 0.2920226454734802, -0.011999555863440037, -0.20846009254455566, 0.047623105347156525, -0.049713052809238434, 0.016478685662150383, -0.06067492440342903, 0.07430940866470337, -0.10549346357584, -0.07998625934123993, -0.006097215693444014, -0.008351615630090237, -0.10152202844619751, 0.11654546111822128, -0.030808502808213234, -0.06743112951517105, 0.10194060206413269, -0.10181619226932526, 0.005583932623267174, 0.061867453157901764, -0.10878883302211761, -0.259698748588562, -0.09189426153898239, -0.003686291864141822, -0.09555889666080475, -0.17986145615577698, -0.06271550059318542, -0.16103394329547882, 0.16143111884593964, -0.04816668853163719, -0.06526712328195572], "trans": [0.08213017880916595, 0.3760950267314911, 3.968815803527832]}