{"root_pose": [-2.8723905086517334, -0.045073337852954865, 0.12373322993516922], "body_pose": [[-0.14191170036792755, -0.061237286776304245, 0.003993589896708727], [-0.28387629985809326, 0.030237771570682526, 0.03864745795726776], [0.00558623718097806, 0.016120707616209984, 0.0009765212307684124], [0.15622949600219727, -0.051428068429231644, -0.0325021892786026], [0.3858599364757538, 0.0036696603056043386, 0.05666375532746315], [0.006273598875850439, -0.0019763619638979435, 0.005850363057106733], [-0.3429504930973053, 0.2145150601863861, -0.0014061452820897102], [-0.327226847410202, -0.2603018879890442, -0.031167473644018173], [0.007737139239907265, -0.007870899513363838, 0.00011087277380283922], [0.16534915566444397, 0.39205402135849, 0.030177412554621696], [0.004698230419307947, -0.4461362063884735, -0.034346483647823334], [0.006816548760980368, 0.03451856970787048, -0.037784647196531296], [0.020971886813640594, -0.05723721161484718, -0.11289679259061813], [0.008707894012331963, 0.02329726703464985, 0.13662967085838318], [-0.0026719181332737207, 0.04145902767777443, -0.000824440096039325], [0.14385709166526794, -0.11888287961483002, -0.6129524111747742], [0.08011206984519958, 0.12649212777614594, 0.6760877966880798], [0.1198841780424118, -0.4758158028125763, 0.15938539803028107], [0.08255798369646072, 0.6504316329956055, -0.2674514055252075], [-0.6720229983329773, 0.09826000779867172, 0.003750500036403537], [-0.46905630826950073, -0.050394076853990555, -0.18635471165180206]], "jaw_pose": [0.010812186636030674, 0.010837791487574577, -0.0013516437029466033], "leye_pose": [3.03342858387623e-06, 7.3700402936083265e-06, 4.1495800928714743e-07], "reye_pose": [-1.2088266032606043e-07, -7.136932254070416e-07, 6.652429419773398e-06], "lhand_pose": [[-0.07609155774116516, 0.10351492464542389, 0.03374886140227318], [0.0996956005692482, 0.00048109766794368625, 0.4158017933368683], [-0.04280823469161987, 0.04895097762346268, 0.5017943382263184], [0.004477011039853096, -0.23350930213928223, -0.06412709504365921], [0.09779108315706253, 0.07140409201383591, 0.6433048844337463], [0.03635759279131889, 0.039279669523239136, 0.4071865975856781], [0.3705330491065979, -0.17342211306095123, 0.4204059839248657], [0.013785161077976227, 0.14800924062728882, 0.23012687265872955], [0.1867830455303192, 0.0631515383720398, 0.21428631246089935], [0.14589984714984894, -0.13038477301597595, 0.09918757528066635], [0.10081660002470016, 0.02339930832386017, 0.6054530739784241], [0.06886135786771774, 0.10434097051620483, 0.34020185470581055], [-0.2495395392179489, 0.17993435263633728, 0.12116421014070511], [0.030518891289830208, 0.055819880217313766, -0.036547668278217316], [-0.2070615589618683, -0.36258408427238464, 0.24947486817836761]], "rhand_pose": [[-0.1307077258825302, -0.08554015308618546, 0.06791730970144272], [0.15290045738220215, -0.008823364041745663, -0.3238186836242676], [-0.05422085151076317, 0.006208938080817461, -0.4038967192173004], [-0.04208071529865265, 0.16167251765727997, 0.14665015041828156], [0.07844072580337524, -0.040678948163986206, -0.513283908367157], [0.0023756243754178286, -0.029976390302181244, -0.24475803971290588], [0.40149134397506714, 0.1634441763162613, -0.26397401094436646], [-0.2532157897949219, -0.08356478810310364, -0.2063077837228775], [0.17249001562595367, 0.012750213034451008, -0.01976884715259075], [0.16394750773906708, 0.04852993041276932, -0.017804637551307678], [-0.010635332204401493, 0.0479765385389328, -0.4433501362800598], [0.01728704757988453, -0.12449835240840912, -0.21024209260940552], [-0.1501835286617279, 0.03177561238408089, 0.0717192143201828], [0.14934508502483368, 0.0885389894247055, 0.20171904563903809], [-0.08206702023744583, 0.24257908761501312, -0.3300634026527405]], "expr": [-0.30188244581222534, 0.13522902131080627, -0.012623625807464123, -0.0003766166919376701, -0.003466348396614194, -0.14583012461662292, 0.35628023743629456, 0.1793823540210724, -0.1501314789056778, -0.08294056355953217, 0.2996079921722412, -0.27535849809646606, -0.09237053990364075, 0.278201699256897, 0.09309640526771545, -0.016684450209140778, 0.20101413130760193, -0.17352524399757385, 0.2021215856075287, 0.10942567139863968, 0.00562317343428731, -0.06178421527147293, -0.09276716411113739, -0.08400993049144745, 0.06120959296822548, -0.16123420000076294, 0.06225096806883812, -0.10270365327596664, -0.10383966565132141, 0.0006617803010158241, 0.036842960864305496, -0.13457387685775757, 0.062420979142189026, -0.02920122630894184, -0.10347015410661697, 0.0797828882932663, -0.08790513873100281, 0.030832616612315178, 0.10730164498090744, -0.17636427283287048, -0.35568106174468994, -0.07015044242143631, -0.013400121591985226, -0.11910148710012436, -0.14923416078090668, -0.07171385735273361, -0.10045715421438217, 0.15362298488616943, -0.002292509889230132, -0.09924785047769547], "trans": [0.07930693030357361, 0.374429851770401, 3.9503231048583984]}