{"root_pose": [-2.8806803226470947, -0.03423520177602768, -0.02170282043516636], "body_pose": [[-0.15582506358623505, -0.02311161905527115, 0.023829910904169083], [-0.2879994511604309, 0.0173335000872612, -0.02797188051044941], [0.008899188600480556, 0.01358973141759634, -8.527249156031758e-05], [0.1764155477285385, -0.008569258265197277, -5.514665099326521e-05], [0.41303882002830505, -0.0822528824210167, 0.061283279210329056], [0.004382856655865908, -0.00724623491987586, -0.008058861829340458], [-0.309757262468338, 0.22427445650100708, -0.08138281106948853], [-0.31896162033081055, -0.3668156862258911, 0.12454646825790405], [0.0038667849730700254, -0.003816782496869564, 0.0020911500323563814], [0.18363448977470398, 0.37531426548957825, 0.03214271366596222], [0.03290616720914841, -0.3751402497291565, -0.02859511226415634], [-0.0022406450007110834, -0.004383491352200508, -0.031240353360772133], [0.03295251354575157, -0.04412436857819557, -0.11442708224058151], [0.04417538642883301, -8.870860619936138e-05, 0.1110636442899704], [-0.0141647569835186, 0.024952217936515808, -0.012586257420480251], [0.17436999082565308, -0.12282493710517883, -0.6328873634338379], [0.09973222762346268, 0.10799580812454224, 0.7089364528656006], [0.1666828989982605, -0.6269099116325378, 0.21783584356307983], [0.1234927773475647, 0.6694411635398865, -0.3014713525772095], [-0.7875519394874573, 0.1707034707069397, 0.05636439099907875], [-0.5536431074142456, -0.15245725214481354, -0.14350132644176483]], "jaw_pose": [0.018968675285577774, 0.00834600068628788, -0.018897738307714462], "leye_pose": [1.4489408385998104e-05, 1.408030220773071e-05, 6.965130069147563e-06], "reye_pose": [4.402678314363584e-06, 7.40313498681644e-06, -6.82581594446674e-06], "lhand_pose": [[-0.07959529757499695, 0.0517035536468029, -0.006688444875180721], [0.05271143838763237, 0.01886841095983982, 0.48038145899772644], [-0.001159478910267353, 0.07488836348056793, 0.44406023621559143], [0.0443272702395916, -0.21360109746456146, -0.08384260535240173], [0.08767791092395782, 0.05403967201709747, 0.6833793520927429], [0.01926194131374359, 0.04517224803566933, 0.40466001629829407], [0.5378300547599792, -0.1357915997505188, 0.40794092416763306], [-0.08353675156831741, 0.12149418890476227, 0.24361373484134674], [0.2410082370042801, 0.01789061911404133, 0.16183656454086304], [0.2068672776222229, -0.12163136154413223, 0.0854593887925148], [0.11212286353111267, 0.027518780902028084, 0.6005958318710327], [0.0693625882267952, 0.10213661938905716, 0.35875123739242554], [-0.18786875903606415, 0.10170237720012665, 0.08779383450746536], [-0.048847924917936325, 0.027475163340568542, -0.0829111784696579], [-0.2030959576368332, -0.2834221124649048, 0.22717171907424927]], "rhand_pose": [[-0.12762023508548737, -0.04039543867111206, 0.04536519944667816], [0.14905673265457153, -0.022845376282930374, -0.23083092272281647], [-0.05146264284849167, 0.011084060184657574, -0.36657607555389404], [-0.04094027727842331, 0.18103493750095367, 0.13186761736869812], [0.0664132684469223, -0.014514545910060406, -0.44412416219711304], [-0.006349268835037947, -0.021147847175598145, -0.22670131921768188], [0.39435210824012756, 0.21635445952415466, -0.24808576703071594], [-0.31300589442253113, -0.05129152163863182, -0.1350938230752945], [0.1434611976146698, 0.042665380984544754, 0.0021333282347768545], [0.16028082370758057, 0.12217797338962555, -0.0270841047167778], [-0.017825905233621597, 0.05096997320652008, -0.3565555512905121], [0.004422350320965052, -0.11222461611032486, -0.14802472293376923], [-0.20320704579353333, 0.07020099461078644, 0.04433861002326012], [0.037717655301094055, 0.09314990788698196, 0.22317078709602356], [-0.13637331128120422, 0.198141947388649, -0.32766422629356384]], "expr": [-0.34963807463645935, 0.2080925554037094, 0.05199192091822624, 0.103485606610775, -0.28422272205352783, -0.27360618114471436, 0.2964479625225067, -0.02785119228065014, 0.08992666006088257, 0.004288883879780769, 0.0034946973901242018, -0.145609512925148, -0.1819281131029129, 0.13045810163021088, 0.15649600327014923, -0.24419616162776947, -0.07585423439741135, -0.2130090743303299, 0.14841558039188385, 0.27376416325569153, 0.04952137917280197, -0.23211321234703064, 0.05809338763356209, -0.02818151004612446, 0.039862848818302155, -0.05695385858416557, 0.08053693920373917, -0.11916052550077438, -0.060148511081933975, 0.006103049032390118, -0.019011888653039932, -0.04218406602740288, 0.11201736330986023, -0.014823142439126968, -0.062021058052778244, 0.08601243793964386, -0.132374569773674, -0.015621346421539783, 0.05405950918793678, -0.06780534237623215, -0.2454693615436554, -0.09303469210863113, 0.019979415461421013, -0.0743420273065567, -0.17762845754623413, -0.07051044702529907, -0.18841905891895294, 0.1768452674150467, -0.04034994915127754, -0.042233482003211975], "trans": [0.11463955044746399, 0.37796202301979065, 3.9584946632385254]}