{"root_pose": [-2.885352373123169, -0.06313011050224304, 0.005292923655360937], "body_pose": [[-0.16458752751350403, -0.03264864906668663, 0.02935986965894699], [-0.24749170243740082, 0.02692878246307373, -0.05112053081393242], [0.014115693047642708, 0.018759116530418396, -0.0013938661431893706], [0.198862686753273, 0.023798570036888123, -0.011496678926050663], [0.36313894391059875, -0.057157646864652634, 0.0999368354678154], [0.00924719963222742, 0.0022272479254752398, -0.0039409492164850235], [-0.3200761675834656, 0.22470712661743164, -0.09649122506380081], [-0.31918689608573914, -0.26880085468292236, 0.08118529617786407], [0.0057777832262218, 0.00459895096719265, -0.004251569975167513], [0.21450592577457428, 0.3651970624923706, 0.03097452037036419], [0.010378090664744377, -0.39670026302337646, -0.06465312838554382], [0.0020501448307186365, -0.022188154980540276, -0.03772728517651558], [0.01870761625468731, -0.055833492428064346, -0.11441347748041153], [0.043504998087882996, -0.00048761788639239967, 0.11031883955001831], [-0.010501312091946602, 0.02148278057575226, -0.018444068729877472], [0.13850903511047363, -0.12963762879371643, -0.6149846315383911], [0.10455119609832764, 0.10953374952077866, 0.7219420075416565], [0.13985943794250488, -0.5989195108413696, 0.1864217072725296], [0.10216716676950455, 0.6589959859848022, -0.294155091047287], [-0.6411619186401367, 0.1430913805961609, 0.035189297050237656], [-0.4617112874984741, -0.13938064873218536, -0.15976984798908234]], "jaw_pose": [0.012588745914399624, -0.0019715887028723955, -0.003707088530063629], "leye_pose": [-5.226040229899809e-06, -3.841249053948559e-06, -1.1851692249820189e-07], "reye_pose": [4.85179157294624e-07, -1.918705675052479e-05, -8.187235494006018e-07], "lhand_pose": [[-0.09027784317731857, 0.0640423446893692, 0.004626808688044548], [0.06474340707063675, 0.02417782135307789, 0.48308315873146057], [-0.003551131347194314, 0.07456855475902557, 0.46229061484336853], [0.042870134115219116, -0.1831495612859726, -0.05907151848077774], [0.09207073599100113, 0.06160907447338104, 0.685310959815979], [0.020774178206920624, 0.04975138232111931, 0.36664798855781555], [0.4825899600982666, -0.15067198872566223, 0.36967533826828003], [-0.03238353505730629, 0.12889184057712555, 0.24129697680473328], [0.2151976227760315, 0.03608792647719383, 0.1885097771883011], [0.1857830435037613, -0.15759947896003723, 0.1004602387547493], [0.10342787951231003, 0.02655802294611931, 0.6121169328689575], [0.07254228740930557, 0.10823977738618851, 0.35714906454086304], [-0.2740245461463928, 0.05968114733695984, 0.154825821518898], [0.028505994006991386, 0.06837218254804611, -0.12241044640541077], [-0.2411862462759018, -0.3471835255622864, 0.3016718924045563]], "rhand_pose": [[-0.11060138791799545, -0.0963282436132431, 0.057718247175216675], [0.15126913785934448, -0.022060712799429893, -0.18013261258602142], [-0.057987991720438004, 0.01276355143636465, -0.37010571360588074], [-0.06116758659482002, 0.16984087228775024, 0.14873071014881134], [0.06943511962890625, -0.018390994518995285, -0.4559713900089264], [0.00019691632769536227, -0.021371468901634216, -0.22728124260902405], [0.3977094292640686, 0.21708820760250092, -0.22309079766273499], [-0.2895229756832123, -0.07004332542419434, -0.16624726355075836], [0.17043368518352509, 0.03490569442510605, 0.004770650062710047], [0.16729336977005005, 0.15485939383506775, -0.004809566307812929], [-0.006089100614190102, 0.04272404685616493, -0.39508411288261414], [0.011650430038571358, -0.11472524702548981, -0.17647287249565125], [-0.1914781928062439, 0.11107511073350906, -0.003790657501667738], [0.00835440680384636, 0.08478790521621704, 0.17479054629802704], [-0.12935331463813782, 0.16600719094276428, -0.2947564125061035]], "expr": [-0.33702388405799866, 0.15125860273838043, -0.021569255739450455, 0.050130587071180344, -0.24036088585853577, -0.24378953874111176, 0.40505582094192505, -0.0022761959116905928, 0.06008552759885788, -0.08616732805967331, 0.048676446080207825, -0.30169492959976196, -0.15786027908325195, 0.21233372390270233, 0.1434420943260193, -0.19437935948371887, -0.005080364178866148, -0.17479918897151947, 0.16957096755504608, 0.22950857877731323, 0.06445209681987762, -0.16980038583278656, 0.027869734913110733, -0.030561020597815514, 0.04947654902935028, -0.07113753259181976, 0.06888051331043243, -0.13818547129631042, -0.09395407885313034, 0.055559203028678894, -0.004788645077496767, -0.043173085898160934, 0.10258468985557556, -0.08362389355897903, -0.050574224442243576, 0.07420063763856888, -0.09059188514947891, 0.04048929363489151, 0.05498243868350983, -0.06615959107875824, -0.27958813309669495, -0.05736692622303963, 0.05462945997714996, -0.11961136758327484, -0.131906658411026, -0.06732651591300964, -0.13779030740261078, 0.17271961271762848, 0.0186613742262125, -0.031031141057610512], "trans": [0.13505643606185913, 0.3757317364215851, 3.973845958709717]}