{"root_pose": [-2.901503086090088, -0.05461770296096802, 0.0020646320190280676], "body_pose": [[-0.14638561010360718, -0.029988698661327362, 0.020494189113378525], [-0.2674121856689453, 0.02779352106153965, -0.035927943885326385], [0.020643088966608047, 0.014120819047093391, 0.0020222619641572237], [0.19965760409832, 0.0041662342846393585, -0.012360586784780025], [0.37758761644363403, 0.014258421957492828, 0.0850793719291687], [0.01220304612070322, -0.0005633472464978695, -0.01849243976175785], [-0.3242609202861786, 0.23609477281570435, -0.0871208906173706], [-0.304237425327301, -0.2694886326789856, 0.09080765396356583], [0.010159384459257126, -0.001200010534375906, -0.004493344575166702], [0.15362867712974548, 0.4035915732383728, 0.022996723651885986], [0.005984989460557699, -0.44607406854629517, -0.032816819846630096], [0.002112932736054063, -0.010312886908650398, -0.056781329214572906], [0.0037682580295950174, -0.05853033810853958, -0.10634874552488327], [0.030149798840284348, -0.01176915317773819, 0.09130698442459106], [-0.016349460929632187, 0.035502977669239044, 0.004881952423602343], [0.14336258172988892, -0.09878094494342804, -0.6327301859855652], [0.06162261962890625, 0.12631796300411224, 0.7550942897796631], [0.1609896570444107, -0.5858575701713562, 0.19967517256736755], [0.0987153947353363, 0.6510762572288513, -0.2720051109790802], [-0.7030593752861023, 0.09900803118944168, 0.047797590494155884], [-0.46557843685150146, -0.16001534461975098, -0.16470091044902802]], "jaw_pose": [0.02037302404642105, -0.0050644478760659695, -0.0026716666761785746], "leye_pose": [-3.378694600542076e-06, -6.749068234057631e-06, 2.792523901007371e-06], "reye_pose": [6.361207397276303e-06, -5.084362328489078e-06, 5.7242468756157905e-06], "lhand_pose": [[-0.08753461390733719, 0.06702249497175217, -0.018572913482785225], [0.0592903196811676, 0.024644192308187485, 0.49470120668411255], [-0.00025150098372250795, 0.07764172554016113, 0.4611142575740814], [0.05427445098757744, -0.12355922907590866, -0.08139342814683914], [0.09099113196134567, 0.05482063814997673, 0.6993359923362732], [0.019387686625123024, 0.045897677540779114, 0.39295676350593567], [0.5295276045799255, -0.1354958415031433, 0.39244356751441956], [-0.08241211622953415, 0.12218280136585236, 0.22948987782001495], [0.23843470215797424, 0.022586606442928314, 0.17423787713050842], [0.21154969930648804, -0.12233828753232956, 0.09932248294353485], [0.11172521859407425, 0.027028778567910194, 0.6009765267372131], [0.07052212208509445, 0.10275491327047348, 0.3595339357852936], [-0.3031240999698639, 0.1092841625213623, 0.12348393350839615], [0.02846527472138405, 0.05023613199591637, -0.12649394571781158], [-0.2345844954252243, -0.3104362487792969, 0.26914286613464355]], "rhand_pose": [[-0.12193156033754349, -0.09260990470647812, 0.06888138502836227], [0.1568446159362793, -0.028236618265509605, -0.17491549253463745], [-0.04796198010444641, 0.011340195313096046, -0.373077392578125], [-0.04476308822631836, 0.1939782053232193, 0.1919025331735611], [0.07243610918521881, -0.022652355954051018, -0.4769430160522461], [-0.004201584029942751, -0.02426614984869957, -0.22402015328407288], [0.4234274923801422, 0.21975688636302948, -0.2183944135904312], [-0.3011513650417328, -0.058575164526700974, -0.1818384975194931], [0.1793469339609146, 0.04408474639058113, 0.012119962833821774], [0.18379747867584229, 0.1462848037481308, 0.027139104902744293], [-0.0071843890473246574, 0.05068037286400795, -0.40867578983306885], [0.010100948624312878, -0.12133230268955231, -0.1820790320634842], [-0.19060580432415009, 0.050632137805223465, 0.019527073949575424], [0.005507574416697025, 0.10108840465545654, 0.2148056924343109], [-0.1422472894191742, 0.1860402673482895, -0.3318898677825928]], "expr": [-0.3453376889228821, 0.1584676206111908, -0.024377277120947838, 0.056889183819293976, -0.23452888429164886, -0.24781976640224457, 0.41074782609939575, 0.017933517694473267, 0.03226260840892792, -0.08243430405855179, 0.09993278235197067, -0.25876858830451965, -0.13786984980106354, 0.16616937518119812, 0.15858851373195648, -0.20580069720745087, 0.010280987247824669, -0.17501075565814972, 0.14743368327617645, 0.2555268406867981, 0.02525215968489647, -0.16524407267570496, 0.022684510797262192, -0.023256218060851097, 0.0335068553686142, -0.08992303907871246, 0.08015580475330353, -0.15369881689548492, -0.10403381288051605, 0.03669668734073639, 0.030232176184654236, -0.05966050922870636, 0.09301615506410599, -0.08706407248973846, -0.04412413761019707, 0.08044062554836273, -0.06428751349449158, 0.049708303064107895, 0.060274556279182434, -0.08048312366008759, -0.286806583404541, -0.03516469895839691, 0.04382746294140816, -0.12472663074731827, -0.1312541663646698, -0.05698999762535095, -0.1082351803779602, 0.15308111906051636, 0.030009247362613678, -0.02969367802143097], "trans": [0.13356131315231323, 0.3776879906654358, 3.958965301513672]}