{"root_pose": [-2.8872230052948, -0.06253355741500854, 0.014565509743988514], "body_pose": [[-0.16553938388824463, -0.031615786254405975, 0.032647136598825455], [-0.31350427865982056, 0.04008307680487633, -0.023818766698241234], [0.00863521359860897, 0.010755963623523712, 0.0018405094742774963], [0.21520015597343445, 0.02884410321712494, 0.00010271418432239443], [0.4205915033817291, -0.0037031786050647497, 0.0998355895280838], [0.005053859669715166, -0.0019757268019020557, -0.006275072228163481], [-0.36009544134140015, 0.24038240313529968, -0.10973599553108215], [-0.3278193473815918, -0.27425965666770935, 0.10047144442796707], [0.003934238106012344, -0.0014872505562379956, -0.0020795310847461224], [0.23068998754024506, 0.38801509141921997, 0.03658035025000572], [0.05664042383432388, -0.4598960280418396, -0.05935734510421753], [0.0010243543656542897, 0.0036913477815687656, -0.05269906297326088], [0.016244374215602875, -0.044492438435554504, -0.11705461144447327], [0.06894320994615555, -0.030247993767261505, 0.11387944966554642], [-0.011208939366042614, 0.028073880821466446, 0.00016149658767972142], [0.17336732149124146, -0.12368418276309967, -0.62367182970047], [0.11508189141750336, 0.10719031095504761, 0.715556800365448], [0.1487424522638321, -0.6271299123764038, 0.2119603008031845], [0.10885843634605408, 0.7058753371238708, -0.29304513335227966], [-0.747553825378418, 0.17570877075195312, 0.04433387145400047], [-0.548618733882904, -0.17421047389507294, -0.17427241802215576]], "jaw_pose": [0.02316201850771904, 0.005223236046731472, -0.015128728933632374], "leye_pose": [-4.7967632781364955e-06, 5.088157195132226e-06, 3.8686712287017144e-06], "reye_pose": [-5.858129043190274e-06, -5.937977221037727e-07, 4.010888915217947e-06], "lhand_pose": [[-0.08715816587209702, 0.07406681776046753, -0.00823544804006815], [0.07046765089035034, 0.02503371611237526, 0.49971407651901245], [-0.001803032006137073, 0.06696534156799316, 0.46412333846092224], [0.030612913891673088, -0.15093952417373657, -0.04482697695493698], [0.09144958853721619, 0.05510905757546425, 0.668914258480072], [0.0169814620167017, 0.04184475541114807, 0.373550683259964], [0.4592120349407196, -0.19796113669872284, 0.4220459461212158], [-0.09815637022256851, 0.11295155435800552, 0.23948171734809875], [0.22777603566646576, 0.014710109680891037, 0.13687901198863983], [0.19195556640625, -0.12761160731315613, 0.14816482365131378], [0.09114713966846466, 0.011539831757545471, 0.5838796496391296], [0.0607784278690815, 0.09948451817035675, 0.3392806351184845], [-0.26326921582221985, 0.09279847890138626, 0.15377579629421234], [0.011248725466430187, 0.03206799179315567, -0.11971724778413773], [-0.18656614422798157, -0.2705051898956299, 0.25212299823760986]], "rhand_pose": [[-0.1117614284157753, -0.0825609341263771, 0.09870447963476181], [0.15600046515464783, -0.037894055247306824, -0.23497457802295685], [-0.0532819889485836, 0.011799092404544353, -0.3516952395439148], [-0.053408458828926086, 0.17321503162384033, 0.20506072044372559], [0.0622803159058094, -0.008493968285620213, -0.5165639519691467], [-0.010802841745316982, -0.02162252739071846, -0.19189491868019104], [0.39727747440338135, 0.21771381795406342, -0.229112908244133], [-0.3112362325191498, -0.05156872794032097, -0.21972189843654633], [0.13482335209846497, 0.057330820709466934, 0.06891702115535736], [0.15487192571163177, 0.09484176337718964, 0.03199733793735504], [-0.0371875986456871, 0.04097125306725502, -0.436823308467865], [-0.004799730144441128, -0.11288581043481827, -0.09497980773448944], [-0.15653857588768005, 0.05996810644865036, 0.06785840541124344], [0.005204680375754833, 0.11621573567390442, 0.21715305745601654], [-0.12075132876634598, 0.1498812884092331, -0.31654608249664307]], "expr": [-0.27257081866264343, 0.1913413554430008, -0.026255715638399124, 0.06755536794662476, -0.22698158025741577, -0.24391254782676697, 0.3742655813694, -0.011513657867908478, 0.042849116027355194, -0.10973942279815674, 0.06207924708724022, -0.2602840065956116, -0.15533775091171265, 0.1520681530237198, 0.1320066750049591, -0.2101689875125885, -0.0012474802788347006, -0.1663249284029007, 0.1519729346036911, 0.24880380928516388, 0.023373689502477646, -0.17061841487884521, 0.030965570360422134, -0.022330649197101593, 0.04229872673749924, -0.0682462528347969, 0.07347677648067474, -0.1346011906862259, -0.07257809489965439, 0.04948200657963753, 0.01514369249343872, -0.050664760172367096, 0.0939323827624321, -0.06263507902622223, -0.05041171982884407, 0.08095656335353851, -0.06366247683763504, 0.03711723908782005, 0.05784091353416443, -0.08131568878889084, -0.265971839427948, -0.04375143349170685, 0.043875791132450104, -0.1229756623506546, -0.12693169713020325, -0.0640992671251297, -0.10351438820362091, 0.14158077538013458, 0.02108142524957657, -0.04286535829305649], "trans": [0.12375012040138245, 0.37890151143074036, 3.9535229206085205]}