{"root_pose": [-2.88577938079834, -0.05659932643175125, -0.0021159236785024405], "body_pose": [[-0.1447988897562027, -0.03270750120282173, 0.03632129356265068], [-0.2966744601726532, 0.033944085240364075, -0.013663308694958687], [0.006322307512164116, 0.0043033757247030735, 0.0031223983969539404], [0.1838330179452896, 0.0074669187888503075, -0.006060918793082237], [0.4059605598449707, -0.009921451099216938, 0.08863432705402374], [0.006130689289420843, -0.007650662679225206, -0.004666376393288374], [-0.3083524703979492, 0.24974673986434937, -0.06331176310777664], [-0.31558775901794434, -0.2741803824901581, 0.07516460865736008], [0.007687004283070564, -0.001042188610881567, -0.0043386854231357574], [0.15490247309207916, 0.3562869429588318, 0.03248673304915428], [0.013724908232688904, -0.4264270067214966, -0.07240235805511475], [0.006172178313136101, 0.012934010475873947, -0.06922082602977753], [0.037612684071063995, -0.03314215689897537, -0.1216847226023674], [0.043974246829748154, -0.02383372187614441, 0.12499359995126724], [-0.00040561030618846416, 0.014930328354239464, 0.020763441920280457], [0.1549641489982605, -0.12638609111309052, -0.6113523840904236], [0.09716641157865524, 0.10937649756669998, 0.7143756747245789], [0.1420118659734726, -0.6343353986740112, 0.21089226007461548], [0.10651253163814545, 0.7007871270179749, -0.29064932465553284], [-0.7534347772598267, 0.17474347352981567, 0.06831422448158264], [-0.5091109871864319, -0.18537676334381104, -0.16581253707408905]], "jaw_pose": [0.02047843299806118, 0.007104803808033466, -0.017971428111195564], "leye_pose": [-2.376768406975316e-06, -6.062661668693181e-06, -2.5180493139487226e-06], "reye_pose": [-1.0582131153569208e-06, -6.364776709233411e-06, 1.2948764833708992e-06], "lhand_pose": [[-0.09535772353410721, 0.06163961812853813, -0.025187484920024872], [0.08308578282594681, 0.023471534252166748, 0.4711509346961975], [-0.009403401054441929, 0.06987861543893814, 0.4800739586353302], [0.04218361899256706, -0.2167622447013855, -0.12363515049219131], [0.09903734922409058, 0.05944180116057396, 0.7193530201911926], [0.01878446899354458, 0.04524323716759682, 0.4115070700645447], [0.4998069405555725, -0.1943250447511673, 0.3685350716114044], [-0.08024359494447708, 0.12342578172683716, 0.25036856532096863], [0.23671774566173553, 0.025062324479222298, 0.17249013483524323], [0.19709445536136627, -0.150840625166893, 0.05547298863530159], [0.09960746765136719, 0.014903238043189049, 0.6260708570480347], [0.06747152656316757, 0.1104341670870781, 0.3572233021259308], [-0.2413453310728073, 0.14121989905834198, 0.13203291594982147], [0.032909221947193146, 0.03744208812713623, -0.14036016166210175], [-0.22394312918186188, -0.34430742263793945, 0.28489449620246887]], "rhand_pose": [[-0.1184878945350647, -0.07648225128650665, 0.1361355483531952], [0.15803280472755432, -0.03829189017415047, -0.2792600691318512], [-0.06122926250100136, 0.019630149006843567, -0.34998708963394165], [-0.061011698096990585, 0.16390399634838104, 0.1860015094280243], [0.06627556681632996, -0.020802678540349007, -0.43197304010391235], [-0.007281535305082798, -0.016927730292081833, -0.18941009044647217], [0.3536396920681, 0.22231534123420715, -0.193454772233963], [-0.2544839680194855, -0.05946863070130348, -0.22754396498203278], [0.13193877041339874, 0.049364399164915085, 0.04124593362212181], [0.12221471965312958, 0.19648230075836182, 0.07136315107345581], [-0.027692733332514763, 0.05784452706575394, -0.4555225968360901], [-0.0006778997485525906, -0.11403881013393402, -0.17084282636642456], [-0.1807061731815338, 0.03162698820233345, 0.019927337765693665], [0.002692496171221137, 0.11160667985677719, 0.19811877608299255], [-0.11315085738897324, 0.1761535257101059, -0.2902369797229767]], "expr": [-0.31922346353530884, 0.2334410548210144, -0.02359720505774021, 0.07028230279684067, -0.2046974003314972, -0.21799558401107788, 0.3905610740184784, -0.00886512454599142, 0.04120071232318878, -0.13659816980361938, 0.08923860639333725, -0.30895084142684937, -0.20938119292259216, 0.20382604002952576, 0.1295740157365799, -0.16865119338035583, 0.029731618240475655, -0.17199698090553284, 0.1622343361377716, 0.18922121822834015, 0.06721024215221405, -0.16799356043338776, 0.013780061155557632, -0.04283205047249794, 0.04930301010608673, -0.0662309005856514, 0.06299466639757156, -0.11113480478525162, -0.05952587351202965, 0.05777253955602646, -0.0047231996431946754, -0.057909611612558365, 0.0977645143866539, -0.04829231649637222, -0.07913540303707123, 0.06751887500286102, -0.08536987006664276, 0.03240710124373436, 0.05796307697892189, -0.08164279907941818, -0.2561075687408447, -0.0756005123257637, 0.050255533307790756, -0.10725869983434677, -0.13767218589782715, -0.08077621459960938, -0.13033060729503632, 0.15542221069335938, 0.004717533010989428, -0.05941197648644447], "trans": [0.11656896770000458, 0.3790924847126007, 3.9494733810424805]}