{"root_pose": [-2.8986010551452637, -0.02734406106173992, -0.029446261003613472], "body_pose": [[-0.1586281657218933, -0.03422306850552559, 0.023291461169719696], [-0.28506264090538025, 0.028331194072961807, -0.02822388894855976], [0.014160692691802979, 0.013529526069760323, 0.017486080527305603], [0.2273244708776474, 0.013973209075629711, 0.0055764829739928246], [0.4135952293872833, -0.03224831074476242, 0.09233849495649338], [0.011098835617303848, -0.0033207423985004425, -0.0262661874294281], [-0.3201027512550354, 0.24704907834529877, -0.11060010641813278], [-0.32286739349365234, -0.28212690353393555, 0.08260311931371689], [0.011177252046763897, 0.0016526620602235198, -0.017685232684016228], [0.1830039769411087, 0.32831791043281555, 0.02091781236231327], [0.013647356070578098, -0.40453487634658813, -0.08235470950603485], [0.006832714192569256, -0.017127083614468575, -0.051634445786476135], [0.020046129822731018, -0.03694874048233032, -0.09451635181903839], [0.023578224703669548, -0.016818054020404816, 0.11572353541851044], [-0.0025543791707605124, 0.04883604124188423, -0.011648987419903278], [0.15385115146636963, -0.11891801655292511, -0.6280854344367981], [0.06413402408361435, 0.10632766038179398, 0.7314679026603699], [0.13616740703582764, -0.6156411170959473, 0.19910410046577454], [0.08999626338481903, 0.6512351632118225, -0.2598590552806854], [-0.7648312449455261, 0.17862209677696228, 0.06608395278453827], [-0.5587770938873291, -0.1458211988210678, -0.1697605550289154]], "jaw_pose": [0.016043804585933685, 0.005975912790745497, -0.018108773976564407], "leye_pose": [-5.1280471780046355e-06, 6.632913937210105e-06, 7.933091410450288e-07], "reye_pose": [1.1299811376375146e-05, 1.174053295471822e-06, 2.914566543665842e-08], "lhand_pose": [[-0.06809651851654053, 0.04613696411252022, 0.013544498011469841], [0.052368320524692535, 0.03188280388712883, 0.4418383538722992], [-0.006590752396732569, 0.06778990477323532, 0.4262044131755829], [0.03159932792186737, -0.2781706154346466, -0.09802383184432983], [0.08195760101079941, 0.05195927992463112, 0.6482193470001221], [0.013905411586165428, 0.03558792918920517, 0.3963243365287781], [0.5222026109695435, -0.16776074469089508, 0.42592257261276245], [-0.1329638510942459, 0.10078559070825577, 0.20328417420387268], [0.21959803998470306, 0.008425534702837467, 0.13519226014614105], [0.16930271685123444, -0.149113267660141, 0.12330955266952515], [0.09166288375854492, 0.023500604555010796, 0.5379728674888611], [0.05990960821509361, 0.08990679681301117, 0.3285033702850342], [-0.200785830616951, 0.1043672040104866, 0.13385926187038422], [0.033911582082509995, -0.0039620185270905495, -0.08979620039463043], [-0.17720510065555573, -0.2753964066505432, 0.21207959949970245]], "rhand_pose": [[-0.10120538622140884, -0.07941704243421555, 0.05687469244003296], [0.14560513198375702, -0.024372832849621773, -0.16245664656162262], [-0.05479675903916359, 0.0076201059855520725, -0.34816238284111023], [-0.04302608221769333, 0.13747572898864746, 0.19093042612075806], [0.06860187649726868, -0.028381632640957832, -0.46612778306007385], [-0.001665441901423037, -0.01703990250825882, -0.2572217881679535], [0.40777039527893066, 0.22478081285953522, -0.2671462595462799], [-0.3111955523490906, -0.06584373116493225, -0.1480867862701416], [0.16950827836990356, 0.04360062628984451, 0.022707371041178703], [0.1935267299413681, 0.11578059196472168, 0.010001632384955883], [-0.006026180926710367, 0.02648211270570755, -0.3754430115222931], [0.009845113381743431, -0.10988310724496841, -0.15456631779670715], [-0.13448870182037354, 0.06166256219148636, 0.10343264788389206], [0.019292715936899185, 0.09557926654815674, 0.17304286360740662], [-0.09696703404188156, 0.17015084624290466, -0.2896402180194855]], "expr": [-0.36341530084609985, 0.22143477201461792, -0.009169562719762325, 0.06780286133289337, -0.22752639651298523, -0.20433568954467773, 0.39520153403282166, -0.023265739902853966, 0.07571299374103546, -0.12137444317340851, 0.06357772648334503, -0.33797645568847656, -0.24389654397964478, 0.25497251749038696, 0.14615565538406372, -0.15235993266105652, 0.029072657227516174, -0.157209575176239, 0.162611722946167, 0.15780186653137207, 0.08905522525310516, -0.1379828006029129, -0.012677790597081184, -0.08633224666118622, 0.04007784649729729, -0.0551609992980957, 0.059905756264925, -0.0860167071223259, -0.06289850920438766, 0.08675181865692139, -0.036804039031267166, -0.06829079240560532, 0.12571248412132263, -0.04244060441851616, -0.10621339827775955, 0.07045173645019531, -0.13948731124401093, 0.04981157183647156, 0.03741902858018875, -0.07675259560346603, -0.22811110317707062, -0.09712975472211838, 0.03852246701717377, -0.08579663932323456, -0.15996254980564117, -0.10007001459598541, -0.13893160223960876, 0.16359028220176697, -0.012239750474691391, -0.06455513089895248], "trans": [0.10940402746200562, 0.3792418837547302, 3.9562559127807617]}