{"root_pose": [-2.8853201866149902, -0.015217750333249569, 0.033991094678640366], "body_pose": [[-0.13699989020824432, -0.04325764626264572, 0.029421642422676086], [-0.2880949378013611, 0.033533789217472076, -0.0074141062796115875], [0.010254035703837872, 0.026785029098391533, 0.008530760183930397], [0.1836422085762024, 0.04932218790054321, 0.006053698714822531], [0.4132669270038605, 0.025529662147164345, 0.08390360325574875], [0.009181647561490536, 0.007517675403505564, -0.010981626808643341], [-0.30149149894714355, 0.2619415521621704, -0.12355112284421921], [-0.3342451751232147, -0.27135133743286133, 0.011660808697342873], [0.0110377948731184, 0.010961332358419895, -0.0068734572269022465], [0.10465028136968613, 0.33081188797950745, 0.034971047192811966], [0.02392890304327011, -0.44786155223846436, -0.038270242512226105], [0.00798709224909544, -0.007239913567900658, -0.052114058285951614], [0.02771732769906521, -0.00027267372934147716, -0.11338600516319275], [0.017018890008330345, 0.007519464939832687, 0.10771494358778], [0.000741930038202554, 0.0809815302491188, -0.015222890302538872], [0.1797894984483719, -0.10168877989053726, -0.6324335336685181], [0.07739585638046265, 0.13273370265960693, 0.7184479832649231], [0.14878486096858978, -0.6398430466651917, 0.22778519988059998], [0.10482677072286606, 0.653084397315979, -0.279936820268631], [-0.7826407551765442, 0.11152103543281555, 0.08345716446638107], [-0.4553503096103668, -0.12283380329608917, -0.14319276809692383]], "jaw_pose": [0.01925448141992092, 0.009181390516459942, -0.04695471376180649], "leye_pose": [6.76332365401322e-06, 7.546535016444977e-06, -2.590511030575726e-06], "reye_pose": [9.4385438842437e-07, 7.375726454483811e-06, 1.435175590813742e-06], "lhand_pose": [[-0.07857084274291992, -0.022544467821717262, -0.01399166788905859], [0.046353958547115326, 0.018279582262039185, 0.4419354200363159], [-0.006496294867247343, 0.07148277014493942, 0.41780853271484375], [0.03928694501519203, -0.3219834864139557, -0.09323418140411377], [0.07965187728404999, 0.026397015899419785, 0.6444674134254456], [0.010757477022707462, 0.04219683259725571, 0.36208635568618774], [0.538379967212677, -0.17290763556957245, 0.4416038990020752], [-0.1698981523513794, 0.09322378784418106, 0.19050270318984985], [0.22844895720481873, -0.001361500471830368, 0.11320152878761292], [0.16464781761169434, -0.19603197276592255, 0.15850026905536652], [0.08308123797178268, -0.015790361911058426, 0.5153433084487915], [0.05329697206616402, 0.08842360228300095, 0.31352221965789795], [-0.19504296779632568, 0.10609180480241776, 0.12698568403720856], [-0.04843130707740784, 0.045123469084501266, -0.12055306136608124], [-0.1977681666612625, -0.2403867542743683, 0.23642034828662872]], "rhand_pose": [[-0.14061231911182404, -0.042001303285360336, 0.006070918869227171], [0.15924513339996338, -0.00048499833792448044, -0.16110999882221222], [-0.04879681393504143, 0.015637489035725594, -0.3545934557914734], [-0.05853651091456413, 0.15535764396190643, 0.09894788265228271], [0.06611935049295425, -0.009313547983765602, -0.44371843338012695], [-0.00316892983391881, -0.01815318688750267, -0.16739414632320404], [0.4106048345565796, 0.2244282364845276, -0.25607603788375854], [-0.3196006715297699, -0.05946149677038193, -0.16255700588226318], [0.174602210521698, 0.04277055710554123, 0.04231301322579384], [0.1867847591638565, 0.14394064247608185, -0.033666275441646576], [-0.007824670523405075, 0.0422624908387661, -0.390203595161438], [0.007422181311994791, -0.11586698889732361, -0.1480780988931656], [-0.1701309233903885, 0.1339472234249115, 0.021275008097290993], [0.061679136008024216, 0.13925065100193024, 0.19849196076393127], [-0.0906546488404274, 0.17966625094413757, -0.297419011592865]], "expr": [-0.33828192949295044, 0.29688671231269836, -0.021610833704471588, 0.032834265381097794, -0.16022375226020813, -0.24036897718906403, 0.39729905128479004, -0.04160274565219879, 0.01265017967671156, -0.12580347061157227, 0.05469464510679245, -0.33186987042427063, -0.237966388463974, 0.26336827874183655, 0.16413436830043793, -0.16704732179641724, -0.0176148172467947, -0.18918699026107788, 0.1784829944372177, 0.19828419387340546, 0.08487581461668015, -0.16308781504631042, -0.01082554366439581, -0.05455080792307854, 0.029914725571870804, -0.10538767278194427, 0.10855557024478912, -0.14252729713916779, -0.10571683198213577, 0.0006836600368842483, 0.01619384065270424, -0.07908198237419128, 0.17837713658809662, -0.07234551012516022, -0.09968861937522888, 0.06283652782440186, -0.10410977154970169, 0.04002510756254196, 0.08305441588163376, -0.037586599588394165, -0.2019527107477188, -0.10820714384317398, 0.05091174691915512, -0.09731078147888184, -0.16040676832199097, -0.09319566190242767, -0.17979280650615692, 0.17325720191001892, -0.03839442878961563, -0.02982918545603752], "trans": [0.09148122370243073, 0.38214755058288574, 3.943394660949707]}