{"root_pose": [-2.8832709789276123, 0.024162165820598602, -0.09032946079969406], "body_pose": [[-0.16545523703098297, -0.04054773971438408, 0.0319172665476799], [-0.2272157222032547, 0.01529201865196228, -0.02579142339527607], [0.012561565265059471, 0.003124350681900978, 0.015729695558547974], [0.19959460198879242, -0.023624848574399948, -0.006273257080465555], [0.3266015648841858, -0.05012897402048111, 0.08533042669296265], [0.011162808164954185, 0.00044721548329107463, -0.007140920497477055], [-0.31839415431022644, 0.23487861454486847, -0.14904573559761047], [-0.3081904947757721, -0.26096412539482117, 0.041261088103055954], [0.012438797391951084, 0.0018976472783833742, -0.005723079200834036], [0.058192793279886246, 0.3418267071247101, 0.19277609884738922], [0.007203259505331516, -0.44056597352027893, -0.02243289165198803], [0.011684777215123177, 0.01770293526351452, -0.09220514446496964], [0.033287398517131805, -0.035129036754369736, -0.11222852766513824], [0.013516651466488838, -0.00553032336756587, 0.12538151443004608], [0.001074406085535884, 0.10012926906347275, 0.009895170107483864], [0.17311428487300873, -0.11723457276821136, -0.633281946182251], [0.09117814898490906, 0.12222541123628616, 0.6959288716316223], [0.16677211225032806, -0.610348105430603, 0.2116146981716156], [0.09781764447689056, 0.6587576270103455, -0.2840788662433624], [-0.8519631624221802, 0.1661749929189682, 0.10024352371692657], [-0.3985871374607086, -0.1637529730796814, -0.09366996586322784]], "jaw_pose": [0.01690138503909111, 0.0045679653994739056, -0.05998111888766289], "leye_pose": [1.3934534308646107e-06, 8.329975571541581e-07, -9.452591598346771e-08], "reye_pose": [2.6313837224734016e-06, 8.491650078212842e-06, 5.838652214151807e-06], "lhand_pose": [[-0.08661569654941559, -0.04624379053711891, -0.0510825477540493], [0.056715164333581924, 0.01900804042816162, 0.45916053652763367], [-0.008813661523163319, 0.06278068572282791, 0.44359374046325684], [0.023492030799388885, -0.33031773567199707, -0.11073151975870132], [0.09379642456769943, -0.030680466443300247, 0.6148301959037781], [0.005753131117671728, 0.03938407450914383, 0.3526999056339264], [0.5357234477996826, -0.17978574335575104, 0.47586560249328613], [-0.2369764745235443, 0.06726887077093124, 0.2115228772163391], [0.2317792922258377, -0.02071898803114891, 0.08273959159851074], [0.15988899767398834, -0.2504737079143524, 0.15960782766342163], [0.06186385080218315, -0.0020321079064160585, 0.46565741300582886], [0.04508528113365173, 0.09237159043550491, 0.2920685410499573], [-0.19453999400138855, 0.09494069218635559, 0.1080743595957756], [0.04337010905146599, 0.02860666997730732, -0.12764054536819458], [-0.18724200129508972, -0.2128576636314392, 0.23109468817710876]], "rhand_pose": [[-0.10274800658226013, -0.08199968934059143, -0.03245759755373001], [0.15348902344703674, -0.01656586490571499, -0.16684962809085846], [-0.05267029255628586, 0.016239944845438004, -0.333553284406662], [-0.05617207661271095, 0.05871007964015007, 0.04189356788992882], [0.057285234332084656, -0.022407978773117065, -0.3849697411060333], [0.0012680781073868275, -0.01779070496559143, -0.17163307964801788], [0.3772987127304077, 0.17767393589019775, -0.2851520776748657], [-0.2865425944328308, -0.07093815505504608, -0.13182370364665985], [0.13141021132469177, 0.03507060557603836, 0.036234334111213684], [0.16509279608726501, 0.11276480555534363, -0.050963714718818665], [-0.017529400065541267, 0.05104799196124077, -0.4141889214515686], [0.005531700793653727, -0.10503758490085602, -0.14260059595108032], [-0.1834113597869873, 0.13863468170166016, -0.11608004570007324], [0.04007863625884056, 0.061790354549884796, 0.15064142644405365], [-0.13847021758556366, 0.22811464965343475, -0.31790870428085327]], "expr": [-0.2921966016292572, 0.20349401235580444, 0.1564234048128128, 0.686359703540802, -1.0123677253723145, -0.7255442142486572, 0.479358047246933, -0.920787513256073, 0.626132071018219, 0.7354840636253357, -0.6339511275291443, 0.3783935308456421, -0.037042900919914246, 0.09116091579198837, 0.5209599137306213, -0.7523365020751953, -0.7387477159500122, -0.39937683939933777, -0.2004879117012024, 1.1524337530136108, -0.09005759656429291, -0.6227202415466309, 0.6806574463844299, -0.015010098926723003, -0.35628172755241394, 0.15956473350524902, 0.1669093817472458, -0.04095736891031265, -0.20911937952041626, 0.038620419800281525, 0.23138867318630219, -0.10001145303249359, 0.2036760151386261, -0.31166037917137146, 0.21704424917697906, 0.08722498267889023, 0.4106021821498871, 0.1911567896604538, 0.024345338344573975, -0.07327764481306076, -0.4194600284099579, 0.2813997268676758, 0.19052936136722565, -0.24467907845973969, -0.07063627988100052, 0.26427537202835083, 0.27817973494529724, -0.06082925945520401, 0.29767391085624695, 0.014479107223451138], "trans": [0.07846631109714508, 0.37965473532676697, 3.958611011505127]}