{"root_pose": [-2.8849921226501465, 0.03256501257419586, -0.1874634176492691], "body_pose": [[-0.1683138757944107, 0.029551230370998383, 0.028649846091866493], [-0.2321198582649231, 0.015919117256999016, -0.04505302757024765], [0.02368861995637417, -0.00234487047418952, 0.016002262011170387], [0.29438769817352295, 0.1592450737953186, -0.029127337038517], [0.34069058299064636, -0.04975280910730362, 0.09725374728441238], [0.015772027894854546, 0.0068874116986989975, -0.008805276826024055], [-0.3482937812805176, 0.3139903247356415, -0.08787956833839417], [-0.3531564176082611, -0.25434553623199463, 0.06348953396081924], [0.014608691446483135, 0.0059712422080338, -0.009335816837847233], [0.017486905679106712, 0.15008112788200378, 0.02412833832204342], [0.0017307588132098317, -0.4732592701911926, -0.009940920397639275], [0.005271447356790304, 0.0540427565574646, -0.09858042001724243], [0.01613478548824787, -0.0023262533359229565, -0.1460767537355423], [0.011333899572491646, -0.0345037579536438, 0.12782719731330872], [-0.005053544417023659, 0.13671289384365082, 0.02077527903020382], [0.1566729098558426, -0.09821902960538864, -0.6157909035682678], [0.05473236367106438, 0.11160463094711304, 0.7010903358459473], [0.16386154294013977, -0.6504464745521545, 0.22531667351722717], [0.07979482412338257, 0.6652006506919861, -0.25315696001052856], [-0.8741006851196289, 0.133953258395195, 0.09742596000432968], [-0.36303919553756714, -0.16896913945674896, -0.07757703959941864]], "jaw_pose": [0.02164752595126629, -0.006554919295012951, -0.09989163279533386], "leye_pose": [-2.0280017452023458e-06, -3.5508451219357084e-06, -4.552288373815827e-06], "reye_pose": [2.823245267791208e-06, 1.5946102394082118e-06, -8.971016541181598e-06], "lhand_pose": [[-0.06785795092582703, 0.02648615837097168, -0.08675884455442429], [0.07372768968343735, -0.012732744216918945, 0.4849565625190735], [-0.03896874561905861, 0.038797833025455475, 0.44427111744880676], [-0.004945002030581236, -0.21232172846794128, -0.1121153011918068], [0.07837886363267899, -0.1377602517604828, 0.5804088711738586], [0.018559541553258896, 0.036081332713365555, 0.3618263900279999], [0.3832647502422333, -0.3289145827293396, 0.43608739972114563], [-0.15225903689861298, -0.07056775689125061, 0.2101668268442154], [0.21656063199043274, -0.00419146753847599, 0.1352008730173111], [0.14407575130462646, -0.20637978613376617, 0.09375614672899246], [0.07323943823575974, -0.006378623656928539, 0.510972261428833], [0.04387607425451279, 0.08774657547473907, 0.3148652911186218], [-0.10359815508127213, 0.0328541174530983, 0.04804776608943939], [0.026787512004375458, -0.027406373992562294, -0.03840109333395958], [-0.12540431320667267, -0.2106279730796814, 0.17761041224002838]], "rhand_pose": [[-0.08971240371465683, -0.09462296962738037, -0.032997895032167435], [0.1454586386680603, -0.016839567571878433, -0.18147732317447662], [-0.04056602343916893, 0.006778211332857609, -0.3477947413921356], [-0.03820494934916496, 0.15830115973949432, 0.07320564985275269], [0.05967001989483833, -0.03545597940683365, -0.3852904140949249], [0.008449435234069824, -0.013154824264347553, -0.16702958941459656], [0.2427576184272766, 0.17959731817245483, -0.18227602541446686], [-0.1495121717453003, -0.08532311022281647, -0.1534065306186676], [0.09867434203624725, -0.003925417084246874, -0.0073964037001132965], [0.13229309022426605, 0.14090017974376678, -0.000531814934220165], [-0.004842760507017374, 0.03800345957279205, -0.42436540126800537], [0.010913507081568241, -0.09892182052135468, -0.11700835078954697], [-0.22324183583259583, 0.12932220101356506, -0.12295210361480713], [0.0335857979953289, -0.023670900613069534, 0.15910163521766663], [-0.1949232965707779, 0.19529733061790466, -0.36725273728370667]], "expr": [-0.31356287002563477, 0.10975270718336105, 0.056387316435575485, 0.1670042723417282, -0.3406149744987488, -0.4192519187927246, 0.21546299755573273, -0.3028468191623688, 0.1474321037530899, 0.1888652890920639, -0.2349996417760849, 0.0022882958874106407, -0.14002305269241333, 0.12170746922492981, 0.2144555300474167, -0.2679344713687897, -0.30136221647262573, -0.22024568915367126, 0.034937188029289246, 0.5019140839576721, 0.04552430287003517, -0.2810719907283783, 0.23990821838378906, 0.0170295313000679, -0.09834790229797363, -0.04419238492846489, 0.13455995917320251, -0.046059031039476395, -0.0583970844745636, 0.05969858914613724, 0.15319381654262543, -0.057995568960905075, 0.2607353627681732, -0.15815681219100952, 0.07637439668178558, 0.044532179832458496, 0.07920870929956436, 0.13339011371135712, 0.0775461196899414, -0.06919723749160767, -0.22017303109169006, 0.04123526066541672, 0.11832825839519501, -0.09969814866781235, -0.11062929034233093, 0.056881386786699295, 0.10056919604539871, 0.04449407011270523, 0.10747263580560684, 0.0239257775247097], "trans": [0.08510103821754456, 0.37887099385261536, 3.963715076446533]}