{"root_pose": [-2.904609441757202, 0.02171003632247448, -0.33023974299430847], "body_pose": [[-0.18012940883636475, 0.012907295487821102, -0.05590096116065979], [-0.15850968658924103, 0.010787153616547585, -0.042111851274967194], [0.018568187952041626, -0.010364526882767677, -0.001277158036828041], [0.30985698103904724, 0.1238451898097992, 0.07340546697378159], [0.306441992521286, -0.09556280821561813, 0.08410828560590744], [0.014993928372859955, 0.006757493596524, -0.02714529074728489], [-0.30050939321517944, 0.35773029923439026, -0.009082597680389881], [-0.35725468397140503, -0.25415900349617004, 0.004196884576231241], [0.016649141907691956, -0.0017699807649478316, -0.010387339629232883], [0.004541186150163412, 0.22778762876987457, 0.04207746684551239], [0.00250709499232471, -0.5423588752746582, 0.00467535899952054], [0.008639940060675144, 0.12734155356884003, -0.07041379809379578], [0.02150370366871357, 0.0006494489498436451, -0.11825765669345856], [0.008426439017057419, -0.050223562866449356, 0.11004562675952911], [0.0022091835271567106, 0.10725419968366623, 0.028417451307177544], [0.16864606738090515, -0.13042357563972473, -0.6581810116767883], [0.05530610308051109, 0.1259104609489441, 0.7856236100196838], [0.17594151198863983, -0.7566888332366943, 0.28445398807525635], [0.0719224363565445, 0.6898702383041382, -0.2590673863887787], [-0.8239755630493164, 0.36176934838294983, 0.15819969773292542], [-0.30644938349723816, -0.22849546372890472, -0.044839415699243546]], "jaw_pose": [0.030563663691282272, -0.008997317403554916, -0.10927248001098633], "leye_pose": [3.908316102751996e-06, -8.21468529466074e-06, 5.759586201747879e-06], "reye_pose": [2.4674377527844626e-06, -5.718944976251805e-06, -1.7984525584324729e-06], "lhand_pose": [[-0.10031402111053467, 0.0029151656199246645, -0.08338167518377304], [0.08525605499744415, -0.014037245884537697, 0.4125627279281616], [-0.03622531145811081, 0.02350953035056591, 0.43122464418411255], [-0.024738244712352753, -0.2626771628856659, -0.14404715597629547], [0.06386971473693848, -0.04988030344247818, 0.5790495276451111], [0.008942604064941406, 0.0444740392267704, 0.34709590673446655], [0.5232211351394653, -0.21660056710243225, 0.3805956542491913], [-0.30177849531173706, 0.0036212571430951357, 0.24710465967655182], [0.26354971528053284, -0.061558641493320465, 0.060107432305812836], [0.16484297811985016, -0.2153393030166626, 0.028757339343428612], [0.04939519241452217, -0.13029561936855316, 0.5218272805213928], [0.033825576305389404, 0.10607735812664032, 0.29265522956848145], [-0.1556987166404724, 0.012669256888329983, -0.021660950034856796], [0.038470663130283356, -0.04866345226764679, -0.08803371340036392], [-0.07449087500572205, -0.12701332569122314, 0.18191343545913696]], "rhand_pose": [[-0.10423848778009415, -0.12104618549346924, 0.06831914931535721], [0.13608501851558685, -0.01733705960214138, -0.18825115263462067], [-0.02634505368769169, -0.003177461214363575, -0.37545284628868103], [-0.022730611264705658, 0.055406033992767334, 0.18154467642307281], [0.06471762806177139, -0.038372017443180084, -0.41686153411865234], [0.023153917863965034, -0.013130574487149715, -0.18326209485530853], [0.17132705450057983, 0.15919490158557892, -0.060645874589681625], [0.04820876941084862, -0.10750305652618408, -0.14002099633216858], [0.06700815260410309, -0.06181827560067177, -0.09344808757305145], [0.10700080543756485, 0.1387898325920105, 0.13435852527618408], [0.03518121317028999, 0.010270210914313793, -0.495462030172348], [0.027355769649147987, -0.10676846653223038, -0.1678764522075653], [-0.31203728914260864, 0.09408175945281982, -0.14500699937343597], [0.04381241649389267, -0.09370219707489014, 0.15608279407024384], [-0.21671773493289948, 0.210781067609787, -0.39194008708000183]], "expr": [-0.329566091299057, 0.10736111551523209, 0.053401924669742584, 0.2433398962020874, -0.4580093324184418, -0.6390784978866577, 0.3712441623210907, -0.43108728528022766, 0.1302115023136139, 0.3471984267234802, -0.21690136194229126, 0.14894458651542664, 0.02765221893787384, 0.03806934878230095, 0.18659132719039917, -0.3797280192375183, -0.46096372604370117, -0.21338649094104767, -0.039770759642124176, 0.6081371307373047, 0.005741172470152378, -0.31255704164505005, 0.3027983009815216, -0.03644001856446266, -0.19438838958740234, -0.02154996246099472, 0.14632104337215424, 0.01482362300157547, -0.08068176358938217, 0.01628253422677517, 0.1687694787979126, -0.0352570116519928, 0.2501181662082672, -0.11266839504241943, 0.04462238401174545, 0.04665941745042801, 0.07977017760276794, 0.11355658620595932, 0.054156914353370667, -0.07291633635759354, -0.23921822011470795, 0.0841432437300682, 0.1038818210363388, -0.08803647756576538, -0.10937923938035965, 0.08441414684057236, 0.1394348293542862, 0.01734374463558197, 0.16169865429401398, -0.02020401321351528], "trans": [0.10705746710300446, 0.38028064370155334, 3.9494335651397705]}