{"root_pose": [-2.8792974948883057, -0.04197739064693451, 0.0731702521443367], "body_pose": [[-0.14723612368106842, -0.07280056178569794, 0.004566994961351156], [-0.26573532819747925, 0.0010425554355606437, 0.03611018508672714], [0.008795958943665028, 0.011027720756828785, 0.007785818539559841], [0.16884830594062805, -0.06577613949775696, -0.03188224509358406], [0.37163567543029785, -0.00281344261020422, 0.05755285546183586], [0.007702971808612347, -0.013761128298938274, 0.0034827813506126404], [-0.3431296944618225, 0.20750172436237335, -0.0008591588120907545], [-0.3282221257686615, -0.2587023377418518, -0.028329307213425636], [0.008284234441816807, -0.00829281471669674, 0.003340686671435833], [0.16378623247146606, 0.3857018053531647, 0.02738913707435131], [0.008000644855201244, -0.4463807940483093, -0.03558511286973953], [0.006733204238116741, 0.02724151499569416, -0.05679497495293617], [-0.003959153778851032, -0.08516110479831696, -0.11514062434434891], [0.013298185542225838, 0.007453802041709423, 0.13383972644805908], [-0.0031648268923163414, 0.03750031813979149, 0.018266957253217697], [0.11056405305862427, -0.13232804834842682, -0.6039758920669556], [0.08450250327587128, 0.11743874102830887, 0.6854907274246216], [0.12887507677078247, -0.4555870294570923, 0.13923145830631256], [0.09581321477890015, 0.6560412049293518, -0.2905103266239166], [-0.676453173160553, 0.11593598127365112, -0.0044911447912454605], [-0.4609237015247345, -0.027211861684918404, -0.21116191148757935]], "jaw_pose": [0.010053500533103943, 0.00546468049287796, -0.0015169301768764853], "leye_pose": [-9.69932989391964e-06, -2.695333751034923e-05, 8.830281331029255e-06], "reye_pose": [-5.045253601565491e-06, -1.0239800758427009e-05, 4.815759439225076e-06], "lhand_pose": [[-0.07901763170957565, 0.1302291303873062, 0.03426818922162056], [0.10533298552036285, 0.0018718339269980788, 0.43970295786857605], [-0.045401446521282196, 0.04621293023228645, 0.5044256448745728], [0.012215209193527699, -0.23767739534378052, -0.06597398966550827], [0.09366045147180557, 0.06874455511569977, 0.6466784477233887], [0.034760620445013046, 0.04079705849289894, 0.3869565427303314], [0.3957003355026245, -0.16084471344947815, 0.4053881764411926], [0.007102195173501968, 0.14746424555778503, 0.23990103602409363], [0.1885184496641159, 0.06354964524507523, 0.21637244522571564], [0.15473142266273499, -0.1378469616174698, 0.1174524649977684], [0.1019018217921257, 0.022707529366016388, 0.6124403476715088], [0.06966719031333923, 0.10630086809396744, 0.34940460324287415], [-0.19655263423919678, 0.18076398968696594, 0.10021928697824478], [0.016811691224575043, 0.06557851284742355, -0.05649211257696152], [-0.25764259696006775, -0.39256516098976135, 0.2759054899215698]], "rhand_pose": [[-0.13427112996578217, -0.08731143921613693, 0.044093284755945206], [0.15671241283416748, -0.02010692097246647, -0.2510993778705597], [-0.0521036833524704, 0.007548639550805092, -0.4016323983669281], [-0.04963116720318794, 0.1267705261707306, 0.1595195233821869], [0.08723384141921997, -0.04492056742310524, -0.5304672718048096], [0.002251095836982131, -0.02966652438044548, -0.2467590868473053], [0.371425986289978, 0.13721813261508942, -0.21447782218456268], [-0.21664340794086456, -0.08781929314136505, -0.2570400834083557], [0.1790551096200943, 0.022653743624687195, -0.012755944393575191], [0.15650637447834015, 0.042330022901296616, 0.028114421293139458], [-0.01689888723194599, 0.049845609813928604, -0.458351194858551], [0.011286046355962753, -0.1253328174352646, -0.19483588635921478], [-0.13030678033828735, 0.01930854097008705, 0.08433505892753601], [0.09084686636924744, 0.19306199252605438, 0.23730967938899994], [-0.0983801856637001, 0.18390169739723206, -0.3180810511112213]], "expr": [-0.27499356865882874, 0.19863978028297424, -0.01740863546729088, 0.013726959936320782, 0.03508104011416435, -0.09704671800136566, 0.3549003601074219, 0.16632789373397827, -0.16912098228931427, -0.07973671704530716, 0.285039484500885, -0.288719117641449, -0.11707602441310883, 0.2589593827724457, 0.08716036379337311, -0.012297241017222404, 0.2336307317018509, -0.17463991045951843, 0.2000817060470581, 0.09809394180774689, -0.018294330686330795, -0.0492088608443737, -0.10465502738952637, -0.09004326909780502, 0.06597846746444702, -0.16619417071342468, 0.054580602794885635, -0.1218726709485054, -0.09161228686571121, -0.004283847287297249, 0.04134697467088699, -0.15160875022411346, 0.047584131360054016, -0.017637785524129868, -0.1274719536304474, 0.08918701857328415, -0.08756089210510254, 0.037851545959711075, 0.10118788480758667, -0.2015335112810135, -0.3392258286476135, -0.06766043603420258, -0.024722760543227196, -0.11339599639177322, -0.1552634984254837, -0.07505026459693909, -0.09681831300258636, 0.14776498079299927, -0.008404047228395939, -0.11589929461479187], "trans": [0.07919709384441376, 0.37413209676742554, 3.950068712234497]}