{"root_pose": [-2.904569625854492, -0.011937112547457218, -0.5460941195487976], "body_pose": [[-0.11745317280292511, 0.08581113070249557, -0.09850120544433594], [-0.13383884727954865, 0.004025380127131939, -0.057374656200408936], [0.01558853778988123, -0.005952746607363224, 0.003349532838910818], [0.22162936627864838, 0.03679053857922554, 0.16584043204784393], [0.30750682950019836, -0.05520655959844589, 0.08338645845651627], [0.010990802198648453, 0.009835504926741123, -0.02170579507946968], [-0.2745618224143982, 0.2888471484184265, -0.03461109846830368], [-0.3276020586490631, -0.25261619687080383, 0.02673143707215786], [0.013728232122957706, 0.011021108366549015, -0.013724205084145069], [0.008503098040819168, 0.16699619591236115, 0.016340745612978935], [-0.0028906965162605047, -0.5863291025161743, 0.004880827385932207], [0.007731620687991381, 0.027894217520952225, -0.10009144246578217], [0.015445317141711712, 0.0256233848631382, -0.11906822770833969], [-0.05409598350524902, -0.023697299882769585, 0.09751186519861221], [-0.0025134473107755184, 0.13849526643753052, 0.08462144434452057], [0.16797961294651031, -0.14191018044948578, -0.7100726366043091], [0.01780211739242077, 0.14415176212787628, 0.8031269907951355], [0.1966368854045868, -0.8004209995269775, 0.25931575894355774], [0.06262699514627457, 0.5987330079078674, -0.2519434988498688], [-0.8069822192192078, 0.4532657265663147, 0.19360069930553436], [-0.38645505905151367, -0.2520182132720947, -0.025154169648885727]], "jaw_pose": [0.051622774451971054, -0.01832028664648533, -0.09886346012353897], "leye_pose": [1.2749601410178002e-05, -6.471202141256072e-06, 5.6007024795690086e-06], "reye_pose": [8.022482234082418e-07, -5.786796464235522e-06, 1.2641753528441768e-05], "lhand_pose": [[-0.1337788850069046, -0.047401197254657745, -0.1399821788072586], [0.07626045495271683, 0.020877085626125336, 0.3048591911792755], [-0.0016597369685769081, 0.02192709967494011, 0.38590267300605774], [-0.029197419062256813, -0.2852279841899872, -0.3095391094684601], [0.055388472974300385, -0.06572273373603821, 0.5954369902610779], [-0.007984524592757225, 0.04983694851398468, 0.3150046765804291], [0.6263262629508972, -0.20775631070137024, 0.3764048218727112], [-0.39991870522499084, 0.014125647023320198, 0.20744764804840088], [0.26557809114456177, -0.0937269851565361, 0.035264961421489716], [0.19581109285354614, -0.2101351022720337, -0.048487938940525055], [0.00031838781433179975, -0.1623193472623825, 0.4733163118362427], [0.028944596648216248, 0.11206451803445816, 0.27605390548706055], [-0.2719610333442688, 0.011772462166845798, -0.12887035310268402], [0.07237283885478973, -0.11868397146463394, -0.22978009283542633], [-0.14052879810333252, -0.22119320929050446, 0.28876104950904846]], "rhand_pose": [[-0.1018083244562149, -0.08139954507350922, 0.07868228107690811], [0.08429468423128128, -0.00405357638373971, -0.17562712728977203], [-0.005335301626473665, -0.021420741453766823, -0.26040422916412354], [-0.00670878728851676, 0.04176709055900574, 0.14983884990215302], [0.039300624281167984, -0.03045760467648506, -0.27185019850730896], [0.017454976215958595, -0.0079056266695261, -0.12528270483016968], [0.21251147985458374, 0.10111764818429947, -0.11987273395061493], [0.024805547669529915, -0.08542036265134811, -0.10767757147550583], [0.04742885380983353, -0.050791386514902115, -0.04575749859213829], [0.13835696876049042, 0.12201213836669922, 0.0728256106376648], [0.0334618017077446, 0.0011399461654946208, -0.3859427869319916], [0.022161314263939857, -0.07500550150871277, -0.09527814388275146], [-0.3241986334323883, -0.030939646065235138, -0.025331811979413033], [0.050235893577337265, -0.19471964240074158, 0.15077196061611176], [-0.21166938543319702, 0.09744145721197128, -0.319598525762558]], "expr": [-0.3641106188297272, 0.04727936536073685, 0.13933680951595306, 0.03280394524335861, -0.19714775681495667, -0.6367742419242859, 0.16108635067939758, -0.16660934686660767, -0.018983500078320503, 0.2697603702545166, -0.21663843095302582, 0.2065209597349167, -0.1594838947057724, 0.047689784318208694, 0.08598992228507996, -0.27245524525642395, -0.48374539613723755, -0.1511831432580948, 0.06294306367635727, 0.2780689597129822, 0.19535259902477264, -0.2455204725265503, 0.1633182018995285, -0.06184566020965576, -0.08764204382896423, 0.013821305707097054, 0.08556132763624191, 0.15661200881004333, 0.016248879954218864, -0.0307104904204607, -0.04221954941749573, -0.03886706009507179, 0.28898197412490845, 0.036398932337760925, -0.08890927582979202, -0.005587521009147167, -0.36722037196159363, -0.06136227026581764, 0.039029013365507126, 0.019965186715126038, 0.04051586613059044, -0.22949446737766266, -0.008888544514775276, 0.13875555992126465, -0.2599359452724457, -0.13833297789096832, -0.20391012728214264, 0.2233579456806183, -0.12317638099193573, -0.052830588072538376], "trans": [0.14497768878936768, 0.3729113042354584, 3.9641475677490234]}