{"root_pose": [-2.8711955547332764, -0.03225196525454521, -0.7612442374229431], "body_pose": [[-0.06504262238740921, 0.09467179328203201, -0.08125640451908112], [-0.13765303790569305, -0.00651526777073741, -0.014128893613815308], [0.018297497183084488, -0.013605850748717785, 0.000610697316005826], [0.07772137224674225, -0.08285730332136154, 0.13682438433170319], [0.32059675455093384, 0.06561756134033203, 0.026021799072623253], [0.013577657751739025, 0.007492458913475275, -0.019099541008472443], [-0.17270879447460175, 0.22050337493419647, 0.004674731288105249], [-0.24786333739757538, -0.20222064852714539, -0.026118583977222443], [0.016689877957105637, 0.02410450205206871, -0.03192314878106117], [0.00011183622700627893, 0.15723806619644165, 0.026971112936735153], [-0.0027726527769118547, 0.005418307613581419, 0.019925473257899284], [0.012448889203369617, 0.022569578140974045, -0.09101136028766632], [0.013927212916314602, 0.0730443149805069, -0.09228862822055817], [-0.013791675679385662, -0.01611316204071045, 0.09592347592115402], [0.00115408084820956, 0.11762113869190216, 0.09539496153593063], [0.24220745265483856, -0.2493436336517334, -0.761611819267273], [0.0701136440038681, 0.15876978635787964, 0.8044463396072388], [0.2096533328294754, -0.8919421434402466, 0.29289624094963074], [0.10013499855995178, 0.5713165998458862, -0.23067304491996765], [-0.8609068989753723, 0.46034544706344604, 0.22242078185081482], [-0.413380891084671, -0.14148639142513275, 0.046283986419439316]], "jaw_pose": [0.07070066779851913, -0.02281113900244236, -0.04624391719698906], "leye_pose": [-4.66765641249367e-06, 2.3743505153106526e-06, -4.886657734459732e-06], "reye_pose": [5.8914811233989894e-06, -3.1953536563378293e-06, -3.879458745359443e-06], "lhand_pose": [[-0.12844642996788025, 0.0326237678527832, -0.13430452346801758], [0.03245214372873306, -0.09280182421207428, 0.3011246919631958], [0.013933644630014896, 0.0298102255910635, 0.353994220495224], [-0.008186227641999722, -0.20337513089179993, -0.216581791639328], [0.10045918077230453, -0.10939376801252365, 0.5459851026535034], [-0.011108502745628357, 0.03748919442296028, 0.2929519712924957], [0.48436665534973145, -0.27718037366867065, 0.35436609387397766], [-0.3640371561050415, -0.2071116417646408, 0.12480951845645905], [0.22206181287765503, -0.09338295459747314, 0.016354041174054146], [0.16115358471870422, -0.22261346876621246, -0.02720779739320278], [0.01673387736082077, -0.08699753135442734, 0.42402422428131104], [0.030620358884334564, 0.10725317150354385, 0.2469063699245453], [-0.1928015947341919, 0.03365008160471916, 0.052466124296188354], [0.1738911122083664, 0.001008968916721642, -0.2509543001651764], [-0.2046499252319336, -0.2084866166114807, 0.3832681179046631]], "rhand_pose": [[-0.06269127875566483, -0.055925361812114716, 0.0011849302100017667], [0.01870015263557434, -0.039333526045084, -0.23440343141555786], [0.03244027867913246, -0.035805441439151764, -0.13707223534584045], [0.06059654429554939, 0.02268994227051735, 0.0286659337580204], [0.014428519643843174, -0.02557692676782608, -0.1777677685022354], [0.011203352361917496, -0.006036702077835798, -0.0764729455113411], [0.1039469838142395, 0.014825538732111454, -0.1170610561966896], [0.08939437568187714, -0.0281357578933239, -0.07952907681465149], [0.006321527063846588, -0.04826647788286209, -0.07295102626085281], [0.11912043392658234, 0.03373768925666809, -0.03838474303483963], [0.06141805648803711, -0.01885019615292549, -0.2952398359775543], [0.026457766070961952, -0.04945533722639084, -0.06741685420274734], [-0.29186421632766724, -0.004970523528754711, -0.15918666124343872], [0.09732911735773087, -0.18257716298103333, 0.10952744632959366], [-0.18761569261550903, 0.08899364620447159, -0.244248628616333]], "expr": [-0.38981524109840393, 0.06764008104801178, 0.22285613417625427, 0.03357812762260437, -0.352959543466568, -0.8159452676773071, 0.18942350149154663, -0.30154427886009216, 0.12879012525081635, 0.3718356192111969, -0.5178261399269104, 0.12131041288375854, -0.3145655393600464, 0.13119938969612122, 0.031395602971315384, -0.4030665159225464, -0.7249273061752319, -0.16687166690826416, 0.006956964265555143, 0.18955792486667633, 0.4570421874523163, -0.30455493927001953, 0.2845816910266876, -0.06643631309270859, -0.061377543956041336, 0.1494201272726059, 0.02721536159515381, 0.3043411374092102, 0.07374975085258484, -0.0447608157992363, -0.2065698206424713, -0.011684129014611244, 0.3252889811992645, 0.07579204440116882, -0.15340225398540497, -0.08573693037033081, -0.6167806386947632, -0.19588345289230347, 0.018586663529276848, 0.15583620965480804, 0.2323119342327118, -0.4091518819332123, 0.013960502110421658, 0.27823615074157715, -0.3737107217311859, -0.2557187080383301, -0.48973825573921204, 0.38318902254104614, -0.30134889483451843, -0.06322304159402847], "trans": [0.16841012239456177, 0.3610881567001343, 4.004709720611572]}