{"root_pose": [-2.7487587928771973, -0.05554252862930298, -1.189594030380249], "body_pose": [[-0.05854010954499245, 0.01747613400220871, -0.03589262813329697], [-0.14821062982082367, 0.04958360642194748, -0.012918810360133648], [0.02062687650322914, -0.02655094675719738, 0.02493869699537754], [0.02277342416346073, -0.14722812175750732, 0.08645331114530563], [0.16081871092319489, 0.05368287116289139, 0.007785090245306492], [0.01764553226530552, 0.004978647455573082, -0.021174797788262367], [-0.1785469353199005, 0.025952059775590897, 0.027089234441518784], [-0.15465644001960754, -0.17910943925380707, -0.007844184525310993], [0.019517840817570686, 0.0020865926053375006, -0.0215603020042181], [0.11509700119495392, 0.24872341752052307, 0.02676643244922161], [0.0649341344833374, 0.7186322212219238, -0.17195260524749756], [0.017567170783877373, -0.08836569637060165, -0.019277309998869896], [0.007622482720762491, 0.14960043132305145, -0.10403570532798767], [-0.006340670399367809, -0.06454037129878998, 0.07369903475046158], [0.005119597539305687, 0.043093979358673096, 0.04152965918183327], [0.27354058623313904, -0.28955817222595215, -0.7656422257423401], [0.06000349298119545, 0.10556730628013611, 0.8187673091888428], [0.22163373231887817, -1.0353751182556152, 0.21602649986743927], [0.10774946212768555, 0.5312636494636536, -0.14944946765899658], [-0.7999898791313171, 0.39310014247894287, 0.13508892059326172], [-0.36195093393325806, -0.04551851376891136, 0.037438519299030304]], "jaw_pose": [0.021744143217802048, -0.03293422609567642, 0.10393445193767548], "leye_pose": [-4.324761448515346e-06, -8.926244277063233e-08, -9.223616871167906e-06], "reye_pose": [5.893766683584545e-06, -1.7589970866538351e-06, -6.14537566434592e-06], "lhand_pose": [[-0.1420983523130417, -0.09556909650564194, -0.16541875898838043], [0.06421014666557312, 0.029646459966897964, 0.32105210423469543], [0.01571577973663807, 0.03383515402674675, 0.3613279461860657], [-0.00033281606738455594, -0.22762511670589447, -0.2591046988964081], [0.00811753049492836, -0.18368425965309143, 0.5804122090339661], [-0.014553878456354141, 0.037822455167770386, 0.2829033136367798], [0.4161302447319031, -0.4540635347366333, 0.3933321237564087], [-0.3365755081176758, -0.04909013584256172, 0.16370345652103424], [0.24073255062103271, -0.08203989267349243, 0.029039291664958], [0.15956009924411774, -0.20020459592342377, 0.04001942276954651], [0.0031766253523528576, -0.21369615197181702, 0.42432624101638794], [0.03844466805458069, 0.12703409790992737, 0.2612944543361664], [-0.27130892872810364, 0.10128659009933472, 0.0732293501496315], [0.17338524758815765, 0.023825716227293015, -0.26410040259361267], [-0.2665706276893616, -0.28908106684684753, 0.4487304985523224]], "rhand_pose": [[-0.055694952607154846, -0.06850206106901169, -0.05460265651345253], [0.00344402645714581, -0.02023443952202797, -0.21720194816589355], [0.05399363115429878, -0.04928528890013695, -0.10018005222082138], [0.039232686161994934, 0.017097758129239082, 0.02547512762248516], [0.016036860644817352, -0.018216783180832863, -0.15849711000919342], [0.00374112231656909, -0.008413683623075485, -0.09271357208490372], [0.0868983343243599, 0.0007543241372331977, -0.09579605609178543], [0.0745784118771553, -0.009977329522371292, -0.05915146693587303], [-0.01867300644516945, -0.04272826761007309, -0.05108851566910744], [0.09687209129333496, 0.009512586519122124, -0.0677008330821991], [0.05088527128100395, -0.018206026405096054, -0.2616817057132721], [0.020381296053528786, -0.040699783712625504, -0.05568603798747063], [-0.2799805700778961, -0.0021578718442469835, -0.17337529361248016], [0.05817769095301628, -0.19298745691776276, 0.12333265691995621], [-0.17222659289836884, 0.04617927595973015, -0.2433929443359375]], "expr": [-0.19728881120681763, 0.17340289056301117, 0.2805008888244629, 0.17968474328517914, -0.44859766960144043, -0.8844194412231445, 0.06900176405906677, -0.30768030881881714, 0.1984264999628067, 0.33782318234443665, -0.48180338740348816, 0.2747734785079956, -0.39413580298423767, 0.23194073140621185, 0.0333908312022686, -0.45156025886535645, -0.7611565589904785, -0.1830500066280365, 0.16223903000354767, 0.1779749095439911, 0.45908862352371216, -0.39181044697761536, 0.2832234501838684, -0.2052312195301056, -0.0835382267832756, 0.2187163382768631, 0.002701618243008852, 0.4459955096244812, 0.06996549665927887, -0.0516032911837101, -0.3756738305091858, -0.06087149307131767, 0.40473631024360657, 0.14111119508743286, -0.17524345219135284, -0.030967630445957184, -0.8414685130119324, -0.2889792025089264, -0.013757218606770039, 0.11166998744010925, 0.2863672971725464, -0.5320147275924683, -0.07798437774181366, 0.3373434543609619, -0.45941948890686035, -0.3834819495677948, -0.5666945576667786, 0.4554000198841095, -0.4407951831817627, -0.0745592936873436], "trans": [0.19102902710437775, 0.3567291498184204, 4.0491228103637695]}