{"root_pose": [-2.731558322906494, 0.0012282050447538495, -1.2604483366012573], "body_pose": [[-0.05358951538801193, -0.054898668080568314, -0.0634135901927948], [-0.13167433440685272, 0.14282476902008057, -0.025072529911994934], [0.013473195023834705, -0.0004708241322077811, 0.03384042903780937], [0.04998857527971268, -0.1865081787109375, 0.06019476428627968], [0.14713259041309357, 0.030252449214458466, -0.04254263639450073], [0.014216072857379913, 0.013811498880386353, -0.02477523498237133], [-0.18594229221343994, 0.05583493784070015, 0.012720468454062939], [-0.03936752676963806, -0.19499337673187256, -0.02934449352324009], [0.014919369481503963, 0.02046828716993332, -0.027894236147403717], [0.1648225039243698, 0.32328325510025024, 0.030138418078422546], [0.025933032855391502, 0.6053738594055176, -0.08101955056190491], [0.01662397012114525, -0.08974837511777878, -0.08387970179319382], [0.027385184541344643, 0.17093633115291595, -0.13600340485572815], [0.004026956856250763, -0.03247273713350296, 0.046034105122089386], [0.004497544374316931, 0.3275865316390991, 0.08458434790372849], [0.33020660281181335, -0.266327828168869, -0.883112370967865], [0.061495523899793625, 0.1471499800682068, 0.9073328375816345], [0.20712925493717194, -1.23666512966156, 0.23543986678123474], [0.1205173209309578, 0.5652512311935425, -0.1271837204694748], [-0.7379816174507141, 0.40151774883270264, 0.10598038882017136], [-0.28815796971321106, -0.04718548804521561, 0.06326018273830414]], "jaw_pose": [0.043387945741415024, -0.03084111586213112, 0.0721307247877121], "leye_pose": [5.1050847105216235e-06, 1.0395274330221582e-06, -4.673333364735299e-07], "reye_pose": [2.869751369871665e-06, 7.039712727419101e-06, 3.915532033715863e-06], "lhand_pose": [[-0.12002536654472351, 0.005292152985930443, -0.1550765335559845], [0.06283754855394363, -0.01057104766368866, 0.2994330823421478], [0.005472055170685053, 0.006896201521158218, 0.34809625148773193], [-0.010325993411242962, -0.18217313289642334, -0.27433982491493225], [0.036062438040971756, -0.13468022644519806, 0.5250222086906433], [-0.009698585607111454, 0.029377441853284836, 0.2925082743167877], [0.22602708637714386, -0.6545761227607727, 0.21517474949359894], [-0.3166545629501343, 0.04125966131687164, 0.14558538794517517], [0.21689164638519287, -0.060910824686288834, 0.03850822523236275], [0.12900583446025848, -0.2854558229446411, -0.12217502295970917], [0.014771736226975918, -0.07718640565872192, 0.398022323846817], [0.03966610133647919, 0.11370853334665298, 0.27082979679107666], [-0.2503359317779541, 0.2478056252002716, 0.16120466589927673], [0.07606706023216248, -0.005923065356910229, -0.2266404926776886], [-0.2092079073190689, -0.2767883241176605, 0.4427196979522705]], "rhand_pose": [[-0.04708264395594597, -0.07378866523504257, -0.12145775556564331], [-0.014863491989672184, -0.0320732407271862, -0.23951715230941772], [0.09631811082363129, -0.04601959511637688, -0.10621820390224457], [-0.003747475566342473, -0.04996049404144287, 0.1377551406621933], [0.061376869678497314, -0.05124598369002342, -0.12883828580379486], [0.015547625720500946, -0.008724668994545937, -0.12049070745706558], [-0.05450380966067314, 0.0014984844019636512, 0.08645952492952347], [0.3182218074798584, -0.10750111937522888, -0.03900344297289848], [-0.10319314152002335, -0.095079205930233, -0.16129817068576813], [0.04900950938463211, -0.06928852200508118, 0.173655703663826], [0.06832153350114822, -0.05607020854949951, -0.3377755284309387], [0.03329254686832428, -0.06559518724679947, -0.1149069145321846], [-0.28850334882736206, -0.07334766536951065, -0.42604485154151917], [-0.005228303372859955, -0.17994822561740875, 0.18420441448688507], [-0.12230893969535828, 0.0817202553153038, -0.3124425411224365]], "expr": [-0.3787761628627777, -0.08812543749809265, 0.18469156324863434, 0.21121105551719666, -0.3376758396625519, -0.7667860388755798, -0.004080952610820532, -0.07383035123348236, 0.1506877839565277, 0.14521963894367218, -0.23725342750549316, 0.4936541020870209, -0.23150032758712769, 0.22535400092601776, -0.041723474860191345, -0.38568633794784546, -0.533596396446228, -0.07172620296478271, 0.21672944724559784, 0.17209802567958832, 0.31063544750213623, -0.30685707926750183, 0.17906492948532104, -0.25594037771224976, -0.11803588271141052, 0.20918133854866028, 0.04589793458580971, 0.30464914441108704, 0.007038157898932695, 0.07496434450149536, -0.3305438756942749, 0.06436831504106522, 0.3288838863372803, 0.14077143371105194, -0.10130663961172104, 0.018680335953831673, -0.6480796933174133, -0.1574605405330658, -0.04600946605205536, 0.0592927448451519, 0.18485379219055176, -0.3232007622718811, -0.09845627099275589, 0.1928333044052124, -0.3034639358520508, -0.3132614493370056, -0.29317936301231384, 0.30811822414398193, -0.26690873503685, -0.05478914827108383], "trans": [0.18944990634918213, 0.35261425375938416, 4.057111740112305]}