{"root_pose": [-2.6767237186431885, -0.025432370603084564, -1.3750966787338257], "body_pose": [[-0.12007863074541092, -0.06854811310768127, -0.004541432950645685], [-0.1780632734298706, 0.11098304390907288, -0.011615457013249397], [0.01464895624667406, 0.03874039277434349, -0.004233676940202713], [0.14478035271167755, -0.13702081143856049, 0.08279252052307129], [0.18033617734909058, -0.01416699681431055, -0.005008596461266279], [0.012552785687148571, 0.01235194131731987, -0.0022034156136214733], [-0.24085202813148499, 0.0015988793456926942, -0.008414444513618946], [-0.09543082863092422, -0.19085481762886047, -0.014662966132164001], [0.01201967429369688, 0.02560550346970558, 0.005703844130039215], [0.04457561671733856, 0.2004525065422058, 0.08779380470514297], [0.042614150792360306, 0.6850891709327698, -0.12096503376960754], [0.00861864723265171, -0.09853168576955795, -0.06419579684734344], [0.04018387943506241, 0.14275379478931427, -0.13268448412418365], [0.019287705421447754, 0.03378794342279434, 0.09522800892591476], [-0.005314806941896677, 0.41870227456092834, 0.11195941269397736], [0.4513956904411316, -0.40351828932762146, -0.902135968208313], [0.08805973827838898, 0.164342999458313, 0.9956534504890442], [0.23800857365131378, -1.4388344287872314, 0.1342678666114807], [0.037238530814647675, 0.6052566170692444, -0.1484207659959793], [-0.8852218389511108, 0.3503594696521759, 0.19772599637508392], [-0.23089611530303955, -0.05091898515820503, -0.15791819989681244]], "jaw_pose": [0.04744406417012215, -0.014621729031205177, 0.061895862221717834], "leye_pose": [4.835324943996966e-06, -1.3591557035397273e-06, -2.748161023191642e-07], "reye_pose": [3.9242004277184606e-06, -2.122462774423184e-06, 7.039274350972846e-06], "lhand_pose": [[-0.10397112369537354, 0.0895732045173645, -0.04477181285619736], [0.0773707777261734, 0.00681015569716692, 0.26933562755584717], [0.0014333933359012008, 0.021852493286132812, 0.3714768588542938], [-0.03894419968128204, -0.07262211292982101, -0.2674504220485687], [0.03682466968894005, -0.18400214612483978, 0.5700363516807556], [0.0005802887608297169, -0.0025900225155055523, 0.367331326007843], [0.30400437116622925, -0.6888712048530579, 0.16785970330238342], [-0.32008814811706543, 0.07887798547744751, 0.17760446667671204], [0.2236630916595459, -0.02142779342830181, 0.08446400612592697], [0.17464321851730347, -0.2584593594074249, -0.1384304165840149], [0.020884675905108452, -0.07288891822099686, 0.5104741454124451], [0.045473407953977585, 0.13941656053066254, 0.3008561134338379], [-0.2755488157272339, 0.4127269387245178, 0.15122804045677185], [-0.01880105771124363, -0.0063057104125618935, -0.14564149081707], [-0.19258512556552887, -0.23433899879455566, 0.42767006158828735]], "rhand_pose": [[-0.009087135083973408, -0.11396481096744537, -0.010015875101089478], [0.03364890068769455, -0.024802058935165405, -0.17598405480384827], [0.009128531441092491, -0.01705089397728443, -0.2586425840854645], [-0.10960081964731216, -0.01569533534348011, 0.2595038115978241], [0.09583661705255508, -0.06946460902690887, -0.32605087757110596], [0.055960074067115784, 0.010859057307243347, -0.2042580097913742], [-0.29507336020469666, -0.013602870516479015, 0.1405387669801712], [0.5876671671867371, -0.1323554813861847, -0.09567172080278397], [-0.18402202427387238, -0.16993142664432526, -0.3066807985305786], [-0.022342683747410774, -0.006676466204226017, 0.3227716386318207], [0.08449199795722961, -0.07948260009288788, -0.6098853945732117], [0.03544382005929947, -0.07076374441385269, -0.1683741956949234], [-0.32599613070487976, -0.0878378376364708, -0.2196388691663742], [-0.07447697967290878, -0.22713452577590942, 0.0617726594209671], [-0.059515103697776794, 0.10308550298213959, -0.29168838262557983]], "expr": [-0.4068905711174011, -0.08368685096502304, 0.18695606291294098, 0.3011813759803772, -0.3877984583377838, -0.5886169672012329, 0.009097905829548836, -0.12094803899526596, 0.20698609948158264, 0.1275191605091095, -0.1895861178636551, 0.5469269752502441, -0.2735288739204407, 0.145477756857872, 0.014002117328345776, -0.3902505934238434, -0.4666374921798706, -0.11579000949859619, 0.096898652613163, 0.2821739912033081, 0.2618202269077301, -0.33645230531692505, 0.2655360698699951, -0.22096019983291626, -0.16738469898700714, 0.16835086047649384, 0.11115427315235138, 0.20976373553276062, 0.01794743724167347, 0.12200427055358887, -0.18143269419670105, 0.10960441827774048, 0.2816745638847351, 0.057273607701063156, -0.018380796536803246, -0.02346929907798767, -0.3930957019329071, -0.059480149298906326, -0.05538555234670639, 0.07766753435134888, 0.15047770738601685, -0.16977055370807648, -0.035221464931964874, 0.12158716470003128, -0.17908325791358948, -0.189973846077919, -0.10748405754566193, 0.19681933522224426, -0.13430491089820862, -0.026271432638168335], "trans": [0.16061976552009583, 0.3531782627105713, 4.037694454193115]}