{"root_pose": [-2.479109525680542, -0.04551836848258972, -1.663545846939087], "body_pose": [[-0.24426275491714478, -0.04394747316837311, 0.005703529343008995], [-0.213186115026474, 0.06899777799844742, -0.014489438384771347], [0.018456991761922836, 0.031046869233250618, -0.02681864984333515], [0.22317227721214294, -0.2767021358013153, 0.06185508146882057], [0.1501733511686325, -0.1411786526441574, -0.05631892383098602], [0.013874943368136883, -0.0070219868794083595, 0.0035752623807638884], [-0.39463579654693604, -0.1689964085817337, -0.005702461581677198], [-0.07036562263965607, -0.20374096930027008, 0.005031922832131386], [0.012366091832518578, 0.0061400700360536575, 0.0004537165514193475], [0.0344967395067215, 0.2933485805988312, 0.2416137456893921], [0.05801331251859665, 0.5976030230522156, -0.1272628754377365], [0.0031843604519963264, -0.11812689900398254, 0.07408932596445084], [0.12784536182880402, 0.18962784111499786, -0.0992845669388771], [-0.014543307945132256, 0.007768857292830944, 0.19151340425014496], [-0.007638491690158844, 0.34072253108024597, 0.008960331790149212], [0.15960261225700378, 0.09107229858636856, -0.9607099294662476], [0.07746689021587372, 0.21662020683288574, 0.964880645275116], [0.15525178611278534, -1.2219111919403076, 0.27241435647010803], [0.1336783915758133, 0.5898317694664001, -0.161808043718338], [-0.7018377184867859, -0.12197291105985641, -0.4270922541618347], [-0.20670288801193237, -0.006012423895299435, -0.25602468848228455]], "jaw_pose": [0.04855315014719963, -0.0007270998321473598, 0.0639699399471283], "leye_pose": [1.1159077985212207e-05, -1.1278166311967652e-06, -1.2684393368544988e-05], "reye_pose": [5.169432597540435e-07, 7.365656529145781e-06, -5.867891559319105e-06], "lhand_pose": [[-0.0930565670132637, 0.09186506271362305, -0.10285557061433792], [0.0637250542640686, 0.040685009211301804, 0.20093102753162384], [0.02129371650516987, 0.020339976996183395, 0.2941173017024994], [-0.07014722377061844, -0.02573276124894619, -0.3446260690689087], [0.07348421216011047, -0.017293065786361694, 0.4714098870754242], [-0.000587133807130158, 0.03196058049798012, 0.2775357961654663], [0.13088461756706238, -0.3082295060157776, 0.10442253202199936], [-0.24047325551509857, 0.030515532940626144, 0.1144881322979927], [0.13440564274787903, -0.025267519056797028, 0.05301518738269806], [0.10079588741064072, -0.09563351422548294, -0.2669324278831482], [-0.0074798171408474445, -0.04404013231396675, 0.4319116771221161], [0.028773227706551552, 0.1298970878124237, 0.23748351633548737], [-0.2625850439071655, 0.19313323497772217, 0.11851224303245544], [-0.042268719524145126, 0.09991080313920975, -0.21103432774543762], [-0.19464392960071564, -0.260891318321228, 0.4606703519821167]], "rhand_pose": [[-0.009582167491316795, -0.2631004750728607, -0.05115832760930061], [0.024700038135051727, -0.015609068796038628, -0.14375057816505432], [0.01096225343644619, -0.017993496730923653, -0.2238367795944214], [-0.07521810382604599, -0.04441937804222107, 0.21315163373947144], [0.0973370298743248, -0.08756489306688309, -0.34335222840309143], [0.0584297776222229, -0.00017528445459902287, -0.2344343215227127], [-0.28953200578689575, 0.0043272050097584724, 0.12826237082481384], [0.6424772143363953, -0.14901399612426758, -0.14069554209709167], [-0.17097140848636627, -0.1811503916978836, -0.36834943294525146], [-0.011347570456564426, 0.005057465750724077, 0.26165351271629333], [0.1076844185590744, -0.08641378581523895, -0.6764499545097351], [0.04736264422535896, -0.08069535344839096, -0.22333092987537384], [-0.19401085376739502, -0.25867190957069397, -0.3234128952026367], [-0.09023979306221008, -0.1797756552696228, 0.07016538828611374], [-0.10416246205568314, 0.2410375028848648, -0.32984697818756104]], "expr": [-0.279255211353302, 0.05371306464076042, 0.18436330556869507, 0.5545110702514648, -0.6104609966278076, -0.4527347981929779, 0.042054127901792526, -0.32396581768989563, 0.3293566107749939, 0.22023816406726837, -0.1660219132900238, 0.5973641276359558, -0.23627756536006927, 0.12410414218902588, 0.11154630780220032, -0.44663795828819275, -0.4952545166015625, -0.23585344851016998, -0.014799036085605621, 0.5227829217910767, 0.1917220950126648, -0.4766990542411804, 0.42900270223617554, -0.17436163127422333, -0.24349796772003174, 0.11859282851219177, 0.18860718607902527, 0.1540568321943283, -0.008407434448599815, 0.09675709158182144, 0.005592645611613989, 0.11591192334890366, 0.30055293440818787, -0.06281778961420059, 0.11934733390808105, -0.04318959265947342, -0.05929960310459137, 0.02297472395002842, -0.015406034886837006, 0.05340703949332237, -0.006793228909373283, 0.014111801981925964, 0.035126153379678726, 0.016794824972748756, -0.08037034422159195, 0.003417687490582466, 0.12103676795959473, 0.05026880279183388, 0.020885862410068512, 0.026896195486187935], "trans": [0.1323148012161255, 0.3481496572494507, 4.051416873931885]}