{"root_pose": [-2.3516502380371094, -0.07810115069150925, -1.8551398515701294], "body_pose": [[-0.17869313061237335, 0.016782335937023163, 0.0054218461737036705], [-0.24558763206005096, 0.028750108554959297, -0.001248381333425641], [0.0107639255002141, 0.02807164378464222, -0.029118524864315987], [0.0681343674659729, -0.575372040271759, 0.03348414599895477], [0.2115015834569931, -0.13013052940368652, -0.04477079212665558], [0.003710981458425522, -0.008282828144729137, 0.001528809778392315], [-0.34326496720314026, -0.2761724889278412, 0.12678204476833344], [-0.04421725496649742, -0.16524368524551392, 0.008296669460833073], [0.0012555551948025823, 8.957696263678372e-05, 0.01249772123992443], [0.05551161989569664, 0.40290728211402893, 0.2673499286174774], [0.04351843520998955, 0.4959254264831543, -0.14601381123065948], [-0.002635170239955187, -0.134352445602417, 0.13650673627853394], [-0.1413334161043167, 0.14510679244995117, -0.21460434794425964], [-0.004167687613517046, 0.036848034709692, 0.18795356154441833], [-0.01076760608702898, 0.319416880607605, 0.004375061951577663], [-0.040994174778461456, -0.11482179909944534, -0.8996040225028992], [0.0734897032380104, 0.22363586723804474, 1.0094791650772095], [-0.23781466484069824, -0.30387747287750244, 0.4330410659313202], [0.08084665238857269, 0.6511613130569458, -0.1392015963792801], [-0.0001167314185295254, -0.17985934019088745, 0.3539765775203705], [-0.2760280966758728, -0.12878504395484924, -0.22749373316764832]], "jaw_pose": [0.05862679332494736, 0.012539233081042767, 0.09406451880931854], "leye_pose": [3.489411710688728e-07, 3.5230677895015106e-06, -1.111248457164038e-05], "reye_pose": [3.192446911270963e-06, 6.8469894358713645e-06, -4.611878466675989e-06], "lhand_pose": [[-0.010246380232274532, 0.19084542989730835, 0.13126304745674133], [0.09782489389181137, 0.11962798982858658, 0.2111719250679016], [-0.015551150776445866, 0.04041760787367821, 0.2718758285045624], [0.15776987373828888, 0.08865053951740265, -0.019044974818825722], [0.10076494514942169, 0.16574926674365997, 0.4483141005039215], [0.025031359866261482, 0.02896745502948761, 0.30509546399116516], [0.16088947653770447, -0.1292208433151245, 0.213025763630867], [0.019137684255838394, 0.09903838485479355, 0.1759512722492218], [0.0928695946931839, 0.022580333054065704, 0.1470986008644104], [0.13892677426338196, 0.11001903563737869, 0.05950886756181717], [0.11451926082372665, 0.15046744048595428, 0.6973521113395691], [0.04152723029255867, 0.07197356224060059, 0.25942447781562805], [-0.8327929973602295, 0.3068253993988037, 0.3820069432258606], [0.05981201305985451, 0.16724517941474915, -0.051091961562633514], [-0.015075631439685822, 0.02580426260828972, -0.008650937117636204]], "rhand_pose": [[-0.01712873764336109, -0.2698615491390228, 0.05405794456601143], [0.07499527931213379, -0.006628155242651701, -0.10263246297836304], [0.00019346729095559567, -0.005309551954269409, -0.300438791513443], [-0.11997804045677185, -0.02758593112230301, 0.37878912687301636], [0.12556758522987366, -0.08816403895616531, -0.42517945170402527], [0.063933826982975, -0.0013256181264296174, -0.2768087387084961], [-0.31379035115242004, 0.07252330332994461, 0.18654370307922363], [0.6332148313522339, -0.1765373796224594, -0.1448647528886795], [-0.15821337699890137, -0.19022133946418762, -0.37006667256355286], [-0.01717345602810383, 0.051625143736600876, 0.4260856509208679], [0.08663125336170197, -0.08371521532535553, -0.6726189851760864], [0.04965946823358536, -0.11017221212387085, -0.26550063490867615], [-0.07720412313938141, -0.14812350273132324, -0.14232762157917023], [0.0240644421428442, 0.04940268397331238, 0.07261375337839127], [-0.053329527378082275, 0.2740044891834259, -0.346104234457016]], "expr": [-0.4708459675312042, 0.01609371230006218, 0.1331946700811386, 0.7605434060096741, -0.965221107006073, -0.3539605140686035, 0.2164941132068634, -0.4976387917995453, 0.548314094543457, 0.2807518541812897, -0.11100892722606659, 0.6745297312736511, -0.1492030769586563, 0.021694021299481392, 0.2945508658885956, -0.5743706822395325, -0.482310950756073, -0.3332827687263489, -0.12710611522197723, 0.8412750363349915, 0.02926570177078247, -0.5921708345413208, 0.589501678943634, -0.14264905452728271, -0.3798484206199646, 0.07040724158287048, 0.24983979761600494, -0.002876988844946027, -0.0955248698592186, 0.12659505009651184, 0.19330468773841858, 0.13353051245212555, 0.3054284155368805, -0.21777451038360596, 0.3181613087654114, -0.013891469687223434, 0.2615387737751007, 0.1931128054857254, -0.05993843451142311, -0.03913240507245064, -0.1947426199913025, 0.2846820056438446, 0.07781443744897842, -0.14274339377880096, 0.047418829053640366, 0.2298227697610855, 0.4569641351699829, -0.11425542831420898, 0.28094151616096497, 0.09882349520921707], "trans": [0.11983942240476608, 0.3455178439617157, 4.054843425750732]}