{"root_pose": [-2.2087624073028564, -0.06061434745788574, -2.0349485874176025], "body_pose": [[-0.22176885604858398, -0.0020730874966830015, 0.0663742646574974], [-0.24423575401306152, -0.01911952905356884, 0.014386855065822601], [0.015260031446814537, 0.04458288475871086, -0.013950425200164318], [0.12534937262535095, 0.2432478666305542, 0.043358512222766876], [0.22068269550800323, -0.159978449344635, -0.08482787013053894], [0.009857051074504852, 0.003681270871311426, 0.007878364995121956], [0.014653760008513927, 0.25632309913635254, -0.04958268254995346], [-0.06485219299793243, -0.2344416230916977, -0.012418456375598907], [0.006139135453850031, 0.008975982666015625, -0.0028207784052938223], [-0.00816915649920702, -0.9338396191596985, -0.010333425365388393], [0.04404578357934952, 0.531722903251648, -0.11868420243263245], [0.009728312492370605, -0.02870039828121662, 0.1352168321609497], [-0.12057995796203613, 0.1113942340016365, -0.21070078015327454], [-0.010568110272288322, 0.02222442626953125, 0.14548377692699432], [-0.007570707239210606, 0.16995050013065338, 0.010234509594738483], [-0.053277965635061264, -0.11670836806297302, -0.8900383710861206], [0.03647233545780182, 0.22931385040283203, 0.918626606464386], [-0.15832974016666412, -0.3312584459781647, 0.34660595655441284], [0.08212874829769135, 0.6309564113616943, -0.12464722245931625], [-0.034964483231306076, -0.12518148124217987, 0.08768898248672485], [-0.3518027067184448, -0.12772321701049805, -0.21048179268836975]], "jaw_pose": [-0.05208362638950348, 0.011468982324004173, 0.07036711275577545], "leye_pose": [-2.2162806999403983e-05, -6.224227036000229e-06, -9.24889945963514e-07], "reye_pose": [8.913207949490243e-08, 1.4795136848988477e-06, -1.0420477337902412e-05], "lhand_pose": [[0.0070315273478627205, 0.23550155758857727, 0.39940017461776733], [0.10485833883285522, 0.026334313675761223, 0.15109387040138245], [-0.057027388364076614, 0.020707877352833748, 0.3283533751964569], [-0.003438459476456046, 0.1720414012670517, -0.8077998757362366], [0.05549449101090431, 0.06312434375286102, -0.04775235429406166], [0.04121934622526169, 0.014237328432500362, 0.32678934931755066], [0.25243079662323, -0.12112598866224289, 0.20005415380001068], [0.16454192996025085, 0.171502947807312, 0.18610289692878723], [0.09208934754133224, 0.09258665144443512, 0.21815289556980133], [0.13115829229354858, 0.1864643394947052, -0.09283844381570816], [0.10864028334617615, 0.14288155734539032, 0.4916076362133026], [0.04634817689657211, 0.08073457330465317, 0.2581954598426819], [-0.37175440788269043, 0.35657304525375366, 0.5111163258552551], [0.0388205461204052, 0.14753007888793945, 0.0688215121626854], [-0.051740504801273346, -0.17629528045654297, -0.008847879245877266]], "rhand_pose": [[-0.05408613756299019, -0.2695310115814209, 0.07640933990478516], [0.13675908744335175, 0.007731710560619831, -0.07713992893695831], [-0.031027816236019135, 0.009389103390276432, -0.39348480105400085], [-0.12246523052453995, 0.02288791351020336, 0.462917685508728], [0.1540490984916687, -0.08083561062812805, -0.5928367376327515], [0.06694447249174118, -0.017392423003911972, -0.3587990999221802], [-0.19560013711452484, 0.19178728759288788, 0.13592906296253204], [0.5462323427200317, -0.21409744024276733, -0.1970127820968628], [-0.0693197026848793, -0.1895386129617691, -0.3859785497188568], [0.043688248842954636, 0.12379290908575058, 0.4261747896671295], [0.0882016122341156, -0.06956106424331665, -0.7483338117599487], [0.05840015783905983, -0.13366109132766724, -0.3302120566368103], [-0.14390884339809418, -0.19642093777656555, -0.1767776608467102], [-0.04737887904047966, -0.02968258038163185, 0.06234047934412956], [-0.00334678846411407, 0.32253286242485046, -0.32230910658836365]], "expr": [-0.5716819763183594, 0.2145891934633255, 0.0694606602191925, 0.8331894278526306, -1.1315667629241943, -0.349373996257782, 0.2911721467971802, -0.6323599219322205, 0.7000171542167664, 0.23880456387996674, -0.18070723116397858, 0.6029393076896667, -0.1889403611421585, 0.01901071146130562, 0.3160082697868347, -0.6608071327209473, -0.4568656086921692, -0.3388531804084778, -0.0936771109700203, 0.8658046722412109, -0.041832827031612396, -0.6664512753486633, 0.6734201312065125, -0.19547636806964874, -0.4501643478870392, 0.14694273471832275, 0.2572190761566162, -0.011714408174157143, -0.060886260122060776, 0.23609089851379395, 0.16002196073532104, 0.16577930748462677, 0.22804757952690125, -0.1483733355998993, 0.31295356154441833, 0.03282289579510689, 0.2689904272556305, 0.21530188620090485, -0.1096232682466507, -0.06825926154851913, -0.18383987247943878, 0.33735331892967224, 0.10787811875343323, -0.16800755262374878, 0.08600862324237823, 0.22139619290828705, 0.5066331624984741, -0.1636391282081604, 0.32121798396110535, 0.06632046401500702], "trans": [0.10381056368350983, 0.3414768576622009, 4.038602352142334]}