{"root_pose": [-2.002556085586548, -0.09856492280960083, -2.3027634620666504], "body_pose": [[-0.2420588880777359, -0.026314299553632736, 0.07397332042455673], [-0.3200116455554962, -0.026409173384308815, 0.027368681505322456], [0.02107187546789646, 0.021938780322670937, 0.004781391937285662], [0.0809386670589447, 0.09463930875062943, 0.011124664917588234], [0.39800894260406494, -0.2194649875164032, -0.17408403754234314], [0.016440464183688164, -0.027316175401210785, 0.023203136399388313], [0.07626743614673615, 0.1401093602180481, 0.006999858655035496], [-0.033041588962078094, -0.41364070773124695, 0.014598425477743149], [0.013850836083292961, 0.00787041150033474, 0.008768993429839611], [7.34352579456754e-05, -0.8330223560333252, -0.005201688036322594], [0.005377580877393484, 0.6487599611282349, -0.014927315525710583], [0.014359583146870136, -0.0923980176448822, 0.2833320200443268], [-0.07758652418851852, 0.046127673238515854, -0.1233983039855957], [-0.015547316521406174, 0.02463146485388279, 0.13382011651992798], [-0.0054921177215874195, 0.12622855603694916, -0.19173863530158997], [-0.02805413119494915, -0.13391581177711487, -0.9461777210235596], [0.054148588329553604, 0.2485295534133911, 0.9010633826255798], [-0.11406910419464111, -0.335620641708374, 0.18743471801280975], [0.12669210135936737, 0.6605165600776672, -0.15476426482200623], [-0.11395694315433502, -0.10161813348531723, 0.07983438670635223], [-0.32854562997817993, -0.2214575558900833, -0.2708157002925873]], "jaw_pose": [-0.07316222786903381, 0.016409488394856453, 0.06477431207895279], "leye_pose": [-4.906787580694072e-06, 5.6813096307450905e-06, 3.247117774662911e-06], "reye_pose": [-8.100071681838017e-06, -9.00341274245875e-06, 2.6700128330503503e-08], "lhand_pose": [[-0.024992963299155235, 0.18623466789722443, 0.020710928365588188], [0.06512708216905594, 0.08930914849042892, 0.19642435014247894], [-0.00872725248336792, 0.04523817449808121, 0.26544472575187683], [0.03591669723391533, 0.06433362513780594, -0.4384593963623047], [0.08784689754247665, 0.13874556124210358, -0.42295628786087036], [0.02816745452582836, 0.03177002817392349, 0.27669352293014526], [0.17322947084903717, -0.1159249022603035, 0.1606859415769577], [0.11470165848731995, 0.0914420485496521, 0.14846239984035492], [0.052364204078912735, 0.05246184021234512, 0.18668855726718903], [0.1250716596841812, 0.15656253695487976, -0.032826703041791916], [0.09774872660636902, 0.10928838700056076, 0.5192391276359558], [0.04429609701037407, 0.08249589800834656, 0.23633700609207153], [-0.47831201553344727, 0.2758525013923645, 0.6037675142288208], [0.05009860917925835, 0.1351594775915146, -0.08111295849084854], [-0.05935896933078766, -0.1439065933227539, 0.12725713849067688]], "rhand_pose": [[-0.11966782063245773, -0.1691698580980301, 0.21175101399421692], [0.1619790494441986, -0.009149330668151379, -0.1665463000535965], [-0.03994983807206154, 0.006915361620485783, -0.4359534978866577], [-0.08868234604597092, 0.10421697795391083, 0.45404738187789917], [0.13460803031921387, -0.04123184457421303, -0.7089942693710327], [0.0244249626994133, -0.045765552669763565, -0.3964255154132843], [0.444064736366272, 0.2919212579727173, -0.2045300453901291], [-0.0773993581533432, -0.17418409883975983, -0.34718745946884155], [0.24204634130001068, -0.03253025934100151, -0.22747814655303955], [0.20348070561885834, 0.17324002087116241, 0.2663060128688812], [0.039435580372810364, 0.008651651442050934, -0.6628573536872864], [0.04066988080739975, -0.1469479203224182, -0.3675342798233032], [-0.2936902940273285, -0.0908459797501564, -0.17664970457553864], [0.11465741693973541, -0.01833474449813366, 0.14632508158683777], [-0.14657247066497803, 0.25571754574775696, -0.34398913383483887]], "expr": [-0.5134086608886719, 0.29731956124305725, 0.11173078417778015, 0.7762136459350586, -1.1914877891540527, -0.4185943305492401, 0.3001394271850586, -0.5630233287811279, 0.7243380546569824, 0.1073494479060173, -0.10453600436449051, 0.4910230338573456, -0.14167867600917816, 0.030642837285995483, 0.312039852142334, -0.5965991020202637, -0.4141208529472351, -0.24974939227104187, -0.034176696091890335, 0.7291904091835022, -0.0017319859471172094, -0.599642276763916, 0.5778378248214722, -0.23651407659053802, -0.4266532361507416, 0.15372134745121002, 0.2505525052547455, 0.01826164498925209, -0.015239693224430084, 0.2415979504585266, 0.07551469653844833, 0.13871803879737854, 0.2240290641784668, -0.08260583132505417, 0.2283755987882614, 0.06132911890745163, 0.14146946370601654, 0.21234916150569916, -0.12944868206977844, -0.100002720952034, -0.16281834244728088, 0.3019249737262726, 0.0562143474817276, -0.14750410616397858, 0.036569979041814804, 0.1490289866924286, 0.44665127992630005, -0.13467524945735931, 0.2755223512649536, 0.03733997419476509], "trans": [0.09204497188329697, 0.3364419937133789, 4.055159568786621]}