{"root_pose": [-1.7696223258972168, -0.09886567294597626, -2.4950475692749023], "body_pose": [[-0.23531779646873474, -0.093593530356884, 0.021475650370121002], [-0.3441029489040375, 0.06423768401145935, -0.05149056762456894], [0.020388392731547356, 0.013235313817858696, -0.012849939055740833], [0.08581826090812683, 0.00532798795029521, 0.043138280510902405], [0.3257012963294983, 0.029307225719094276, 0.13641557097434998], [0.013686307705938816, -0.009112676605582237, 0.01783042587339878], [0.009827131405472755, 0.1498544067144394, -0.043493982404470444], [0.014757256023585796, 0.2257477045059204, -0.034884948283433914], [0.009738625958561897, 0.004091619048267603, 0.010701562277972698], [0.007491968106478453, -0.811110258102417, 5.606842023553327e-06], [0.04900060221552849, -0.7045837640762329, -0.013207766227424145], [0.0067530241794884205, -0.025804920122027397, 0.2476011961698532], [-0.05547811836004257, 0.011301212944090366, -0.14378368854522705], [-0.030714962631464005, -0.02239501290023327, 0.16457107663154602], [-0.014557641930878162, 0.04008404538035393, -0.11836300790309906], [-0.0377163402736187, -0.16538429260253906, -0.855660080909729], [0.030830221250653267, 0.22856773436069489, 0.8448998332023621], [-0.023412268608808517, -0.31994137167930603, 0.18030479550361633], [0.08466947078704834, 0.5335407257080078, -0.1658850759267807], [-0.24234174191951752, -0.19891676306724548, -0.03778992220759392], [-0.3572489023208618, -0.1974020004272461, -0.2714913785457611]], "jaw_pose": [-0.06126626953482628, 0.010292801074683666, 0.12472166121006012], "leye_pose": [-3.898840986948926e-06, 4.8885012802202255e-06, -1.3217235391493887e-05], "reye_pose": [-5.1484862524375785e-06, -3.054041144423536e-06, -1.432667068002047e-05], "lhand_pose": [[-0.10478413105010986, 0.07671286165714264, -0.056102607399225235], [0.01783915050327778, 0.032597221434116364, -0.5822287201881409], [0.034727659076452255, -0.0194662157446146, 0.018281038850545883], [0.08373066037893295, 0.08300114423036575, -0.5112538933753967], [0.03227968141436577, 0.13292217254638672, -0.17857907712459564], [-0.02740618959069252, -0.0055061220191419125, -0.024686738848686218], [0.05520748347043991, -0.06936164200305939, -0.032497722655534744], [-0.11136102676391602, -0.056493181735277176, 0.024090802296996117], [-0.049937374889850616, -0.05461875721812248, 0.05801525339484215], [0.215587317943573, 0.09170331805944443, -0.6994271278381348], [-0.04610120505094528, -0.030495457351207733, -0.029245389625430107], [-0.03492888808250427, 0.029401414096355438, -0.02567511796951294], [-0.7039629220962524, 0.1940809190273285, 0.33473581075668335], [-0.015679987147450447, -0.07977771759033203, -0.19362607598304749], [0.026482362300157547, 0.12538881599903107, 0.17017696797847748]], "rhand_pose": [[-0.12096500396728516, -0.2468535602092743, 0.2173479050397873], [0.16873042285442352, -0.03380866348743439, -0.14383988082408905], [-0.02438371442258358, -0.030080584809184074, -0.3938400149345398], [-0.058660220354795456, 0.08079081773757935, 0.46358734369277954], [0.10686051845550537, -0.0243576318025589, -0.6796033382415771], [0.012083690613508224, -0.023471510037779808, -0.33927738666534424], [0.5591895580291748, 0.2694798707962036, -0.2549867033958435], [-0.20962698757648468, -0.14803670346736908, -0.3558979630470276], [0.30256563425064087, -0.007183479145169258, -0.13701258599758148], [0.2665923237800598, 0.11482669413089752, 0.17480480670928955], [0.01546283159404993, -0.0009345872094854712, -0.5862337350845337], [0.02571241185069084, -0.14574265480041504, -0.3143883943557739], [-0.3814539909362793, -0.02394382283091545, -0.21041463315486908], [0.34538906812667847, -0.06414668262004852, 0.21855026483535767], [-0.13982605934143066, 0.20977608859539032, -0.3596442639827728]], "expr": [-0.46825262904167175, 0.5871866941452026, 0.1556611955165863, 0.7774879932403564, -1.1689237356185913, -0.3869848847389221, 0.2982868254184723, -0.5403578877449036, 0.6988427042961121, 0.043635811656713486, -0.1034921407699585, 0.418740838766098, -0.11130517721176147, 0.10668256133794785, 0.3247665762901306, -0.5216737985610962, -0.43699708580970764, -0.24301762878894806, -0.0022810420487076044, 0.6283149123191833, 0.015013063326478004, -0.5095056295394897, 0.5180543661117554, -0.19211705029010773, -0.3686929941177368, 0.110599584877491, 0.24216189980506897, 0.0379721000790596, 0.027151966467499733, 0.15763713419437408, 0.02163000777363777, 0.069967120885849, 0.24246127903461456, -0.01593663915991783, 0.13387498259544373, 0.07108312100172043, 0.04586999490857124, 0.12351569533348083, -0.08341266959905624, -0.08737900853157043, -0.1116025522351265, 0.20941492915153503, 0.03656608611345291, -0.08632144331932068, -0.003560166573151946, 0.092438705265522, 0.2893982529640198, -0.10447756201028824, 0.1822231560945511, 0.021354010328650475], "trans": [0.09159532189369202, 0.34079670906066895, 4.004096031188965]}