{"root_pose": [-2.8763492107391357, -0.05675271898508072, 0.15290206670761108], "body_pose": [[-0.10800845921039581, -0.04782196134328842, 0.0012241742806509137], [-0.23208987712860107, 0.044010624289512634, 0.044363610446453094], [0.01027718372642994, 0.02503158152103424, 0.010532626882195473], [0.12946610152721405, -0.041918590664863586, -0.023477764800190926], [0.3411860167980194, 0.035052962601184845, 0.05811287835240364], [0.010051226243376732, 0.009297478944063187, -0.0031205129344016314], [-0.3373081088066101, 0.2101479172706604, 0.005468333605676889], [-0.3100678622722626, -0.2699436545372009, -0.0430886410176754], [0.009536655619740486, 0.0023181636352092028, 0.010002830997109413], [0.13590885698795319, 0.43588805198669434, 0.03726045414805412], [0.0004518867935985327, -0.49942031502723694, -0.0025418230798095465], [0.008754500187933445, 0.021184928715229034, -0.06061788275837898], [0.03009663335978985, -0.07035396248102188, -0.09462998807430267], [-0.0038385912775993347, 0.011107626371085644, 0.11207521706819534], [-0.0009901890298351645, 0.03375571593642235, 0.016294680535793304], [0.16112500429153442, -0.11497561633586884, -0.6282063126564026], [0.07132256776094437, 0.1306675225496292, 0.7030781507492065], [0.10730329155921936, -0.46501612663269043, 0.12605920433998108], [0.08864426612854004, 0.645879864692688, -0.272781640291214], [-0.6996761560440063, 0.04887238144874573, 0.043757662177085876], [-0.5041431188583374, -0.05859549343585968, -0.20784732699394226]], "jaw_pose": [-0.0030610060784965754, 0.001087683835066855, 0.012625222094357014], "leye_pose": [-5.643689291900955e-06, 1.223494837176986e-05, 6.209826551639708e-06], "reye_pose": [9.649933417676948e-06, 1.441970653104363e-06, -5.507704372575972e-07], "lhand_pose": [[-0.07227956503629684, 0.12002666294574738, 0.03760010004043579], [0.10895470529794693, -0.0010659766849130392, 0.4382743537425995], [-0.054425373673439026, 0.04166753590106964, 0.502092719078064], [-0.004803779534995556, -0.147718146443367, -0.043121907860040665], [0.0920846164226532, 0.06764308363199234, 0.6403002738952637], [0.03493912145495415, 0.03743639960885048, 0.4068566560745239], [0.38173341751098633, -0.15776391327381134, 0.3901602625846863], [-0.001350589795038104, 0.15118998289108276, 0.24715666472911835], [0.1878935545682907, 0.06017438694834709, 0.21455185115337372], [0.14797060191631317, -0.1632712185382843, 0.10173573344945908], [0.0996738001704216, 0.021460527554154396, 0.6299663186073303], [0.06628263741731644, 0.10761534422636032, 0.3469078242778778], [-0.21342943608760834, 0.1795995980501175, 0.10191504657268524], [0.00978464912623167, 0.03632824495434761, -0.026035631075501442], [-0.23155972361564636, -0.34800878167152405, 0.25331705808639526]], "rhand_pose": [[-0.12690159678459167, -0.07118336856365204, 0.08133486658334732], [0.15506167709827423, -0.024162532761693, -0.25396984815597534], [-0.05372779071331024, 0.006146431900560856, -0.4067140817642212], [-0.05711802840232849, 0.1508803367614746, 0.1877223551273346], [0.07621818035840988, -0.02897142805159092, -0.5000306963920593], [0.004767342004925013, -0.022188114002346992, -0.26786911487579346], [0.4051707684993744, 0.13612286746501923, -0.2285410314798355], [-0.22705256938934326, -0.07969006150960922, -0.20279167592525482], [0.15920762717723846, 0.023022357374429703, -0.038606565445661545], [0.19031000137329102, 0.11102230846881866, 0.049042824655771255], [0.0034097039606422186, 0.04513390362262726, -0.4540887475013733], [0.013412863947451115, -0.12031778693199158, -0.19852140545845032], [-0.1518746316432953, 0.005338030867278576, 0.08700843900442123], [0.11220602691173553, 0.14318832755088806, 0.21340492367744446], [-0.08808867633342743, 0.1857125461101532, -0.3549914062023163]], "expr": [-0.19241926074028015, 0.2058931142091751, 0.18549349904060364, 0.5609270334243774, -0.8457742929458618, -0.745098888874054, 0.5263978838920593, -0.6556535363197327, 0.45473313331604004, 0.6263870000839233, -0.3768116533756256, 0.31943610310554504, 0.014461846090853214, 0.17010195553302765, 0.4452657103538513, -0.5977840423583984, -0.5933998823165894, -0.37587469816207886, -0.06888449937105179, 0.9162816405296326, -0.05258343741297722, -0.564976692199707, 0.5401048064231873, -0.036663927137851715, -0.24535343050956726, 0.13251832127571106, 0.012946220114827156, 0.03658890351653099, -0.17702151834964752, -0.06320124119520187, 0.0902046337723732, -0.18250302970409393, 0.11779066175222397, -0.1994626373052597, 0.1234152615070343, 0.12906718254089355, 0.14961382746696472, 0.04504188522696495, 0.05562671646475792, -0.209124356508255, -0.4471789598464966, 0.0985109731554985, 0.09043699502944946, -0.15805266797542572, -0.1697089970111847, 0.11368940025568008, 0.06326805800199509, 0.09369610249996185, 0.14946787059307098, -0.08730023354291916], "trans": [0.08052604645490646, 0.37553852796554565, 3.939077377319336]}