{"root_pose": [-1.394948124885559, -0.10780790448188782, -2.719961166381836], "body_pose": [[-0.3757465183734894, -0.16575346887111664, 0.05290667712688446], [-0.3135608732700348, 0.04391871765255928, -0.048589106649160385], [0.014669844880700111, 0.0015011595096439123, -0.006631098687648773], [0.25713369250297546, 0.28224825859069824, 0.037758223712444305], [0.15601812303066254, 0.019356273114681244, 0.14176326990127563], [0.009714116342365742, -0.03196139261126518, 0.024919921532273293], [0.0960044264793396, 0.4273517429828644, -0.06247599422931671], [0.09276077896356583, -0.11308306455612183, -0.03926457464694977], [0.0054553779773414135, -0.006549162324517965, 0.008225222118198872], [0.10238847136497498, 0.012761751189827919, 0.29340341687202454], [0.08991660922765732, -0.4638737142086029, -0.018685797229409218], [0.006086205132305622, -0.05983467772603035, 0.20063410699367523], [-0.014907067641615868, -2.5479786927462555e-05, -0.15515854954719543], [-0.027699889615178108, -0.056293923407793045, 0.170637845993042], [-0.007255536504089832, 0.009802378714084625, -0.11549161374568939], [-0.011814906261861324, -0.13673923909664154, -0.8907625675201416], [0.030749522149562836, 0.20058001577854156, 0.8263773918151855], [0.06305653601884842, -0.48239564895629883, 0.2960423529148102], [0.1036752462387085, 0.5656750202178955, -0.19463057816028595], [-0.2441212236881256, -0.1552189737558365, -0.22442243993282318], [-0.47784143686294556, -0.32284313440322876, -0.2888469099998474]], "jaw_pose": [0.03701085224747658, -0.003870572429150343, 0.07701506465673447], "leye_pose": [-9.165847586700693e-06, 4.744688339997083e-06, 1.5244673704728484e-05], "reye_pose": [4.7258013182727154e-06, -3.3461701605119742e-06, 2.488632617314579e-06], "lhand_pose": [[-0.10469337552785873, 0.07848969101905823, -0.2425890862941742], [0.08769847452640533, 0.005283070728182793, -0.2996560335159302], [-0.02557530254125595, -0.050886575132608414, 0.05123569443821907], [0.06480960547924042, 0.056438788771629333, -0.5224733948707581], [0.03722527250647545, 0.09905417263507843, -0.11530465632677078], [-0.002397761447355151, -0.014187581837177277, -0.04497344791889191], [0.0006478200084529817, -0.12173270434141159, -0.081460140645504], [-0.1213068813085556, 0.0017090316396206617, -0.012218592688441277], [-0.04520609229803085, -0.03775227814912796, 0.11489629745483398], [0.2839876711368561, -0.043533239513635635, -0.49502092599868774], [-0.08610592037439346, 0.05663282051682472, -0.14279696345329285], [-0.04110762104392052, 0.05080516263842583, -0.06974399089813232], [-0.7118764519691467, 0.1542222648859024, 0.22807040810585022], [-0.0015588231617584825, -0.030966026708483696, -0.1410469114780426], [0.0472053661942482, -0.006799882277846336, 0.08952690660953522]], "rhand_pose": [[-0.15229472517967224, -0.16611243784427643, 0.25627779960632324], [0.17063695192337036, -0.05346318334341049, -0.14523600041866302], [-0.02181554213166237, -0.019673584029078484, -0.36521390080451965], [-0.0335240475833416, 0.06680148839950562, 0.3456368148326874], [0.08807047456502914, -0.022386381402611732, -0.628101646900177], [-0.004371069371700287, -0.046658705919981, -0.2861059010028839], [0.5789794921875, 0.25571829080581665, -0.2852557599544525], [-0.255154550075531, -0.1327342391014099, -0.3225533962249756], [0.3026104271411896, 0.025004563853144646, -0.08476771414279938], [0.25392502546310425, 0.060036029666662216, 0.08543000370264053], [-0.006091381423175335, 0.05582084134221077, -0.5657943487167358], [0.01823190227150917, -0.13533826172351837, -0.2634890079498291], [-0.39861181378364563, 0.024829132482409477, -0.2179417610168457], [0.3226408064365387, -0.03390323743224144, 0.22259390354156494], [-0.06006716564297676, 0.16031812131404877, -0.34466928243637085]], "expr": [0.3910691738128662, 0.41988059878349304, 0.25213906168937683, 0.7406927347183228, -1.0915697813034058, -0.5768078565597534, 0.2709313929080963, -0.4668028950691223, 0.5341536402702332, 0.28891661763191223, 0.07852309942245483, 0.5014520287513733, 0.10688811540603638, -0.011480922810733318, 0.3000766634941101, -0.5155739784240723, -0.5285342931747437, -0.20773643255233765, -0.16935814917087555, 0.4829641580581665, 0.13898524641990662, -0.2863472104072571, 0.298726350069046, -0.06746647506952286, -0.279440313577652, 0.11230901628732681, 0.2133873701095581, 0.08148878067731857, 0.03511806204915047, 0.04215976595878601, 0.026802169159054756, -0.08351856470108032, 0.12680387496948242, 0.1274578720331192, 0.032265979796648026, -0.021654024720191956, -0.06059837341308594, -0.0515189990401268, -0.0116434870287776, 0.0588529035449028, -0.0916423574090004, 0.05078987032175064, -0.017240352928638458, -0.03176011145114899, -0.0676342099905014, 0.09218430519104004, -0.07339426130056381, -0.00021809003374073654, -0.0027697382029145956, -0.1010165885090828], "trans": [0.09405240416526794, 0.3486250340938568, 3.972726821899414]}