{"root_pose": [-1.0866436958312988, -0.12408976256847382, -2.8370423316955566], "body_pose": [[-0.4648575782775879, -0.14851272106170654, 0.02659979648888111], [-0.2952765226364136, -0.014329883269965649, -0.008721927180886269], [0.009208882227540016, -0.0032677578274160624, 0.001217796467244625], [0.27145496010780334, 0.183976411819458, 0.0784025713801384], [0.0022005343344062567, -0.053539689630270004, 0.13821224868297577], [0.006347248796373606, -0.04819003492593765, 0.016454599797725677], [0.18317551910877228, 0.33902373909950256, -0.04578550159931183], [0.20593106746673584, -0.14338573813438416, -0.10423833131790161], [0.0015755939530208707, -0.014923675917088985, 0.006210066378116608], [0.07748971879482269, 0.008332637138664722, 0.25885146856307983], [0.11100634187459946, -0.5664607286453247, -0.028129924088716507], [0.009798966348171234, -0.17166872322559357, 0.08141549676656723], [-0.025520039722323418, -0.0007274712552316487, -0.23176337778568268], [-0.048272162675857544, -0.13933123648166656, 0.2090495079755783], [-0.004872269928455353, 0.022300437092781067, -0.048915743827819824], [-0.039374079555273056, -0.12443052232265472, -0.8342827558517456], [-0.00550156319513917, 0.20893847942352295, 0.7538530826568604], [-0.026017526164650917, -0.4654903709888458, 0.35311463475227356], [0.004617646802216768, 0.4843823313713074, -0.20128068327903748], [-0.01760416477918625, -0.16613905131816864, -0.21212227642536163], [-0.4473765790462494, -0.19820018112659454, -0.22125431895256042]], "jaw_pose": [0.12919782102108002, 0.0002512318023946136, -0.01614408940076828], "leye_pose": [-9.451339792576618e-06, 4.727316081698518e-06, 1.5057694326969795e-05], "reye_pose": [1.1457468644948676e-05, -1.4215910937309673e-07, -3.059060645682621e-06], "lhand_pose": [[-0.12144207954406738, -0.09568993747234344, -0.41165822744369507], [0.08691851049661636, -0.002389296656474471, -0.23067744076251984], [0.012664915062487125, -0.01873457431793213, 0.11662764102220535], [0.009732703678309917, 0.017412185668945312, -0.5554361343383789], [0.05628487840294838, 0.12693513929843903, -0.249783456325531], [-0.011650013737380505, -0.009902429766952991, 0.010607581585645676], [-0.2805464565753937, -0.167598158121109, -0.10159286111593246], [-0.17837080359458923, -0.5025483965873718, -0.06054133549332619], [-0.03894062712788582, -0.024391835555434227, -0.06617669016122818], [0.257307231426239, -0.08193369954824448, -0.3652942478656769], [-0.07311856001615524, 0.01473348867148161, -0.4146794378757477], [-0.026194237172603607, 0.05798572301864624, -0.04125726595520973], [-0.6969349980354309, 0.06268049031496048, 0.22066839039325714], [0.010722697712481022, 0.014700311236083508, -0.14930996298789978], [-0.015667881816625595, -0.2038503736257553, 0.15511533617973328]], "rhand_pose": [[-0.11194661259651184, -0.21856214106082916, 0.2630283236503601], [0.13830707967281342, -0.061555128544569016, -0.18236605823040009], [-0.002798061817884445, -0.019702523946762085, -0.3113677501678467], [0.021549733355641365, 0.0020531651098281145, 0.3220708668231964], [0.07047450542449951, -0.0076813967898488045, -0.6190792918205261], [-0.017745334655046463, -0.05307026579976082, -0.2647346258163452], [0.6681522130966187, 0.18421871960163116, -0.3092260956764221], [-0.27665314078330994, -0.12905749678611755, -0.3319629430770874], [0.2854454815387726, 0.05153130367398262, -0.04702521115541458], [0.2798636257648468, -0.04597826674580574, 0.014036625623703003], [-0.013603759929537773, 0.05001956969499588, -0.4608980417251587], [0.010731418617069721, -0.12340720742940903, -0.232176274061203], [-0.4028935432434082, -0.0929034948348999, -0.17975853383541107], [0.3019099235534668, -0.0761125236749649, 0.28054890036582947], [-0.06232805922627449, 0.07431138306856155, -0.32103827595710754]], "expr": [0.6558281183242798, 0.4991225004196167, 0.179316446185112, 0.7358062267303467, -1.06633460521698, -0.5748194456100464, 0.34499019384384155, -0.5062015056610107, 0.5896753072738647, 0.18283900618553162, -0.025442400947213173, 0.2443390190601349, 0.23774287104606628, 0.042674604803323746, 0.3080160617828369, -0.40415528416633606, -0.4681447744369507, -0.14870907366275787, -0.20779991149902344, 0.45857852697372437, 0.07752774655818939, -0.19971397519111633, 0.317137211561203, -0.06554725766181946, -0.3498559296131134, 0.1405981481075287, 0.146821066737175, 0.060332559049129486, -0.001130990800447762, 0.0943475291132927, 0.13571107387542725, -0.164666548371315, 0.0360097698867321, 0.04550473392009735, 0.057551998645067215, 0.004882107954472303, 0.11071208864450455, 0.10812297463417053, -0.004387383349239826, -0.026985080912709236, -0.18065249919891357, 0.19543802738189697, -0.012378573417663574, -0.12182407826185226, -0.027208734303712845, 0.1296379268169403, 0.07889299839735031, -0.08450805395841599, 0.09232582896947861, -0.09929633885622025], "trans": [0.1074763759970665, 0.3535933792591095, 3.9116945266723633]}