{"root_pose": [-0.9355342984199524, -0.06871829926967621, -2.896717071533203], "body_pose": [[-0.43524837493896484, -0.16384440660476685, 0.03050336427986622], [-0.2204626053571701, 0.011231212876737118, -0.013015873730182648], [0.011845238506793976, 0.007723148446530104, 0.003599746385589242], [0.33183640241622925, 0.16219234466552734, -0.010393439792096615], [-0.05096451938152313, -0.1593266725540161, 0.11687091737985611], [0.008785977028310299, -0.03346603736281395, 0.01916585862636566], [0.08949070423841476, 0.32675790786743164, -0.027733903378248215], [0.19758716225624084, -0.14597639441490173, -0.08768513798713684], [0.004796513356268406, -0.007925720885396004, 0.007172522135078907], [0.04382278025150299, 0.0050644599832594395, 0.27703455090522766], [0.05340077728033066, -0.5893005132675171, -0.05408370867371559], [0.0024903311859816313, -0.14135457575321198, 0.14845217764377594], [-0.003805914893746376, -0.06394048780202866, -0.1883193552494049], [-0.029045535251498222, -0.08742817491292953, 0.18680018186569214], [-0.010640637017786503, -0.012696722522377968, -0.12297181040048599], [0.0480150505900383, -0.1436283141374588, -0.7891125082969666], [-0.0011048786109313369, 0.19613127410411835, 0.6934841871261597], [0.06280436366796494, -0.6310155987739563, 0.2676205337047577], [-0.027319470420479774, 0.40615665912628174, -0.18743789196014404], [-0.4322827458381653, -0.10400611907243729, 0.10224463045597076], [-0.5055990219116211, -0.17616668343544006, -0.2644960880279541]], "jaw_pose": [0.08702555298805237, -0.011337216012179852, -0.0017045503482222557], "leye_pose": [-5.469473762786947e-06, -9.642504664952867e-06, -1.51267968249158e-05], "reye_pose": [2.268648586323252e-06, -9.265837434213609e-06, -7.584710147057194e-06], "lhand_pose": [[0.009073222056031227, 0.21054497361183167, 0.3366561532020569], [-0.037598684430122375, 0.049669526517391205, 0.6858153939247131], [0.07839596271514893, 0.09927485883235931, 0.25892114639282227], [0.08221911638975143, -0.014463111758232117, 0.30235859751701355], [0.0762418657541275, -0.03295237943530083, 0.7911338210105896], [-0.004904523957520723, 0.02387947589159012, 0.36486002802848816], [0.24443359673023224, -0.16173192858695984, 0.6823233366012573], [0.157209113240242, -0.0279634278267622, 0.19506427645683289], [-0.004270245786756277, 0.02869446389377117, 0.2227470427751541], [0.1312529444694519, 0.002556633437052369, 0.41677308082580566], [0.09461193531751633, 0.027479514479637146, 0.6321429014205933], [0.03069263882935047, 0.05055883154273033, 0.2895585596561432], [-0.2574080526828766, 0.3554416298866272, 0.29976123571395874], [0.01970543898642063, 0.048004165291786194, -0.252175897359848], [-0.06740110367536545, 0.03386760875582695, 0.302447110414505]], "rhand_pose": [[-0.15873421728610992, -0.2332691252231598, 0.22730742394924164], [0.12786099314689636, -0.029864495620131493, -0.19414006173610687], [-0.0035839411430060863, 0.020273566246032715, -0.3108399510383606], [0.0244191512465477, -0.03629448637366295, 0.2978163957595825], [0.0547262467443943, 0.015749262645840645, -0.5686570405960083], [-0.02365308254957199, -0.028930306434631348, -0.24488243460655212], [0.6589643955230713, 0.1184314489364624, -0.3358299434185028], [-0.2972210943698883, -0.10372831672430038, -0.27562716603279114], [0.2517838478088379, 0.07458924502134323, 0.008170001208782196], [0.27645158767700195, -0.0655679777264595, -0.0409584566950798], [-0.018371667712926865, 0.01869981177151203, -0.3571055233478546], [-0.00024378734815400094, -0.11287140101194382, -0.17805591225624084], [-0.3772478699684143, -0.13477836549282074, -0.1552681177854538], [0.34342503547668457, -0.03358069807291031, 0.297843873500824], [-0.06007104367017746, -0.00794950220733881, -0.29910218715667725]], "expr": [0.2057637870311737, 0.42508724331855774, 0.1386212706565857, 0.582237958908081, -0.8056493401527405, -0.5044439435005188, 0.161640465259552, -0.2712119519710541, 0.42420175671577454, 0.12354151159524918, -0.05941653251647949, 0.3701792359352112, 0.19262884557247162, 0.08464232832193375, 0.31028202176094055, -0.3531678020954132, -0.4365580379962921, -0.12000459432601929, -0.10726025700569153, 0.48725590109825134, 0.048951972275972366, -0.13799352943897247, 0.2574712932109833, -0.039550021290779114, -0.31183502078056335, 0.1396261751651764, 0.17615942656993866, 0.02620345912873745, -0.0065263547003269196, 0.056226640939712524, 0.12297295033931732, -0.17789165675640106, 0.09065379202365875, -0.0397261418402195, 0.08566449582576752, -0.036265674978494644, 0.13027961552143097, 0.09609078615903854, 0.016342168673872948, 0.0660526379942894, -0.1496310979127884, 0.20664982497692108, -0.011220264248549938, -0.12829285860061646, 0.02153475396335125, 0.09500037133693695, 0.07089142501354218, -0.014500150457024574, 0.11457813531160355, -0.016744159162044525], "trans": [0.11657311767339706, 0.35904189944267273, 3.9301300048828125]}