{"root_pose": [-0.8416946530342102, -0.06134385988116264, -2.9342615604400635], "body_pose": [[-0.43500953912734985, -0.16102159023284912, 0.026368945837020874], [-0.2245655506849289, 0.011783511377871037, 0.00012300173693802208], [0.010536717250943184, -0.0035942806862294674, -0.0037299329414963722], [0.43385422229766846, 0.1773134022951126, -0.04823705554008484], [-0.050431810319423676, -0.1857079565525055, 0.11101645976305008], [0.004606276750564575, -0.030680416151881218, 0.007120202295482159], [-0.030307207256555557, 0.3168300688266754, -0.043574877083301544], [0.1726299375295639, -0.20989634096622467, -0.1462758183479309], [-0.0002209871163358912, -0.010726090520620346, 0.001303632976487279], [0.03305704891681671, -0.0026572400238364935, 0.2537801265716553], [0.10073121637105942, -0.47606751322746277, -0.033269915729761124], [-0.0037949567195028067, -0.1420312523841858, 0.15565428137779236], [0.009567392989993095, -0.03643324598670006, -0.16990312933921814], [-0.04153471812605858, -0.024091312661767006, 0.1736818253993988], [-0.012982168234884739, 0.01366420742124319, -0.116377092897892], [0.01885416731238365, -0.0838269367814064, -0.7313279509544373], [-0.03522422909736633, 0.1581563651561737, 0.6918697357177734], [0.040823303163051605, -0.6043150424957275, 0.21942006051540375], [-0.07336608320474625, 0.3619908094406128, -0.17768234014511108], [-0.5291768312454224, -0.07112524658441544, 0.04712243750691414], [-0.4701191484928131, -0.16703632473945618, -0.2412131279706955]], "jaw_pose": [4.08383766625775e-06, -2.8815991299779853e-06, -3.438224666751921e-06], "leye_pose": [4.372069724922767e-06, 5.184004294278566e-06, -7.161658686527517e-06], "reye_pose": [-2.0631182451325003e-06, -4.419453034643084e-06, 1.1351206921972334e-05], "lhand_pose": [[-0.07054197043180466, 0.3391042649745941, 0.15968374907970428], [-0.09687507897615433, 0.0684259757399559, 0.7023272514343262], [0.16748173534870148, 0.14071327447891235, 0.1809462606906891], [0.18650053441524506, 0.0037679329980164766, 0.2808232009410858], [0.03515950217843056, -0.020351890474557877, 0.47031041979789734], [-0.029422812163829803, 0.05474313348531723, 0.3144781291484833], [0.44639289379119873, -0.36036133766174316, 0.5210677981376648], [0.08915020525455475, 0.023654824122786522, 0.20898917317390442], [0.04323931410908699, 0.004033584147691727, 0.19608505070209503], [0.23092389106750488, -0.05784904211759567, 0.35063838958740234], [0.14063464105129242, 0.054786451160907745, 0.4927867650985718], [0.051089975982904434, 0.05724363029003143, 0.2753284275531769], [-0.44623976945877075, 0.25815439224243164, 0.11546871811151505], [0.07880327105522156, 0.027831552550196648, -0.4552712142467499], [-0.18027538061141968, -0.11237864196300507, 0.45647332072257996]], "rhand_pose": [[-0.1549362689256668, -0.10464148968458176, 0.2970176637172699], [0.1528712958097458, -0.04381208494305611, -0.1441076546907425], [-0.018997367471456528, 0.026036610826849937, -0.3083290159702301], [-0.008030242286622524, 0.048501987010240555, 0.259851336479187], [0.06577346473932266, 0.007299500983208418, -0.4830830991268158], [-0.01758195087313652, -0.032759420573711395, -0.1891666203737259], [0.5617576837539673, 0.11627122014760971, -0.2661961317062378], [-0.244232177734375, -0.1309991031885147, -0.26365232467651367], [0.2088320106267929, 0.037596192210912704, -0.009823027066886425], [0.2560194730758667, -0.05077369138598442, -0.007930712774395943], [-0.0352618433535099, 0.05301966145634651, -0.37169867753982544], [-0.007046473678201437, -0.11642752587795258, -0.16665422916412354], [-0.31400981545448303, -0.04770596697926521, -0.14474131166934967], [0.40641704201698303, 0.012405340559780598, 0.32697829604148865], [-0.0733020231127739, 0.026361677795648575, -0.2769041061401367]], "expr": [-2.8420683520380408e-05, -5.702599423784704e-07, -2.1240877686068416e-05, 1.1519081454025581e-05, -1.5950527085806243e-06, -2.1969615318084834e-06, 3.2141942938324064e-05, 8.712343515071552e-06, 3.795780685322825e-06, -1.897791116789449e-05, 2.161736847483553e-05, -2.701800076465588e-05, -2.7373705961508676e-05, 2.2437148800236173e-05, -1.9106937543256208e-05, 1.367207005387172e-06, -3.280746750533581e-05, 1.0881436537601985e-05, -6.164752448967192e-06, 2.083538674924057e-05, -1.252102265425492e-05, -8.795828762231395e-06, 6.848305247331155e-07, -8.038305168156512e-07, 1.2481647900131065e-05, 2.2948161131353118e-05, -1.8866983737098053e-05, -3.769501927308738e-05, 3.5917862987844273e-05, 2.3676293494645506e-05, -3.064414340769872e-05, 9.264891559723765e-06, -1.6243979189312086e-05, -8.954581858233723e-07, 2.4000437406357378e-05, 1.2132264600950293e-05, 3.305627251393162e-05, 1.8709326468524523e-05, 3.3865867408167105e-06, 1.2381225133140106e-05, -3.135755468974821e-05, 1.7075633877539076e-05, -3.3157514280901523e-06, 1.6380237866542302e-05, -1.2499545846367255e-05, 2.1249583369353786e-05, -9.492108802078292e-06, -1.0096055120811798e-05, -3.4055344713124214e-06, -1.7914253476192243e-05], "trans": [0.11487680673599243, 0.36460253596305847, 3.9132423400878906]}