{"root_pose": [-0.7347295880317688, -0.10831392556428909, -3.0004518032073975], "body_pose": [[-0.40106815099716187, -0.20916683971881866, 0.04147444665431976], [-0.25545361638069153, 0.021658437326550484, 0.04447869211435318], [0.010073326528072357, 0.006270439364016056, -0.007538388017565012], [0.4223138689994812, 0.23669083416461945, -0.0706029087305069], [-0.038182277232408524, -0.1619141697883606, 0.06058556213974953], [0.002871053759008646, -0.012860179878771305, 0.010332006961107254], [-0.07785172015428543, 0.23526091873645782, -0.014575153589248657], [0.21166259050369263, -0.22452929615974426, -0.19677481055259705], [-0.0017233664402738214, -0.009320427663624287, 0.004182894714176655], [0.016585299745202065, 0.019852014258503914, 0.1903310865163803], [0.06904241442680359, -0.497039258480072, -0.018272588029503822], [-0.005419627297669649, -0.17267605662345886, 0.086696095764637], [0.0061999233439564705, -0.042465053498744965, -0.17714180052280426], [-0.03866240754723549, 0.0005055566434748471, 0.17997489869594574], [-0.01368160080164671, -0.00020598716218955815, -0.056618284434080124], [0.04193594306707382, -0.09639321267604828, -0.6884562373161316], [-0.02089463733136654, 0.18701308965682983, 0.6979986429214478], [-0.01739707589149475, -0.5822772979736328, 0.2056780457496643], [-0.07010897248983383, 0.33481553196907043, -0.19721947610378265], [-0.47287899255752563, -0.09600159525871277, -0.02564006671309471], [-0.40263500809669495, -0.10341010242700577, -0.26235464215278625]], "jaw_pose": [1.2620859706657939e-05, 4.6395948629651684e-06, 2.9649554562638514e-06], "leye_pose": [-1.0277936723923631e-07, -6.768766979803331e-06, -6.245290023798589e-06], "reye_pose": [-2.0850466171395965e-06, -7.146958523662761e-06, 3.606857262639096e-06], "lhand_pose": [[-0.04200885072350502, 0.37134799361228943, 0.19353815913200378], [-0.060944512486457825, 0.055440280586481094, 0.5617170333862305], [0.12238526344299316, 0.13304665684700012, 0.22459329664707184], [0.16262008249759674, 0.017533106729388237, 0.25976622104644775], [0.03779566287994385, 0.0429203063249588, 0.408043771982193], [-0.006823507137596607, 0.03217379376292229, 0.31895482540130615], [0.2849418520927429, -0.400317519903183, 0.4732409119606018], [0.1974468231201172, 0.03668568283319473, 0.1993248015642166], [0.01828538440167904, 0.061928872019052505, 0.2622114419937134], [0.19640661776065826, -0.04162159934639931, 0.3403022587299347], [0.15749305486679077, 0.09812730550765991, 0.5074857473373413], [0.06461948156356812, 0.04083987697958946, 0.29367339611053467], [-0.33158284425735474, 0.1996661275625229, 0.10431734472513199], [0.06461507827043533, 0.05535338073968887, -0.2612830102443695], [-0.16795748472213745, -0.16368630528450012, 0.3224543035030365]], "rhand_pose": [[-0.17025072872638702, -0.10784964263439178, 0.2793557941913605], [0.16003981232643127, -0.036209721118211746, -0.14595051109790802], [-0.016198255121707916, 0.02928762324154377, -0.29795125126838684], [-0.019741715863347054, 0.06472578644752502, 0.29025378823280334], [0.06504572927951813, 0.012002640403807163, -0.4824383556842804], [-0.01599736139178276, -0.029762592166662216, -0.17373982071876526], [0.5225366353988647, 0.10584468394517899, -0.20109494030475616], [-0.20336778461933136, -0.13074137270450592, -0.24863767623901367], [0.1895522177219391, 0.06148703396320343, -0.01609991304576397], [0.24990901350975037, 0.03183392435312271, 0.05453422665596008], [-0.04035240039229393, 0.0539480522274971, -0.3896137475967407], [-0.010519549250602722, -0.11816452443599701, -0.14500096440315247], [-0.21693578362464905, 0.06747175753116608, -0.03996144235134125], [0.4740467667579651, 0.019149430096149445, 0.35318514704704285], [0.05170146003365517, -0.00298596965149045, -0.26365405321121216]], "expr": [-1.8464736228906986e-07, 3.935906988772331e-06, 9.398613656230737e-06, -1.5692612578277476e-05, -2.0016103007947095e-05, -1.2029541949232225e-06, -1.065290234691929e-05, 1.742890162859112e-05, 1.2955470992892515e-05, 1.7741376723279245e-06, -2.8353179004625417e-07, 1.2340173270786181e-05, -4.018884646939114e-05, 2.483961361576803e-05, -1.681393951002974e-05, -1.7454503904446028e-05, 1.6275105735985562e-05, -9.330227840109728e-06, -3.033633504401223e-07, -7.2978159550984856e-06, 2.173397115257103e-05, -3.649183099696529e-06, -8.324915143020917e-06, 5.126636824570596e-05, 1.929870450112503e-05, 2.2868047381052747e-05, -8.682793122716248e-06, 1.7266231225221418e-05, -2.470757408445934e-06, 2.003684130613692e-05, 1.2170143008916057e-06, -1.7054735508281738e-05, 2.738057628448587e-05, 1.9337638150318526e-05, 3.243812534492463e-05, -1.8786129203363089e-06, -2.5989555069827475e-05, -2.7667498216032982e-05, 2.5998353976319777e-06, 1.2955197234987281e-05, 1.0896150342887267e-05, 7.079680926835863e-06, 2.587602284620516e-05, 1.1679429917421658e-05, 2.2038930183043703e-05, 2.1758058210252784e-05, 1.7332145034743007e-06, 1.9579372747102752e-05, 8.779345989751164e-06, -8.914255886338651e-06], "trans": [0.10333195328712463, 0.36559346318244934, 3.9145562648773193]}