{"root_pose": [-0.5737646222114563, -0.16127382218837738, -3.0683438777923584], "body_pose": [[-0.405337929725647, -0.16925974190235138, 0.05200956389307976], [-0.18502993881702423, 0.04269469156861305, -0.02142329514026642], [0.007131501100957394, -3.064596967305988e-05, -0.009230994619429111], [0.5181154012680054, 0.14876705408096313, -0.17187711596488953], [0.6712087988853455, -0.016286469995975494, -0.0736539363861084], [-0.0010202042758464813, -0.011709630489349365, 0.01090241689234972], [-0.2561967968940735, 0.20749610662460327, -0.0005461940891109407], [-0.34261152148246765, -0.2930767238140106, -0.06896080821752548], [-0.003974938299506903, -0.007073421496897936, -0.005617274437099695], [0.01216703187674284, 0.034127965569496155, 0.2949972450733185], [-0.16291241347789764, -0.8165590167045593, 0.07946234941482544], [-0.006767542567104101, -0.3064678907394409, 0.033952511847019196], [-0.006672206800431013, -0.05110703781247139, -0.1618042290210724], [-0.055954284965991974, 0.040596723556518555, 0.1890435367822647], [-0.015263882465660572, -0.0182349756360054, 0.004617334809154272], [0.04748035594820976, -0.10873232036828995, -0.6444672346115112], [-0.04357081279158592, 0.16065046191215515, 0.6893214583396912], [-0.03421789035201073, -0.5674721598625183, 0.2001432180404663], [-0.0766548290848732, 0.2653319835662842, -0.19386917352676392], [-0.5205482244491577, -0.0223588477820158, -0.0064797853119671345], [-0.42244598269462585, -0.08471152931451797, -0.2745591402053833]], "jaw_pose": [-7.498881132050883e-06, -5.424863047664985e-06, 2.780002887448063e-06], "leye_pose": [-7.202690710528259e-08, -6.772650522179902e-06, -6.2909234657126945e-06], "reye_pose": [-2.8384857841956546e-07, 6.247159490158083e-06, 3.935746462957468e-06], "lhand_pose": [[0.008374440483748913, 0.4827306866645813, 0.010853400453925133], [0.01553286798298359, 0.02758694812655449, 0.5523048043251038], [0.0205534715205431, 0.08935636281967163, 0.36284974217414856], [0.06050223484635353, 0.06166975945234299, 0.09572115540504456], [0.07029497623443604, 0.06995122879743576, 0.469184935092926], [0.024647682905197144, 0.02170174941420555, 0.392068088054657], [0.1518726497888565, -0.2958942949771881, 0.33864331245422363], [0.28005167841911316, 0.08046122640371323, 0.2509484589099884], [-0.010051671415567398, 0.1023574024438858, 0.3467682898044586], [0.11138850450515747, 0.009500987827777863, 0.136960968375206], [0.14606381952762604, 0.09554967284202576, 0.5647768974304199], [0.05976714566349983, 0.03674135357141495, 0.34172001481056213], [-0.12080224603414536, 0.21923813223838806, 0.07935686409473419], [0.019323576241731644, -0.002920071827247739, -0.0894833505153656], [-0.1050587072968483, -0.18547914922237396, 0.2128799855709076]], "rhand_pose": [[-0.14436689019203186, -0.08470556885004044, 0.32939884066581726], [0.17104485630989075, -0.027818212285637856, -0.13633155822753906], [-0.0457422137260437, 0.03696794435381889, -0.3256933093070984], [-0.029371103271842003, 0.08180617541074753, 0.3667304515838623], [0.05252603441476822, 0.01983516477048397, -0.470109760761261], [-0.013647748157382011, -0.002246559364721179, -0.18650023639202118], [0.3972359895706177, 0.0671122670173645, -0.12971578538417816], [-0.11116839200258255, -0.11361755430698395, -0.24881793558597565], [0.14719611406326294, 0.03938443958759308, -0.04396089166402817], [0.20946432650089264, 0.03065894916653633, 0.11109345406293869], [-0.0321853868663311, 0.03691675886511803, -0.3610007166862488], [-0.015132845379412174, -0.0944439247250557, -0.18745315074920654], [-0.21245816349983215, -0.0222939420491457, -0.1291583776473999], [0.23852311074733734, 0.06814433634281158, 0.3428715169429779], [0.07591257244348526, -0.09546069800853729, -0.1331917643547058]], "expr": [3.2021554943639785e-05, -1.4502969634122564e-06, 1.630782753636595e-05, -8.02092381491093e-06, 1.2708431313512847e-05, -1.586935468367301e-05, -1.1956920388911385e-05, 2.1775053028250113e-05, -8.471058094983164e-07, -1.4389926036528777e-05, 3.463041502982378e-05, -3.920194285456091e-05, 1.668222830630839e-05, -4.6030245925976487e-07, -4.7974522203730885e-06, 7.265926456057059e-07, 7.386595370917348e-06, -1.0407014087832067e-05, -1.3559274520957842e-05, 1.12355610326631e-05, 2.1498297428479418e-05, 1.4496436051558703e-05, 5.649174454447348e-06, 3.0052437978156377e-06, -3.5415174352237955e-05, -2.2647598598268814e-05, 4.994959908799501e-06, 3.1460775062441826e-05, 1.3883892279409338e-05, 5.746182978327852e-06, -2.4478544219164178e-05, 2.646167786224396e-06, 1.9199433154426515e-05, 1.1018738405255135e-05, 7.217503480205778e-06, -5.782546281807299e-07, 6.921299700479722e-06, 3.965375981351826e-06, -9.626484143154812e-07, 6.764530098735122e-06, 7.829745300114155e-06, -2.2674619685858488e-05, -3.1088246032595634e-05, -1.8242679288960062e-05, 1.3654223948833533e-05, -1.9763780073844828e-05, -4.472037289815489e-06, 1.240246945144463e-07, 4.4304077164269984e-05, -1.2196450370538514e-05], "trans": [0.08780355751514435, 0.36206260323524475, 3.919588565826416]}