{"root_pose": [0.39202210307121277, 0.24734818935394287, 3.0969388484954834], "body_pose": [[-0.3705526888370514, -0.14560002088546753, 0.022893724963068962], [-0.4201775789260864, 0.04295985773205757, -0.027303285896778107], [-0.001350552774965763, 0.004693645052611828, -0.013911855407059193], [0.6877921223640442, 0.04796958714723587, -0.2045152187347412], [0.7844419479370117, -0.0245912354439497, 0.029105672612786293], [-0.007193895988166332, -0.0040947566740214825, 0.00485012773424387], [-0.5599831342697144, 0.2027817815542221, 0.04148673638701439], [-0.45654264092445374, -0.18763719499111176, -0.013933026231825352], [-0.008576363325119019, -0.002390132285654545, -0.0005878179799765348], [-7.821102190064266e-05, 0.07679786533117294, 0.4044846296310425], [0.0011523326393216848, -0.9011785984039307, -0.0034864230547100306], [-0.011643057689070702, -0.17950336635112762, 0.054072797298431396], [-0.004071338102221489, -0.07406390458345413, -0.16876187920570374], [-0.06102098897099495, 0.09091892838478088, 0.22178097069263458], [-0.0181391853839159, -0.018990684300661087, -0.026307400315999985], [0.04007541388273239, -0.11944375187158585, -0.621618390083313], [-0.04398117959499359, 0.16460156440734863, 0.6656287908554077], [-0.005258603021502495, -0.6101192235946655, 0.22731569409370422], [-0.056787945330142975, 0.288692831993103, -0.20057733356952667], [-0.440653920173645, 0.025503190234303474, -0.005016691517084837], [-0.37647202610969543, -0.1072683185338974, -0.29423052072525024]], "jaw_pose": [4.433175490703434e-06, 1.5753154002595693e-05, -3.9040631349962496e-07], "leye_pose": [4.383568921184633e-06, 5.193598553887568e-06, -7.168242518673651e-06], "reye_pose": [-2.0441771084733773e-06, -4.418095159053337e-06, 1.1356145478202961e-05], "lhand_pose": [[-0.01617363467812538, 0.47114625573158264, -0.0071870856918394566], [0.044369351118803024, 0.0318182148039341, 0.5156843066215515], [0.02048391103744507, 0.09004645049571991, 0.40543538331985474], [0.03909394517540932, 0.041450344026088715, 0.03731997311115265], [0.07598414272069931, 0.07071813195943832, 0.5040407776832581], [0.021063385531306267, 0.0022267899475991726, 0.37507471442222595], [0.21647106111049652, -0.3564583957195282, 0.3078266382217407], [0.24700529873371124, 0.10039982199668884, 0.23840965330600739], [-0.005580900702625513, 0.09687293320894241, 0.31281980872154236], [0.1337893307209015, -0.024670153856277466, 0.09987694770097733], [0.13915224373340607, 0.1239868775010109, 0.5476343035697937], [0.0633392259478569, 0.04497603327035904, 0.33261486887931824], [-0.15775363147258759, 0.20613989233970642, 0.19292449951171875], [0.01876450702548027, -0.011410406790673733, -0.10760608315467834], [-0.16151587665081024, -0.20321650803089142, 0.2686614990234375]], "rhand_pose": [[-0.10342211276292801, -0.11874938011169434, 0.3121100962162018], [0.1954796314239502, -0.0392298586666584, -0.22658708691596985], [-0.06095101684331894, 0.03583243116736412, -0.4006853401660919], [-0.05242817848920822, 0.12004508823156357, 0.3383055329322815], [0.06861720979213715, 0.010690012015402317, -0.5050599575042725], [-0.005756985396146774, 0.00878667738288641, -0.22571489214897156], [0.296429306268692, 0.10812739282846451, -0.11242349445819855], [0.0003785460430663079, -0.09509531408548355, -0.23603788018226624], [0.1104629635810852, 0.005659561604261398, -0.09809964895248413], [0.1524873971939087, 0.10558586567640305, 0.1613532155752182], [-0.006903856992721558, 0.03146398067474365, -0.4469759464263916], [-0.004412153735756874, -0.09129203855991364, -0.23662851750850677], [-0.12474288046360016, -0.06767556071281433, -0.0747276246547699], [0.1996653825044632, 0.0941464751958847, 0.39889174699783325], [0.046912599354982376, -0.046532995998859406, -0.12951824069023132]], "expr": [-1.3162662071408704e-05, -6.327334176603472e-07, -1.2143059393565636e-05, -1.4845094483462162e-05, -2.9100896426825784e-05, 3.015195488842437e-06, -1.3721697541768663e-05, -7.884236765676178e-06, 1.1460952919151168e-05, 1.3425586075754836e-05, -1.1009874469891656e-05, 1.976942940018489e-06, -2.84060079138726e-05, 1.5421175021401723e-06, 1.7287160517298616e-05, 1.8113934174834867e-06, 7.719007044215687e-06, -1.041445671035035e-06, -5.3577123253489845e-06, 2.656946162460372e-05, 3.819911944447085e-05, -9.342831617686898e-06, -1.4495651157631073e-05, 1.4550235391652677e-05, -8.173280548362527e-06, -1.1698852176778018e-05, -2.1094383555464447e-05, -1.326495566900121e-05, 9.285648047807626e-06, 7.546970209659776e-06, 4.333470315032173e-06, -4.574665126710897e-06, 1.6521977158845402e-05, 1.1463475857453886e-05, 2.1180678231758066e-05, -8.133600204018876e-06, -1.6077186955953948e-05, 2.1870541786483955e-06, 3.027286538781482e-06, -1.462059344703448e-06, -1.1957904462178703e-05, 8.923215233380688e-08, 3.569310865714215e-05, 5.6871294873417355e-06, -2.6192822133452864e-06, -1.556314055051189e-05, 3.063687472604215e-05, 1.9919702026527375e-05, -1.641114431549795e-05, 1.3198990927776322e-05], "trans": [0.08719722926616669, 0.3586973547935486, 3.8697657585144043]}