{"root_pose": [0.23750290274620056, 0.2837910056114197, 3.1125731468200684], "body_pose": [[-0.35048913955688477, -0.17359842360019684, 0.03052067942917347], [-0.3791041672229767, 0.06596310436725616, -0.04004594311118126], [0.0015807272866368294, 0.004077786114066839, -0.003806769149377942], [0.7618275284767151, 0.035428594797849655, -0.20573139190673828], [0.8328117728233337, 0.0356568805873394, 0.050607830286026], [-0.006856560707092285, -6.424861567211337e-06, -0.001335583976469934], [-0.6456255912780762, 0.19809314608573914, 0.01982196420431137], [-0.5911298990249634, -0.17467562854290009, -0.02910185232758522], [-0.01006822008639574, -0.00033348094439134, -0.0037893049884587526], [-0.004833577666431665, 0.1351618766784668, 0.31510376930236816], [-0.0018393303034827113, -0.9823659062385559, 0.0020424991380423307], [-0.011700602248311043, -0.3007061183452606, 0.015952538698911667], [-0.010382097214460373, -0.09386227279901505, -0.16679851710796356], [-0.05348692461848259, 0.10124823451042175, 0.21378111839294434], [-0.01810252107679844, -0.012631941586732864, -0.016482871025800705], [0.03003145568072796, -0.11821471899747849, -0.5897096395492554], [-0.05606517568230629, 0.1430310606956482, 0.6604413390159607], [-0.03113722614943981, -0.6138948202133179, 0.21230071783065796], [-0.03862791880965233, 0.3367043137550354, -0.21540571749210358], [-0.44494855403900146, 0.07110510766506195, -0.032634228467941284], [-0.21519410610198975, -0.045663997530937195, -0.24251875281333923]], "jaw_pose": [2.3336926346928522e-07, 1.3973937029732042e-07, -1.809927198337391e-05], "leye_pose": [1.1219555062780273e-06, -6.082449317545979e-07, -1.5313918993342668e-05], "reye_pose": [-6.196849426487461e-06, 4.2817991925403476e-06, 2.000968834181549e-06], "lhand_pose": [[-0.031475868076086044, 0.3017491102218628, -0.03579847514629364], [0.02403257228434086, 0.01971583627164364, 0.6510627865791321], [0.036957595497369766, 0.09299436211585999, 0.46108293533325195], [0.054924506694078445, -0.06757979840040207, 0.01506804022938013], [0.06562488526105881, 0.05235422030091286, 0.5574708580970764], [0.025565672665834427, 0.005682390183210373, 0.40000346302986145], [0.29094675183296204, -0.43482571840286255, 0.3073330223560333], [0.22808623313903809, 0.11777453124523163, 0.305351585149765], [0.021416742354631424, 0.1273840218782425, 0.37580955028533936], [0.13839957118034363, -0.08717865496873856, 0.11412163823843002], [0.1425207406282425, 0.08555981516838074, 0.5815452337265015], [0.07819414138793945, 0.041826050728559494, 0.3760696351528168], [-0.19681724905967712, 0.29050010442733765, 0.14979521930217743], [0.006048232316970825, -0.027275966480374336, -0.09259204566478729], [-0.22677497565746307, -0.29154378175735474, 0.29614514112472534]], "rhand_pose": [[-0.10186576098203659, -0.09497105330228806, 0.19754713773727417], [0.19220851361751556, -0.01219175849109888, -0.19984757900238037], [-0.0654962956905365, 0.02683725580573082, -0.41270822286605835], [-0.049684688448905945, 0.14032813906669617, 0.2154054492712021], [0.06999525427818298, -0.006358350161463022, -0.4717559814453125], [0.001822747872211039, 0.011227522045373917, -0.23879118263721466], [0.22130219638347626, 0.21128687262535095, -0.09510216861963272], [0.05034387856721878, -0.08940141648054123, -0.2038583606481552], [0.07788627594709396, -0.01631251536309719, -0.12485916167497635], [0.13462787866592407, 0.09476222842931747, 0.07013532519340515], [0.009172161109745502, 0.01723325625061989, -0.43019238114356995], [-0.00044901081128045917, -0.08833678811788559, -0.20381414890289307], [-0.13282328844070435, -0.07769740372896194, -0.06559915095567703], [0.18674425780773163, 0.2251843810081482, 0.420929878950119], [0.1267499029636383, 0.02182016707956791, -0.06580942124128342]], "expr": [-2.9608747354359366e-05, -1.1625126717262901e-05, -7.661539711989462e-06, 1.911909566842951e-05, -1.0791903150675353e-05, 3.375670712557621e-05, 1.1159913810843136e-05, 2.403585085630766e-06, 1.4462429135164712e-05, 1.4577914043911733e-05, 7.740613000351004e-06, 7.687939614697825e-06, 3.902433309121989e-05, 3.992139681940898e-06, -8.358885679626837e-06, 1.0255364941258449e-05, 3.5375135212234454e-06, -3.6285312035033712e-06, -2.331786890863441e-05, 1.96336463886837e-06, 4.426085979503114e-06, -6.363239663187414e-06, -2.2237343728193082e-05, -7.799560989951715e-06, 1.8604076103656553e-05, 3.9443834793928545e-06, -9.549396963848267e-06, -6.4442388065799605e-06, 6.786734047636855e-06, 5.008033895137487e-06, -7.126331638573902e-06, -2.649489942996297e-05, -1.813116978155449e-05, 3.125255534541793e-05, 4.901048100691696e-07, 1.3969873180030845e-05, 2.704127473407425e-05, -2.678206556083751e-06, 7.786487003613729e-06, -4.12304543715436e-05, -6.331567448114583e-08, -1.5458206689800136e-05, -3.071796299991547e-06, -1.1866206477861851e-05, -4.242496743245283e-06, 1.9371573216631077e-05, -3.958461093134247e-06, -1.4939347238396294e-05, 1.3337523796508322e-06, -5.816883913212223e-06], "trans": [0.10356168448925018, 0.3642113506793976, 3.839118242263794]}