{"root_pose": [-0.1091625839471817, -0.173374205827713, -3.1165988445281982], "body_pose": [[-0.27698421478271484, -0.16785652935504913, 0.014171219430863857], [-0.2241150289773941, 0.0620245635509491, -0.03353530541062355], [0.005651038605719805, 0.00980387069284916, -0.0051941778510808945], [0.7060436606407166, 0.012258334085345268, -0.1290121227502823], [0.7186744213104248, -0.03730318322777748, 0.0631936565041542], [-0.005805616732686758, -0.015028275549411774, 0.0027029565535485744], [-0.5743007659912109, 0.20263491570949554, 0.027164625003933907], [-0.5501118898391724, -0.21677035093307495, -0.1255568563938141], [-0.00974562019109726, -0.0011496911756694317, -0.008678669109940529], [0.0006888434872962534, 0.0839647576212883, 0.20485523343086243], [0.006754993461072445, -1.0030193328857422, -0.011896748095750809], [-0.012022959999740124, -0.15394853055477142, -0.014477317221462727], [-0.02167394757270813, -0.08725185692310333, -0.15223082900047302], [-0.006601227447390556, 0.10398690402507782, 0.18349361419677734], [-0.017574671655893326, -0.03954029455780983, -0.03617773950099945], [0.029495734721422195, -0.10451488196849823, -0.6152405142784119], [-0.03620542585849762, 0.1015346422791481, 0.6424874663352966], [-0.041234299540519714, -0.5176828503608704, 0.18237148225307465], [-0.0464327372610569, 0.3343755304813385, -0.20139196515083313], [-0.4230666160583496, 0.13065214455127716, -0.0483187772333622], [-0.18164853751659393, 0.0027797205839306116, -0.18276450037956238]], "jaw_pose": [4.981825441063847e-06, 1.5365667422884144e-06, -3.206778728781501e-06], "leye_pose": [-1.0882052265515085e-05, 7.397119134111563e-06, 5.849856734130299e-06], "reye_pose": [-2.446532221256348e-07, -4.088607511221198e-06, -2.6971616762239137e-07], "lhand_pose": [[-0.04448189213871956, 0.18904860317707062, -0.0830637589097023], [0.11245142668485641, 0.01413386408239603, 0.5261996388435364], [-0.03606674075126648, 0.06927362829446793, 0.5586159825325012], [0.02194356545805931, -0.12802229821681976, -0.10125329345464706], [0.08278907090425491, 0.045519277453422546, 0.6437188386917114], [0.031523410230875015, 0.003575235139578581, 0.46254560351371765], [0.2266681045293808, -0.3898431658744812, 0.294430673122406], [0.21163658797740936, 0.1281680166721344, 0.2766966223716736], [0.05100289732217789, 0.10353519022464752, 0.35429659485816956], [0.14295406639575958, -0.15781013667583466, 0.09197553992271423], [0.12657707929611206, 0.07825811952352524, 0.615702211856842], [0.06819701194763184, 0.0665707141160965, 0.38538748025894165], [-0.16032081842422485, 0.36900395154953003, 0.12875880300998688], [0.013808866031467915, -0.0005642208852805197, -0.03363891690969467], [-0.19360066950321198, -0.31747207045555115, 0.24078860878944397]], "rhand_pose": [[-0.08430442214012146, -0.11709102243185043, 0.1620509773492813], [0.163855642080307, -0.004968362394720316, -0.19252388179302216], [-0.056616682559251785, 0.01791279949247837, -0.41075989603996277], [-0.03425619751214981, 0.1639702171087265, 0.16248227655887604], [0.06798819452524185, -0.014526250772178173, -0.4705043137073517], [0.007907116785645485, 0.015109960921108723, -0.25066155195236206], [0.18213103711605072, 0.2864561676979065, -0.12696337699890137], [0.09961368888616562, -0.03604274243116379, -0.18499405682086945], [0.050098344683647156, -0.03076503798365593, -0.16738910973072052], [0.12165803462266922, 0.09862406551837921, 0.04092191159725189], [0.026461996138095856, 0.011061931028962135, -0.40411025285720825], [0.006602915469557047, -0.08083893358707428, -0.2016507238149643], [-0.08080112189054489, -0.07596293091773987, -0.03948040306568146], [0.24346140027046204, 0.4040588140487671, 0.2425932139158249], [-0.0005582089652307332, 0.0589677169919014, -0.14203695952892303]], "expr": [-3.957398348575225e-06, 2.3645206965738907e-06, 1.8985962014994584e-05, 4.962258117302554e-06, -2.328929667783086e-06, -2.1780235329060815e-05, -1.45616868394427e-05, 4.1728508222149685e-05, -9.202119144902099e-06, 2.4795252102194354e-05, -6.5606291173025966e-06, 5.485904239321826e-06, -2.7020558263757266e-05, 3.4715039873844944e-06, -6.5690487645042595e-06, 2.3401309590553865e-05, -1.1421980161685497e-05, -1.3004482752876356e-05, 2.2559786430065287e-06, 2.1114752598805353e-05, 2.556361141614616e-05, 8.16697775007924e-06, 2.0743840650538914e-05, 1.526779669802636e-05, -3.434993686823873e-06, -7.3757196332735475e-06, -7.5621192081598565e-06, 6.029329597367905e-06, -2.5682827981654555e-05, -4.296410770621151e-05, 9.57690554059809e-06, -9.377780770591926e-06, 2.0156097889412194e-05, 1.7916540855367202e-06, 9.52959180722246e-06, -2.7374546789360465e-06, 1.3614793715532869e-05, 1.002627959678648e-05, -5.9841599977517035e-06, 9.993291314458475e-06, 9.103849151870236e-06, -1.662197291807388e-06, -3.86570400223718e-06, 6.086057510401588e-06, -3.88072930945782e-06, 2.3747028535581194e-05, -9.291778042097576e-06, 2.597079856059281e-06, 2.723365651036147e-05, 1.762171450536698e-05], "trans": [0.13593044877052307, 0.3682330548763275, 3.9185636043548584]}