{"root_pose": [0.008396518416702747, -0.2911089062690735, -3.098832368850708], "body_pose": [[-0.39871272444725037, -0.1493590623140335, 0.042879316955804825], [-0.3184519112110138, 0.04353295639157295, -0.011191656813025475], [0.0027908887714147568, 0.006521241739392281, 0.0005295996670611203], [0.822601854801178, -0.012998003512620926, -0.10705193132162094], [0.7994214296340942, -0.041333772242069244, 0.10373081266880035], [-0.006031398195773363, -0.024198129773139954, 0.0021688530687242746], [-0.6370746493339539, 0.15283071994781494, 0.017579931765794754], [-0.6463404297828674, -0.21637511253356934, -0.09995034337043762], [-0.00937365461140871, -0.0029579438269138336, -0.009175503626465797], [0.01217702031135559, 0.15709182620048523, 0.1329440474510193], [0.026898689568042755, -0.9720785617828369, -0.05200651288032532], [-0.012106392532587051, 0.11331754922866821, -0.05186334624886513], [-0.04606806859374046, -0.10318221151828766, -0.16591249406337738], [-0.01105520036071539, 0.10660108178853989, 0.18882466852664948], [-0.01794704608619213, 0.02649243362247944, -0.03929436206817627], [0.005580068565905094, -0.11462414264678955, -0.6000308990478516], [-0.02306380309164524, 0.0990559384226799, 0.6116953492164612], [-0.08870472013950348, -0.4939650595188141, 0.1838720142841339], [-0.017759477719664574, 0.4469260275363922, -0.2132723033428192], [-0.40031248331069946, 0.2476169615983963, -0.05519455298781395], [-0.083038330078125, -0.00795757956802845, -0.20557944476604462]], "jaw_pose": [-7.702650691499002e-06, 3.69761505680799e-06, -1.0459109034854919e-05], "leye_pose": [8.343657100340351e-06, -5.701709596905857e-06, 9.212917575496249e-07], "reye_pose": [4.065730536240153e-06, -5.779356342827668e-06, -1.053581672749715e-05], "lhand_pose": [[-0.05127107724547386, 0.07420499622821808, -0.11339560151100159], [0.14046970009803772, 0.004133255686610937, 0.5087465047836304], [-0.05473516508936882, 0.05642669275403023, 0.5991635918617249], [0.023115143179893494, -0.26689377427101135, -0.13277111947536469], [0.08830329775810242, 0.05310196429491043, 0.6876338720321655], [0.031289294362068176, 0.0003699089284054935, 0.4780937135219574], [0.2598556578159332, -0.46273496747016907, 0.327973872423172], [0.174985870718956, 0.13470828533172607, 0.2827930450439453], [0.08725859969854355, 0.09670735895633698, 0.3487718105316162], [0.1613614410161972, -0.19343075156211853, 0.072696752846241], [0.1281784474849701, 0.07006312906742096, 0.6263272762298584], [0.06622273474931717, 0.07348906993865967, 0.39319083094596863], [-0.14718303084373474, 0.29960498213768005, 0.15292410552501678], [0.03913441672921181, 0.017316428944468498, -0.01783561520278454], [-0.15332554280757904, -0.29810309410095215, 0.20204412937164307]], "rhand_pose": [[-0.05050439387559891, -0.14080019295215607, 0.13229231536388397], [0.12152978777885437, -0.014435231685638428, -0.18963466584682465], [-0.05275779590010643, 0.04573936015367508, -0.3653138279914856], [-0.06066280975937843, 0.1732068508863449, 0.1270219385623932], [0.06916920840740204, -0.0004416987649165094, -0.3940148949623108], [0.007641942240297794, 0.022898247465491295, -0.21815872192382812], [0.029626082628965378, 0.266522079706192, -0.08099879324436188], [0.1938270628452301, -0.07328595966100693, -0.1515474170446396], [-0.03991425782442093, -0.042120713740587234, -0.1744115948677063], [0.06386418640613556, 0.19718369841575623, 0.03703921660780907], [0.023159129545092583, 0.011962929740548134, -0.427728533744812], [-0.0007763982284814119, -0.0748613178730011, -0.17448769509792328], [0.03321084752678871, -0.0019086443353444338, -0.005241092294454575], [-0.017108554020524025, 0.30371174216270447, 0.17436203360557556], [-0.029392866417765617, 0.07213465869426727, -0.21582351624965668]], "expr": [2.7358275929145748e-06, 6.936485078767873e-06, -8.159780918504111e-06, -1.920905378938187e-05, -3.608575298130745e-06, -2.7761576347984374e-05, -2.1402867787401192e-05, 9.31529825720645e-07, 2.7191137633053586e-05, 1.1213734069315251e-05, -1.8918164641945623e-05, 8.68960160005372e-06, 2.904493157984689e-05, -2.8724173262162367e-06, 1.6697009414201602e-05, 6.187712529026612e-07, 4.290596677947178e-07, 3.579495023586787e-05, -1.3873784155293833e-05, -1.079132744052913e-05, 2.2191038624441717e-06, -8.25639654067345e-06, -1.9622464606072754e-05, 1.8236880350741558e-05, -1.7787149772630073e-05, 8.778829396760557e-06, 1.1363262274244335e-05, -1.5885783795965835e-05, -1.7634638425079174e-05, 7.635369001945946e-06, 5.82858365305583e-06, -7.679926966375206e-06, 9.151624908554368e-06, -2.3104073534341296e-06, 7.384853688563453e-06, -1.461259580537444e-05, 1.141794473369373e-05, -7.005114639468957e-06, 2.570719698269386e-05, -2.0576298993546516e-05, 1.2901979971502442e-05, 4.495704160945024e-06, 1.5320720194722526e-05, 2.465337274770718e-06, 1.0643420864653308e-05, -5.625262929243036e-06, -2.9624976377817802e-05, -9.44213752518408e-06, 6.1273740357137285e-06, 1.5224472917907406e-06], "trans": [0.1612052172422409, 0.3667410612106323, 3.839587450027466]}