{"root_pose": [-2.8780300617218018, -0.05292625352740288, 0.14299936592578888], "body_pose": [[-0.13349448144435883, -0.04773634299635887, -0.002266194671392441], [-0.2584679126739502, 0.035315126180648804, 0.03173922002315521], [0.01214245893061161, 0.025928465649485588, 0.0005799696082249284], [0.15305492281913757, -0.04482930153608322, -0.028851257637143135], [0.3637145161628723, 0.024642638862133026, 0.062490444630384445], [0.009574626572430134, -0.0008882562979124486, -5.2886418416164815e-05], [-0.34128886461257935, 0.20734313130378723, 0.004030460491776466], [-0.31190064549446106, -0.2730062007904053, -0.014053406193852425], [0.0088332649320364, -0.005179704166948795, 0.0021354765631258488], [0.15978051722049713, 0.3920159339904785, 0.032279808074235916], [0.00619564950466156, -0.44131699204444885, -0.02536497823894024], [0.00805535539984703, 0.01990448124706745, -0.03453527390956879], [0.015417898073792458, -0.06706024706363678, -0.1038135439157486], [0.02339557372033596, 0.0074193645268678665, 0.12426195293664932], [-0.0027948333881795406, 0.03802763298153877, 0.0068162577226758], [0.13406632840633392, -0.11599870026111603, -0.6076810956001282], [0.07013117522001266, 0.12858645617961884, 0.689265787601471], [0.10668022185564041, -0.47097983956336975, 0.13443885743618011], [0.09170067310333252, 0.6278682947158813, -0.26865455508232117], [-0.673932671546936, 0.07959402352571487, 0.012132716365158558], [-0.47293251752853394, -0.044347744435071945, -0.16637560725212097]], "jaw_pose": [0.004773307591676712, 0.006502973847091198, 0.015211437828838825], "leye_pose": [-3.8857660911162384e-07, -4.746667400468141e-06, -1.4343687325890642e-05], "reye_pose": [1.6130411495396402e-06, -5.041540021011315e-07, 6.429283985198708e-06], "lhand_pose": [[-0.07718943804502487, 0.11854220926761627, 0.03047320246696472], [0.10594009608030319, 0.0029326106887310743, 0.41425544023513794], [-0.044760946184396744, 0.04764174297451973, 0.5022730827331543], [0.007203979417681694, -0.18776960670948029, -0.0719924345612526], [0.09538209438323975, 0.07371235638856888, 0.6554901003837585], [0.03610409423708916, 0.042892031371593475, 0.40940311551094055], [0.3568524122238159, -0.18193189799785614, 0.4130392074584961], [0.018151642754673958, 0.15409767627716064, 0.24294410645961761], [0.18946929275989532, 0.06388715654611588, 0.2158621847629547], [0.1488390564918518, -0.1565905064344406, 0.08751440793275833], [0.1003008633852005, 0.028974736109375954, 0.6290552020072937], [0.06802474707365036, 0.10686825960874557, 0.33417069911956787], [-0.195337176322937, 0.18822728097438812, 0.10868102312088013], [0.014452855102717876, 0.057928666472435, -0.0475030243396759], [-0.25551798939704895, -0.3704656660556793, 0.28331708908081055]], "rhand_pose": [[-0.12429094314575195, -0.023387273773550987, 0.050332967191934586], [0.14774373173713684, -0.027730030938982964, -0.2281622439622879], [-0.04942357540130615, -0.005219238344579935, -0.41553083062171936], [-0.037279076874256134, 0.19607199728488922, 0.1603303998708725], [0.06937147676944733, 0.015117975883185863, -0.5328390002250671], [0.010513454675674438, -0.02860271744430065, -0.2631375789642334], [0.376049667596817, 0.198817178606987, -0.19397564232349396], [-0.19621795415878296, -0.08689843863248825, -0.2098691463470459], [0.17684723436832428, -0.008832452818751335, -0.08736872673034668], [0.16069523990154266, 0.1499640941619873, 0.04916342720389366], [0.01660776510834694, 0.03503149375319481, -0.49919137358665466], [0.027789821848273277, -0.12250664830207825, -0.24547100067138672], [-0.12608763575553894, 0.0425233356654644, 0.0884704738855362], [0.04359837993979454, 0.12501147389411926, 0.20013223588466644], [-0.1113593652844429, 0.2313443422317505, -0.3329015076160431]], "expr": [-0.22433902323246002, 0.24885940551757812, 0.042542994022369385, 0.29251590371131897, -0.3965846300125122, -0.41002681851387024, 0.49221178889274597, -0.25782015919685364, 0.09956961870193481, 0.24035465717315674, -0.0010145209962502122, 0.017380939796566963, -0.040501102805137634, 0.19216488301753998, 0.2680608630180359, -0.3762529492378235, -0.1367645263671875, -0.280355304479599, 0.021570883691310883, 0.5873095989227295, -0.09080049395561218, -0.29273179173469543, 0.18786762654781342, -0.03369782865047455, -0.10126922279596329, -0.0509047769010067, 0.0351787693798542, -0.17780089378356934, -0.2222295105457306, -0.031107168644666672, 0.12631157040596008, -0.13012540340423584, 0.1073104664683342, -0.17440548539161682, 0.04286087676882744, 0.1419714242219925, 0.10986663401126862, 0.12402398884296417, 0.0798737034201622, -0.20862805843353271, -0.4148661196231842, 0.08578453212976456, 0.02848648838698864, -0.1909087747335434, -0.1271589994430542, 0.07410253584384918, 0.06535959243774414, 0.07609981298446655, 0.14441873133182526, -0.08426714688539505], "trans": [0.08613896369934082, 0.3744145929813385, 3.952275276184082]}