{"root_pose": [0.18204011023044586, -0.18709605932235718, -3.101895570755005], "body_pose": [[-0.2757010757923126, -0.07118956744670868, 0.03650156781077385], [-0.35747307538986206, 0.04004950076341629, -0.03602193668484688], [0.0032093364279717207, -0.025722619146108627, -0.0012089398223906755], [0.7191475629806519, 0.020187092944979668, -0.013929961249232292], [0.676291823387146, -0.15930230915546417, 0.1165357455611229], [-0.006396545562893152, -0.03652116656303406, 0.002726196078583598], [-0.5366789102554321, 0.20632335543632507, 0.037557054311037064], [-0.46417731046676636, -0.21465791761875153, -0.15943385660648346], [-0.00987951084971428, -0.030054068192839622, -0.01315730158239603], [0.010658133774995804, 0.7556831240653992, 0.12272496521472931], [0.03585581108927727, -0.8570311069488525, -0.07636917382478714], [-0.01141385082155466, 0.19285908341407776, -0.10648167133331299], [-0.05867672339081764, -0.10986466705799103, -0.17776994407176971], [-0.005132724065333605, 0.09725641459226608, 0.18810202181339264], [-0.018213195726275444, 0.013202422298491001, -0.0001967426942428574], [-0.02885770983994007, -0.0959916040301323, -0.6005175709724426], [0.031031163409352303, 0.09353815764188766, 0.6203927993774414], [-0.08833780139684677, -0.33987483382225037, 0.1769852340221405], [-0.02886909432709217, 0.4518580734729767, -0.2033688873052597], [-0.33080172538757324, 0.18194280564785004, -0.05187910795211792], [-0.1733524650335312, -0.0174016784876585, -0.15372537076473236]], "jaw_pose": [1.0261856004945002e-05, 1.4287451449490618e-05, 5.710255209123716e-06], "leye_pose": [-6.567459422512911e-06, 2.783257286864682e-06, 3.5322491385159083e-06], "reye_pose": [2.5538574845995754e-06, -2.79501136901672e-06, -8.292147981592279e-07], "lhand_pose": [[-0.06059594452381134, 0.0937715545296669, -0.18078099191188812], [0.16869357228279114, -0.013061988167464733, 0.48842325806617737], [-0.0727345272898674, 0.04565797373652458, 0.6314073801040649], [-0.004752252250909805, -0.29993462562561035, -0.22769330441951752], [0.10212162137031555, 0.06858202815055847, 0.735943615436554], [0.037030190229415894, 0.006817160174250603, 0.5129474997520447], [0.263606458902359, -0.33031728863716125, 0.37466228008270264], [0.18726782500743866, 0.15596385300159454, 0.30888795852661133], [0.1197449266910553, 0.09911316633224487, 0.36625760793685913], [0.1685904562473297, -0.25301939249038696, 0.018021171912550926], [0.1324271261692047, 0.0636463314294815, 0.6688352823257446], [0.07188727706670761, 0.0850483700633049, 0.42161494493484497], [-0.1161985918879509, 0.23597612977027893, 0.14923620223999023], [0.03977077081799507, 0.005401690024882555, 0.0077470955438911915], [-0.13470950722694397, -0.28854888677597046, 0.1905028522014618]], "rhand_pose": [[-0.03530224785208702, -0.1030924990773201, 0.12004953622817993], [0.07705371826887131, -0.01353138405829668, -0.25845080614089966], [-0.03553198277950287, 0.012558341026306152, -0.322232186794281], [-0.034389857202768326, 0.06189262494444847, 0.1409880816936493], [0.057408787310123444, 0.015477625653147697, -0.32714852690696716], [0.0012901445152238011, 0.022523319348692894, -0.19461743533611298], [0.08654756098985672, 0.2677538990974426, -0.1636943519115448], [0.13502375781536102, -0.018693774938583374, -0.1227579340338707], [-0.03644486889243126, -0.018143808469176292, -0.1495322436094284], [0.05969345569610596, 0.11802123486995697, 0.049448154866695404], [0.030739380046725273, 0.008677812293171883, -0.36803364753723145], [-0.001263042213395238, -0.06592963635921478, -0.1515219807624817], [0.14596518874168396, -0.04931696876883507, -0.03331742808222771], [-0.08370943367481232, 0.25165101885795593, 0.16737523674964905], [-0.04152476787567139, 0.04331304877996445, -0.22853687405586243]], "expr": [-2.8630905944737606e-05, -1.9374363091628766e-06, -3.1798117561265826e-07, -1.623822026886046e-05, 1.282437665395264e-06, 1.0955362995446194e-05, -4.150989298068453e-06, 7.94145125837531e-06, -1.341407096333569e-05, 6.617780854867306e-06, 1.8015873592958087e-06, -1.531274574517738e-05, -9.831715033215005e-07, -1.8585338693810627e-05, 2.187129894082318e-06, 9.302425496571232e-06, -1.836482078942936e-05, -1.2295272426854353e-05, -1.6485993910464458e-05, 2.779550959530752e-05, -1.1313467211948591e-06, 3.5252514862804674e-06, -3.578535688575357e-05, -6.349512204906205e-06, 6.846456471976126e-06, 6.1175614973763e-06, 6.5051253841375e-06, -4.983041435480118e-06, 8.77840011526132e-06, -1.3490187029674416e-06, 5.999957011226797e-07, -1.032888212648686e-05, -4.335866833571345e-06, 1.763287582434714e-05, 1.5577275917166844e-05, 4.074265598319471e-05, 2.3829667043173686e-05, -5.280691402731463e-05, -1.1138117770315148e-05, 5.173808676772751e-05, -1.5048013665364124e-05, -1.1233600162086077e-05, -1.8187323803431354e-05, -7.791024472680874e-06, -1.1238138540647924e-05, -9.226236215909012e-06, 2.6617019102559425e-05, -4.9488047807244584e-05, -2.6367531972937286e-05, 3.704874325194396e-05], "trans": [0.17323362827301025, 0.3652326762676239, 3.909228801727295]}