{"root_pose": [0.005799615755677223, 0.1763666272163391, 3.1267335414886475], "body_pose": [[-0.21564646065235138, -0.05725264549255371, 0.03170515596866608], [-0.2637627124786377, 0.07877285778522491, 0.026547828689217567], [0.0068512181751430035, 0.006465824320912361, 0.011809943243861198], [0.6636068820953369, 0.08398900181055069, 0.014648189768195152], [0.7592729330062866, -0.06629115343093872, 0.10556397587060928], [-0.002382058883085847, -0.014484341256320477, 0.00822409801185131], [-0.4961443245410919, 0.24375955760478973, 0.052068475633859634], [-0.5425933003425598, -0.21262647211551666, -0.1601220667362213], [-0.004933517891913652, -0.0033522427547723055, -0.01764995977282524], [0.023517347872257233, 0.8093254566192627, 0.06461694836616516], [0.01683041825890541, -0.7483435273170471, -0.04415552690625191], [-0.006587951444089413, 0.1850048005580902, -0.08631522953510284], [-0.06626546382904053, -0.0664229467511177, -0.19261007010936737], [-0.011592868715524673, 0.11295919865369797, 0.1670454740524292], [-0.014791741967201233, 0.03975038230419159, -0.027427297085523605], [-0.018131878226995468, -0.09998072683811188, -0.6082973480224609], [0.033133164048194885, 0.13716478645801544, 0.6569469571113586], [-0.06134170666337013, -0.3026537597179413, 0.1946888566017151], [0.006044656503945589, 0.5020539164543152, -0.20346097648143768], [-0.35651829838752747, 0.24699625372886658, 0.017791153863072395], [-0.19197483360767365, -0.004893927369266748, -0.1800592541694641]], "jaw_pose": [2.640458660607692e-06, -4.721939149021637e-06, 6.663084604952019e-06], "leye_pose": [2.490803581167711e-06, 6.353643584589008e-06, -8.541582019461202e-07], "reye_pose": [2.5563474537193542e-06, -2.7197615963814314e-06, -8.434369647147832e-07], "lhand_pose": [[-0.0800555944442749, 0.07269483059644699, -0.22907958924770355], [0.15207362174987793, -0.011196570470929146, 0.4473385214805603], [-0.056922655552625656, 0.02799365110695362, 0.577446699142456], [-0.036312609910964966, -0.3155183494091034, -0.2966313064098358], [0.10721168667078018, 0.06585370749235153, 0.7473790049552917], [0.026775484904646873, 0.022648219019174576, 0.4901309609413147], [0.36690187454223633, -0.1772887110710144, 0.33108338713645935], [0.11107932031154633, 0.16756944358348846, 0.3221687972545624], [0.16745369136333466, 0.07501568645238876, 0.3082110583782196], [0.18927571177482605, -0.33995822072029114, -0.02565525844693184], [0.0952501967549324, -0.00021202593052294105, 0.6475710868835449], [0.05727336183190346, 0.10470559448003769, 0.3901444971561432], [-0.14158160984516144, 0.17151276767253876, 0.12697863578796387], [0.04793484881520271, -0.01587478071451187, -0.08003320544958115], [-0.12441623955965042, -0.2599000334739685, 0.2213769108057022]], "rhand_pose": [[-0.01652340777218342, -0.1697372943162918, 0.09652767330408096], [0.0981278195977211, -0.018787730485200882, -0.19940099120140076], [-0.056048136204481125, 0.039942845702171326, -0.3278781473636627], [-0.07932407408952713, 0.06377753615379333, 0.06196369603276253], [0.06334429979324341, 0.01071663573384285, -0.35918664932250977], [0.0055662463419139385, 0.026929210871458054, -0.20840328931808472], [-0.06158930063247681, 0.3413386046886444, -0.20047767460346222], [0.17129696905612946, -0.04759035259485245, -0.19310273230075836], [-0.06340678781270981, -0.032247044146060944, -0.17012445628643036], [0.003680839901790023, 0.09257031232118607, -0.0011152615770697594], [0.017965661361813545, 0.028882570564746857, -0.42802536487579346], [-0.013453882187604904, -0.07991697639226913, -0.14345774054527283], [0.043227966874837875, -0.13803835213184357, -0.029560690745711327], [-0.09533265978097916, 0.3256850242614746, 0.2008686363697052], [-0.022562595084309578, 0.1005888506770134, -0.2941402494907379]], "expr": [-2.0257301002857275e-05, 2.858018888218794e-05, 9.52393929765094e-06, 9.578302524460014e-06, 4.0925067878561094e-05, -1.024304310703883e-06, 7.695772183069494e-06, 1.5248556337610353e-05, 3.995263796241488e-06, -1.078946024790639e-05, 1.279381467611529e-05, 9.895312359731179e-06, -6.273612598306499e-06, -1.6089630662463605e-05, 3.87512736779172e-05, 2.0071240214747377e-05, -5.9422004596854094e-06, -2.6069259547512047e-05, 3.1805873277335195e-06, 4.458924649952678e-06, 9.351018093184393e-07, 7.344056029978674e-06, -1.4003592241351726e-06, 1.5332714610849507e-05, 2.183972355851438e-05, 3.1206818675855175e-06, 1.4480894606094807e-05, 8.139613782986999e-06, 9.406539334122499e-07, 1.2841305760957766e-06, -1.1255990557401674e-06, -3.2510167784494115e-06, 3.828236003755592e-06, 6.040333119017305e-06, 6.139357083156938e-06, -1.7163276424980722e-05, -6.105805823608534e-06, 2.005677015404217e-05, -1.548666477901861e-05, -1.5294404875021428e-05, 1.4043677765585016e-05, -9.53282415139256e-06, 3.2686955364624737e-07, 8.13801398180658e-06, 2.8294580260990188e-06, -4.619884748535696e-06, 2.031583062489517e-05, -5.459981821331894e-06, 1.4163633750285953e-05, 4.034390076412819e-05], "trans": [0.1581437885761261, 0.36597132682800293, 3.893948554992676]}