{"root_pose": [-0.026645533740520477, 0.139371857047081, 3.1074399948120117], "body_pose": [[-0.19155652821063995, -0.06580650061368942, 0.025918766856193542], [-0.26736336946487427, 0.07784267514944077, 0.022094344720244408], [0.006352268625050783, 0.00781241524964571, 0.011908513493835926], [0.6897484660148621, 0.09338999539613724, 0.00786134134978056], [0.7752591967582703, -0.034787051379680634, 0.1196729764342308], [-0.0030115756671875715, -0.015452097170054913, 0.006647564470767975], [-0.5588947534561157, 0.2504987120628357, 0.058204345405101776], [-0.5410677194595337, -0.22711217403411865, -0.16201438009738922], [-0.00402899831533432, -0.000846110109705478, -0.01536511443555355], [0.02089202217757702, 0.8225015997886658, 0.05839884281158447], [0.011622979305684566, -0.7263306379318237, -0.050494808703660965], [-0.007295357529073954, 0.14701689779758453, -0.09173884987831116], [-0.05589060112833977, -0.059011150151491165, -0.18089692294597626], [-0.012002290226519108, 0.10202997922897339, 0.16845080256462097], [-0.013624282553792, 0.04921186342835426, 0.0023625423200428486], [0.003354238113388419, -0.09811437129974365, -0.6088694930076599], [0.035192787647247314, 0.13848824799060822, 0.6649612188339233], [-0.05685038864612579, -0.304701030254364, 0.1851547211408615], [0.020620999857783318, 0.5197020769119263, -0.20462283492088318], [-0.4148552119731903, 0.2637367844581604, 0.011052821762859821], [-0.1955767571926117, 0.003463229164481163, -0.14343558251857758]], "jaw_pose": [-1.978999080165522e-06, -7.727350748609751e-06, 3.42988028023683e-06], "leye_pose": [-1.191954652313143e-05, -2.4856467462086584e-06, 4.092173185199499e-06], "reye_pose": [-1.0114451470144559e-05, -1.9430344764259644e-06, -1.7658034039413906e-06], "lhand_pose": [[-0.06473000347614288, 0.07152383029460907, -0.27492424845695496], [0.15960556268692017, -0.005296200048178434, 0.45028582215309143], [-0.06533023715019226, 0.032541703432798386, 0.6083807945251465], [-0.017617763951420784, -0.3288082182407379, -0.3147633969783783], [0.10511666536331177, 0.07373002171516418, 0.7441468834877014], [0.03181738033890724, 0.01886921189725399, 0.4957124590873718], [0.32098081707954407, -0.19545845687389374, 0.36066552996635437], [0.1553007811307907, 0.1653590053319931, 0.3314351737499237], [0.15462861955165863, 0.09573087096214294, 0.3504713177680969], [0.18538925051689148, -0.3068472743034363, -0.02241283655166626], [0.1228233277797699, 0.04360552877187729, 0.6571696996688843], [0.06753496080636978, 0.09649163484573364, 0.42109888792037964], [-0.10683869570493698, 0.21210114657878876, 0.07490988820791245], [0.05363000929355621, 0.0035238671116530895, -0.04998008906841278], [-0.12346728146076202, -0.2840648293495178, 0.1749252825975418]], "rhand_pose": [[0.007438560947775841, -0.21666893362998962, 0.14195367693901062], [0.05508916825056076, -0.02755163051187992, -0.24095311760902405], [-0.02867867611348629, 0.02912057377398014, -0.26117005944252014], [-0.06564629077911377, -0.010521437041461468, 0.12017294019460678], [0.05705378204584122, 0.012422274798154831, -0.3609336316585541], [-0.0009426339529454708, 0.02445111982524395, -0.19251301884651184], [-0.057259853929281235, 0.24229080975055695, -0.07091227173805237], [0.20261240005493164, -0.023108195513486862, -0.1672281175851822], [-0.08496709913015366, -0.0175856314599514, -0.19280044734477997], [-0.003633382497355342, 0.044251449406147, 0.07165063172578812], [0.032624948769807816, 0.027357254177331924, -0.4441279172897339], [-0.014643309637904167, -0.060008831322193146, -0.1603243052959442], [0.08245483785867691, -0.22464728355407715, -0.09866755455732346], [-0.14765852689743042, 0.3440082371234894, 0.21971923112869263], [0.0029377094469964504, 0.010665218345820904, -0.2831166386604309]], "expr": [-3.5860070966009516e-06, 4.167593942838721e-06, -1.6120256987051107e-05, -1.4005247521708952e-06, -8.52042740007164e-06, 1.471392170060426e-05, -2.1455667592817917e-05, 3.136815212201327e-05, 2.6044190235552378e-05, 1.3491223853634438e-06, 3.903000470018014e-05, -1.0408109574200353e-06, -4.9309041060041636e-05, -4.574613285512896e-06, -4.293165147828404e-06, 7.444528819178231e-06, 2.058636164292693e-05, -6.081355422793422e-06, 7.086171535775065e-06, 3.835712777799927e-05, 5.500392489921069e-06, 2.427206254651537e-06, -2.493084321031347e-05, 1.3475438208843116e-05, -7.966666089487262e-06, -4.3853810893779155e-06, -9.943287295754999e-06, 9.270221198676154e-06, -3.767978000723815e-07, -1.2362922461761627e-05, -8.276242624560837e-06, -5.159938609722303e-06, -1.7577198377694003e-05, 1.1728003300959244e-05, -2.891576150432229e-05, 4.1947478166548535e-05, 1.166328729595989e-05, 2.516624954296276e-05, 1.2303185030759778e-05, 3.4257022889505606e-06, 8.579087307225564e-07, -3.378707560841576e-06, -9.240294275514316e-06, -1.959188375622034e-05, 2.197729190811515e-05, 4.357877969596302e-06, -1.5578129023197107e-05, -6.990694600972347e-06, -4.234445441397838e-06, -2.2654308850178495e-05], "trans": [0.12848429381847382, 0.3682001531124115, 3.895855188369751]}