{"root_pose": [-0.1937975138425827, 0.16827110946178436, 3.0977489948272705], "body_pose": [[-0.1964641660451889, -0.08122462034225464, -0.00795254111289978], [-0.3438960611820221, 0.09612686932086945, -0.035751231014728546], [0.005408881232142448, -0.0030926659237593412, -0.014451378025114536], [0.6727564334869385, 0.04402915760874748, 0.043441690504550934], [0.7771154046058655, -0.03803548961877823, 0.20029935240745544], [-0.003122626105323434, -0.01629718206822872, -0.0014694924466311932], [-0.5716216564178467, 0.24166284501552582, 0.06996683031320572], [-0.4873735010623932, -0.1635417640209198, -0.22928255796432495], [-0.005986281670629978, -0.0058189998380839825, -0.02461312524974346], [0.01918093115091324, 0.7959325313568115, 0.08990637212991714], [0.034159742295742035, -0.7104710936546326, -0.08728239685297012], [-0.00893547385931015, 0.060102954506874084, -0.061024248600006104], [-0.040653303265571594, -0.0974537655711174, -0.18701903522014618], [-0.02316957898437977, 0.08870229125022888, 0.20489048957824707], [-0.014387154951691628, 0.03864804655313492, 0.018428372219204903], [-0.010978088714182377, -0.1398216038942337, -0.5681188702583313], [0.013362741097807884, 0.12191905081272125, 0.6624502539634705], [-0.04878805950284004, -0.27899181842803955, 0.17300409078598022], [0.01983012445271015, 0.4925808012485504, -0.17389047145843506], [-0.40315690636634827, 0.2865241765975952, 0.04718511924147606], [-0.20430994033813477, 0.011482211761176586, -0.21506284177303314]], "jaw_pose": [1.1275305951130576e-05, -6.0770862546633e-06, 6.125681011326378e-06], "leye_pose": [-2.485572167643113e-06, 2.8208944513608003e-06, -7.175372616075038e-07], "reye_pose": [2.5609886051825015e-06, -2.7246433091931976e-06, -8.114882348309038e-07], "lhand_pose": [[-0.07457458227872849, 0.06443073600530624, -0.2652447819709778], [0.15808944404125214, -0.0023780858609825373, 0.42228102684020996], [-0.06562982499599457, 0.02593257464468479, 0.5790832042694092], [-0.028345169499516487, -0.3700060248374939, -0.2820260226726532], [0.09757842868566513, 0.06060175597667694, 0.6990327835083008], [0.02396554872393608, 0.010297764092683792, 0.4413793087005615], [0.3556807041168213, -0.16981543600559235, 0.32859429717063904], [0.07668145000934601, 0.14845894277095795, 0.27576687932014465], [0.1606985479593277, 0.06375879794359207, 0.2971194386482239], [0.18102137744426727, -0.34135016798973083, -0.002385956235229969], [0.09880530834197998, 0.029495125636458397, 0.5960791707038879], [0.05460964888334274, 0.09050358831882477, 0.37900790572166443], [-0.08901695907115936, 0.16419021785259247, 0.07521228492259979], [0.048989396542310715, -0.030844440683722496, -0.05874362587928772], [-0.08910691738128662, -0.25324612855911255, 0.15305490791797638]], "rhand_pose": [[0.011694132350385189, -0.24083471298217773, 0.06695954501628876], [0.007939592003822327, -0.03557141497731209, -0.13444648683071136], [0.008158747106790543, 0.013795137405395508, -0.05402570217847824], [-0.031060630455613136, 0.0357091948390007, 0.1569991111755371], [0.028638023883104324, 0.04016168788075447, -0.35799655318260193], [-0.01567753776907921, 0.030036693438887596, -0.15754839777946472], [-0.07800892740488052, 0.2867578864097595, -0.1452873796224594], [0.10369037091732025, 0.03734022378921509, -0.10219693928956985], [-0.1155993640422821, 0.02028629742562771, -0.09296934306621552], [0.0001607221201993525, 0.01444938499480486, 0.10214963555335999], [0.005958561785519123, 0.028893450275063515, -0.32909882068634033], [-0.027081752195954323, -0.03516358882188797, -0.2408120036125183], [0.03807440772652626, -0.20981325209140778, -0.14175346493721008], [-0.1381881833076477, 0.3254988193511963, 0.2261025756597519], [0.029820427298545837, -0.06315476447343826, -0.23885567486286163]], "expr": [2.0496754586929455e-06, 6.289948487392394e-06, -3.188886330462992e-05, 5.438694188342197e-06, -4.8062356654554605e-06, 2.915334698627703e-05, -2.5516208097542403e-06, 1.5555977370240726e-05, -1.7594418750377372e-05, -3.270628803875297e-05, -7.074074346746784e-06, 2.026348056460847e-06, -5.234671334619634e-06, 2.50916809818591e-06, -6.510461844300153e-06, -7.684390766371507e-06, -9.220278116117697e-06, -4.897848157270346e-06, 2.875572317861952e-05, -9.411444807483349e-06, -4.898184897683677e-07, 2.2990516299614683e-05, 2.8449654564610682e-05, -2.289132908117608e-06, 6.68560051053646e-06, -6.73405747875222e-06, -3.5904463402403053e-06, 6.477333727161749e-07, -8.511889063811395e-06, -7.088034180924296e-06, -3.025001205969602e-06, 2.0909305931127165e-06, 3.2644729799358174e-06, -3.0286231776699424e-05, -5.709090146410745e-06, 5.326953760231845e-05, -1.2014756066491827e-05, -7.523105068685254e-06, -8.164252903952729e-06, -1.8980936147272587e-05, 1.0257813300995622e-06, 1.9886605514329858e-05, 5.889245130674681e-06, 1.7612212104722857e-05, -6.8607478169724345e-06, -2.6787012757267803e-05, 4.429945875017438e-06, 2.6835979952011257e-05, -1.6103707821457647e-05, -3.671156446216628e-05], "trans": [0.10847760736942291, 0.36610516905784607, 3.898472785949707]}