{"root_pose": [-0.21023085713386536, 0.1261657476425171, 3.074477434158325], "body_pose": [[-0.19965136051177979, -0.07477308064699173, 0.019112903624773026], [-0.40782472491264343, 0.1126648485660553, -0.02877299301326275], [0.00530568603426218, -0.01525980792939663, -0.004626324400305748], [0.604318380355835, 0.06940421462059021, 0.06063159555196762], [0.6950073838233948, -0.014655421487987041, 0.13306908309459686], [-0.0021147222723811865, -0.0166302639991045, -0.0071181743405759335], [-0.47335049510002136, 0.21735958755016327, 0.05144569277763367], [-0.3703552484512329, -0.20082153379917145, -0.13710491359233856], [-0.004439278971403837, -0.017520306631922722, -0.020426828414201736], [-0.011795536614954472, 0.7703828811645508, 0.11158636212348938], [0.0022584174294024706, -0.037619784474372864, -0.014787967316806316], [-0.007546855602413416, 0.13171862065792084, -0.09613613784313202], [-0.030505197122693062, -0.0979161188006401, -0.19554641842842102], [-0.01655692607164383, 0.07290870696306229, 0.21145585179328918], [-0.013245251961052418, 0.11717040091753006, 0.013115211389958858], [-0.011521355248987675, -0.1270684003829956, -0.5555555820465088], [-0.0008017600630410016, 0.11372140049934387, 0.6763513088226318], [-0.021754587069153786, -0.22528861463069916, 0.16508325934410095], [0.025641558691859245, 0.5014931559562683, -0.13932964205741882], [-0.477800190448761, 0.28610852360725403, 0.099062480032444], [-0.18233798444271088, 0.05788382515311241, -0.18863816559314728]], "jaw_pose": [-6.371058589138556e-06, 4.1218909245799296e-06, 8.002545655472204e-06], "leye_pose": [2.1357664081733674e-06, 1.3279050108394586e-06, 4.965624157193815e-06], "reye_pose": [5.684816642315127e-06, 1.1792569694080157e-06, -6.672138397334493e-07], "lhand_pose": [[-0.08079032599925995, 0.069850854575634, -0.2799663841724396], [0.1603841781616211, -0.0011888936860486865, 0.34887027740478516], [-0.06214839220046997, 0.010313202627003193, 0.5356385707855225], [-0.04883527383208275, -0.30617615580558777, -0.34167584776878357], [0.09456174820661545, 0.04392768815159798, 0.6696602702140808], [0.01749872975051403, 0.01001808326691389, 0.39493992924690247], [0.3581908941268921, -0.1537114977836609, 0.27788183093070984], [0.053521472960710526, 0.13823513686656952, 0.292149156332016], [0.16860605776309967, 0.0417526438832283, 0.26600292325019836], [0.16154655814170837, -0.2995487451553345, -0.06286761909723282], [0.07838170975446701, 0.007684865966439247, 0.5677420496940613], [0.04207071661949158, 0.09678082168102264, 0.35007551312446594], [-0.09270671755075455, 0.10161902755498886, 0.07492231577634811], [0.035444729030132294, -0.04759310558438301, -0.10179468244314194], [-0.04438268020749092, -0.1689068078994751, 0.16027580201625824]], "rhand_pose": [[0.0013886946253478527, -0.22669140994548798, 0.07927581667900085], [0.026350324973464012, -0.01935075782239437, -0.15491381287574768], [0.000526194809935987, 0.012117823585867882, -0.10555817931890488], [-0.02719626948237419, -0.009522290900349617, 0.11705247312784195], [0.030027296394109726, 0.02790444903075695, -0.1050356924533844], [-0.009111342020332813, 0.028233004733920097, -0.06448204070329666], [-0.0830489993095398, 0.3351536989212036, -0.07576510310173035], [0.1715574562549591, 0.01821019873023033, -0.0782802626490593], [-0.11208129674196243, -0.0005095925880596042, -0.11172566562891006], [0.005209445022046566, 0.06599769741296768, 0.0871681496500969], [0.017363522201776505, -0.001104262424632907, -0.23868060111999512], [-0.019839173182845116, -0.046561840921640396, -0.09286484867334366], [0.031837042421102524, -0.24935993552207947, -0.17154638469219208], [-0.11541393399238586, 0.26350831985473633, 0.19090241193771362], [0.011008234694600105, -0.01989087089896202, -0.23984552919864655]], "expr": [2.2774906938138884e-06, 7.338789146160707e-06, 2.0182451407890767e-06, -2.1402098354883492e-05, -1.0450436093378812e-05, 1.596421725480468e-06, -3.56320888386108e-05, 3.1240008411259623e-06, -1.1593369890761096e-05, 2.2134820028441027e-05, -4.311628799769096e-06, 2.1008692783652805e-05, 1.933145358634647e-05, -1.2493022040871438e-05, -6.12790336163016e-06, 2.9932545658084564e-05, -2.1804817151860334e-06, 1.0651079719536938e-05, 1.0173551345360465e-05, -3.1173731258604676e-05, 1.5557827282464132e-05, -1.2546889593068045e-05, -3.817238757619634e-05, -6.092185230954783e-06, -1.0811095307872165e-05, -1.0393452612333931e-05, -3.589780681068078e-05, 2.038205821008887e-06, 5.060610783402808e-05, 3.812652494161739e-06, 3.3943035759875784e-06, 2.9487409847206436e-05, -6.298229436652036e-06, -1.572457904330804e-06, -1.2967813745490275e-05, -1.9521818103385158e-05, 1.1416013876441866e-05, -2.071097696898505e-05, -2.1684763851226307e-05, 4.3977903260383755e-05, -8.233967605519865e-07, 1.7658820070209913e-05, 1.0848923921003006e-05, -5.000011697120499e-06, 1.9576177692215424e-06, 1.4859773727948777e-05, 1.931605947902426e-05, 4.1391042032046244e-05, -3.093712075497024e-05, -1.4014417502039578e-05], "trans": [0.10979734361171722, 0.36081284284591675, 3.938390016555786]}