{"root_pose": [-0.3160867393016815, 0.030495155602693558, 3.0751099586486816], "body_pose": [[-0.2425203025341034, -0.041913703083992004, 0.020034149289131165], [-0.3663668930530548, 0.12316061556339264, -0.012027989141643047], [0.005597643554210663, -0.02449100837111473, -0.008634142577648163], [0.29934078454971313, 0.03362951800227165, 0.0537128821015358], [0.5571210384368896, -0.02158203162252903, 0.11618585139513016], [0.0006269857985898852, -0.011328550055623055, -0.006704108789563179], [-0.16384904086589813, 0.17694762349128723, 0.0006984337233006954], [-0.25854215025901794, -0.22160054743289948, -0.10222108662128448], [-0.0017946313600987196, -0.017073076218366623, -0.01623753271996975], [0.051854465156793594, 0.7451295852661133, 0.11484793573617935], [0.00044761807657778263, -0.00199382402934134, -0.11815254390239716], [-0.005759887397289276, 0.19747884571552277, -0.19122718274593353], [-0.01828940585255623, -0.10651624202728271, -0.18290486931800842], [-0.010431664064526558, 0.041537463665008545, 0.1847337931394577], [-0.012717974372208118, 0.19695888459682465, 0.028100207448005676], [0.017692558467388153, -0.15032914280891418, -0.5719366073608398], [0.056036412715911865, 0.10546260327100754, 0.7251794338226318], [-0.04734853655099869, -0.15216350555419922, 0.14478754997253418], [0.028322210535407066, 0.5376414656639099, -0.1628270000219345], [-0.48434746265411377, 0.2772440016269684, 0.1281827986240387], [-0.3081068992614746, 0.11673691868782043, -0.13045696914196014]], "jaw_pose": [5.02694410897675e-06, 3.3093940601247596e-06, -2.4266591935884207e-06], "leye_pose": [-2.285399887114181e-06, 3.466474936431041e-06, -1.7704118363326415e-05], "reye_pose": [-2.980361841764534e-06, 1.0154552001040429e-05, -6.112253686296754e-06], "lhand_pose": [[-0.0701870322227478, 0.055012959986925125, -0.26665157079696655], [0.15057151019573212, -0.0002973660302814096, 0.3753320574760437], [-0.05865505710244179, 0.012283677235245705, 0.5367273688316345], [-0.03169073164463043, -0.2972794473171234, -0.32051146030426025], [0.09308105707168579, 0.042888034135103226, 0.687259316444397], [0.017327720299363136, 0.014115533791482449, 0.4202635884284973], [0.3318061828613281, -0.13729652762413025, 0.30793488025665283], [0.08237743377685547, 0.15024442970752716, 0.3391512334346771], [0.17010092735290527, 0.046409618109464645, 0.3043607175350189], [0.16723133623600006, -0.1639774888753891, -0.05583524331450462], [0.08938722312450409, 0.01608731597661972, 0.6017677187919617], [0.04291947931051254, 0.09048791229724884, 0.36317282915115356], [-0.07376076281070709, 0.1512250155210495, 0.06642892956733704], [0.033717911690473557, -0.04867132380604744, -0.10169138759374619], [-0.03873763233423233, -0.14894279837608337, 0.16269150376319885]], "rhand_pose": [[-0.006601350847631693, -0.2702164053916931, -0.024783439934253693], [-0.024639815092086792, -0.024774674326181412, -0.2823397219181061], [0.0430818535387516, -0.007809081580489874, -0.08103254437446594], [0.0314197912812233, 0.05956732854247093, -0.020942190662026405], [0.024055400863289833, 0.013670704327523708, -0.14703015983104706], [-0.011032674461603165, 0.006207018159329891, -0.10966053605079651], [0.04833037033677101, 0.43940219283103943, -0.1749897450208664], [0.11340932548046112, 0.011360708624124527, -0.09900509566068649], [-0.06358207017183304, -0.0057564908638596535, -0.13036876916885376], [0.06264601647853851, 0.1348263919353485, -0.01949772797524929], [0.044999152421951294, -0.0014471254544332623, -0.32267242670059204], [-0.003759123617783189, -0.038857776671648026, -0.11586768180131912], [-0.05882876366376877, -0.47879600524902344, -0.057154830545186996], [-0.07944515347480774, 0.18349860608577728, 0.22862200438976288], [-0.03296605497598648, -0.024627255275845528, -0.2801089584827423]], "expr": [1.776313001755625e-05, -5.064131983090192e-06, 1.4010544873599429e-05, 3.338968781463336e-06, -5.730680641136132e-06, 2.6125815566047095e-05, -9.027638952829875e-06, -1.2033331586280838e-05, -1.452241758670425e-05, 1.0787714927573688e-05, -1.7720883988658898e-05, 1.677389082033187e-05, 1.4220292541722301e-05, -2.0676105123129673e-05, 8.731119123694953e-06, 3.2480686058988795e-05, 1.27680677906028e-05, 6.565777766809333e-06, 1.0203795682173222e-05, 4.36978325524251e-07, 1.703476664260961e-05, 1.573595181980636e-05, -3.3665124647086486e-05, -1.59911851369543e-05, -3.663977167889243e-06, -1.53686723933788e-05, -2.8399155780789442e-05, -2.4425303308817092e-06, -1.7199534340761602e-05, -1.3684060832019895e-05, 8.03105012892047e-06, 8.549741323804483e-06, -3.619511335273273e-05, -2.2866629478812683e-06, 1.606332625669893e-05, -7.577035376016283e-06, 1.788313170436595e-06, -2.7161055186297745e-05, 7.759671802887169e-07, 1.340339622402098e-05, 1.4777938304177951e-05, -5.5248619901249185e-06, 1.7842116903921124e-06, 5.252634309727e-07, -1.0349552212574054e-05, -3.4906872315332294e-05, -1.331674138782546e-05, -5.909268452342076e-07, -2.799926278385101e-06, -6.660883400400053e-07], "trans": [0.13027654588222504, 0.36181676387786865, 3.9771387577056885]}