{"root_pose": [-0.5570827722549438, 0.05259811505675316, 3.0339181423187256], "body_pose": [[-0.2346242219209671, -0.045460257679224014, 0.07338199764490128], [-0.34226590394973755, 0.1412450522184372, -0.00933854840695858], [0.006030902732163668, -0.025442706421017647, 0.0005068606697022915], [0.05113561078906059, -0.05266495421528816, -0.014241094700992107], [0.31295087933540344, -0.06375563889741898, 0.0918784886598587], [0.002726114820688963, -0.00994733814150095, -0.0067386026494205], [0.044883109629154205, 0.14216049015522003, -0.033343829214572906], [-0.10289275646209717, -0.23736312985420227, -0.09787691384553909], [0.0014004939002916217, -0.020864510908722878, -0.01495463214814663], [0.06322575360536575, 0.7151691913604736, 0.12410949170589447], [-0.00315892999060452, -0.00017450966697651893, -0.18228097259998322], [-0.003452435601502657, 0.08680743724107742, -0.1929701417684555], [-0.03238195180892944, -0.03236401826143265, -0.1576414406299591], [-0.008629645220935345, 0.005048766266554594, 0.1728118360042572], [-0.01089805830270052, 0.29656657576560974, 0.03060711733996868], [0.02862277813255787, -0.18942730128765106, -0.6370461583137512], [0.018396759405732155, 0.10461291670799255, 0.7581993341445923], [0.028550513088703156, -0.2487318366765976, 0.16367152333259583], [0.04379524663090706, 0.5272413492202759, -0.17129075527191162], [-0.5449386835098267, 0.32119685411453247, 0.21342618763446808], [-0.5396506786346436, 0.10780913382768631, -0.11646155267953873]], "jaw_pose": [1.1713265848811716e-05, 4.821807124244515e-06, 6.156056770123541e-06], "leye_pose": [-6.606910574191716e-08, 1.157627366410452e-06, 5.959535656074877e-07], "reye_pose": [3.3279447961831465e-06, 5.583332495007198e-06, -5.026707185606938e-06], "lhand_pose": [[-0.09397263079881668, 0.08314775675535202, -0.2792016267776489], [0.13980641961097717, 0.007306878920644522, 0.3268561363220215], [-0.04518426954746246, 0.0013018535682931542, 0.4720790386199951], [-0.015437489375472069, -0.16005228459835052, -0.31940966844558716], [0.09730934351682663, 0.0009238860802724957, 0.6804901361465454], [0.010901693254709244, 0.023389626294374466, 0.41337230801582336], [0.43702995777130127, -0.16200263798236847, 0.33187171816825867], [-0.018815133720636368, 0.13783717155456543, 0.3547555208206177], [0.22738827764987946, 0.004478130489587784, 0.2409292608499527], [0.1833381950855255, -0.17831438779830933, -0.08410605043172836], [0.052129149436950684, -0.03475171700119972, 0.5798396468162537], [0.03469929099082947, 0.10427306592464447, 0.3480864465236664], [-0.1365656852722168, 0.03873372822999954, 0.05389012023806572], [0.09820980578660965, -0.04575488716363907, -0.2103687971830368], [-0.003596720052883029, -0.0748426616191864, 0.1533934324979782]], "rhand_pose": [[-0.041072845458984375, -0.3192841708660126, -0.179017573595047], [0.03308739513158798, -0.028003687039017677, -0.10618406534194946], [0.04610585793852806, -0.038257695734500885, -0.1137828677892685], [0.0004525486147031188, 0.08187318593263626, -0.1316007375717163], [0.021610591560602188, 0.0025714696384966373, -0.021458584815263748], [-0.006115716882050037, 0.0016732970252633095, -0.0627097338438034], [0.1572081446647644, 0.4824315309524536, -0.28099966049194336], [-0.056382644921541214, 0.008491791784763336, -0.018729936331510544], [-0.03994223475456238, 0.012748954817652702, 0.016613401472568512], [0.10591360926628113, 0.1720346212387085, -0.14313992857933044], [0.0135977016761899, -0.002937320154160261, -0.24281632900238037], [-0.0005788233247585595, -0.0577213391661644, -0.06839307397603989], [-0.14265739917755127, -0.5926321744918823, -0.020295772701501846], [0.013400817289948463, -0.030171021819114685, 0.14856848120689392], [-0.1162295937538147, 0.06532547622919083, -0.25758159160614014]], "expr": [9.25178756006062e-06, 1.6301999494316988e-05, -2.6779320251080208e-05, -1.8686872863327153e-05, 4.440224529389525e-06, -1.655036430747714e-05, -2.645555241542752e-06, -1.6433399650850333e-05, 2.609320290503092e-05, -2.0416080587892793e-05, -5.374347892939113e-06, 3.109004865109455e-06, -2.48383676080266e-05, 2.596106060082093e-05, -1.2720199265459087e-05, -1.106614126911154e-05, 1.1581397302506957e-05, 8.969698683358729e-06, 7.8405410022242e-06, 1.656891186030407e-06, 1.067964967660373e-05, 6.570139134964847e-07, -1.780787351890467e-05, -2.0672592654591426e-05, -4.140906185057247e-06, 9.38629364100052e-06, 1.1988496225967538e-05, -5.801122370030498e-06, 2.20418005483225e-05, 9.882853191811591e-06, 2.4861736164893955e-05, 1.2259888535481878e-05, 5.236381184658967e-06, 1.6071049685706384e-05, -6.431524980143877e-06, -4.832005743082846e-06, 3.5508419387042522e-06, 1.5630372217856348e-05, 1.1171023288625292e-05, 6.555864729307359e-06, -1.7603968444745988e-05, 1.2744035302603152e-06, 2.002362634812016e-05, 1.2576294466271065e-05, -1.0637509149091784e-05, 9.555219548929017e-06, -4.982869086234132e-06, -3.767375528695993e-05, -1.4468740118900314e-05, 2.6942365138893365e-07], "trans": [0.16486947238445282, 0.36078080534935, 3.9617998600006104]}