{"root_pose": [-0.8227995038032532, -0.005307056475430727, 2.9984443187713623], "body_pose": [[-0.2773315906524658, 0.0039631943218410015, 0.06959716975688934], [-0.2685600817203522, 0.14754483103752136, -0.030793296173214912], [0.008385448716580868, -0.024819692596793175, -0.03385760262608528], [0.1435036063194275, -0.008793740533292294, -0.07909044623374939], [0.179077610373497, -0.18959259986877441, 0.046143315732479095], [0.004567248746752739, 0.004674053285270929, -0.009586779400706291], [0.02499474585056305, 0.13370279967784882, -0.0219686608761549], [0.034128155559301376, -0.2547662556171417, -0.07681458443403244], [0.0028935910668224096, -0.010817461647093296, -0.02238409034907818], [0.06316766142845154, 0.6072275042533875, 0.2132434993982315], [0.0004556048661470413, 0.0008573390659876168, -0.10353695601224899], [0.00066328578395769, 0.05564603954553604, -0.25714749097824097], [-0.015919102355837822, -0.040891382843256, -0.1382756531238556], [-0.029099300503730774, -0.009661556221544743, 0.17371875047683716], [-0.009052288718521595, 0.21710337698459625, 0.15748706459999084], [0.04601776972413063, -0.21060001850128174, -0.648374080657959], [-0.0004526636330410838, 0.10438898950815201, 0.7857682108879089], [0.06087908148765564, -0.2920052111148834, 0.16814319789409637], [0.03911030292510986, 0.4809037744998932, -0.1864156723022461], [-0.5994659662246704, 0.31790345907211304, 0.2086862325668335], [-0.9331733584403992, 0.020912885665893555, -0.07200326770544052]], "jaw_pose": [0.038371652364730835, -0.008632615208625793, 0.07269071787595749], "leye_pose": [-6.3371849137183744e-06, 1.764682844296317e-09, -1.565745378684369e-06], "reye_pose": [1.2864917380284169e-06, 5.730147677240893e-06, 7.772880053380504e-06], "lhand_pose": [[-0.08509708195924759, 0.2169843316078186, -0.17718221247196198], [0.11753545701503754, 0.016675621271133423, 0.3503722846508026], [-0.02721961960196495, 0.020638953894376755, 0.445903480052948], [0.015685195103287697, -0.13427536189556122, -0.27535349130630493], [0.08687132596969604, 0.02664666250348091, 0.6868211030960083], [0.0037335646338760853, 0.03047945909202099, 0.38157162070274353], [0.5160074234008789, -0.1503775715827942, 0.34522107243537903], [-0.057722680270671844, 0.14249488711357117, 0.35587793588638306], [0.24595670402050018, -0.004298471380025148, 0.2199678122997284], [0.20570184290409088, -0.12491425126791, -0.024190092459321022], [0.06823261082172394, -0.002012077486142516, 0.5584316849708557], [0.03890073299407959, 0.10589467734098434, 0.340973436832428], [-0.18947036564350128, 0.056933797895908356, 0.06155990809202194], [0.26843371987342834, 0.010383142158389091, -0.19801777601242065], [-0.013148298487067223, -0.06247858703136444, 0.16422560811042786]], "rhand_pose": [[-0.022045565769076347, -0.3666175305843353, -0.23415197432041168], [0.06462497264146805, -0.015570090152323246, -0.2214251160621643], [0.029142064973711967, -0.05421951785683632, -0.2559046149253845], [-0.006432509049773216, 0.040729325264692307, -0.07077182829380035], [0.0712716355919838, -0.07037945836782455, -0.42368048429489136], [0.012523009441792965, -0.028451811522245407, -0.3683215379714966], [0.2393946498632431, 0.3935648500919342, -0.4402443468570709], [-0.08029624819755554, -0.04371364787220955, -0.16966938972473145], [0.03380396589636803, -0.016674455255270004, -0.05098237469792366], [0.14434915781021118, 0.13704025745391846, -0.1051362082362175], [0.042130086570978165, -0.029703624546527863, -0.540401816368103], [0.026212602853775024, -0.07276943325996399, -0.29957711696624756], [-0.17073896527290344, -0.6321257948875427, -0.13476437330245972], [0.062184888869524, -0.12474406510591507, 0.09886840730905533], [-0.1064440980553627, 0.15524062514305115, -0.20802780985832214]], "expr": [0.5201484560966492, 0.5352042317390442, 0.19202926754951477, 0.5597141981124878, -0.7859994769096375, -0.573588490486145, 0.12066280096769333, -0.3996208906173706, 0.4358804225921631, 0.1774391233921051, -0.1279752105474472, 0.4153186082839966, 0.1594695895910263, 0.0020907397847622633, 0.30004382133483887, -0.39449310302734375, -0.4527857303619385, -0.1382783204317093, 0.0161642674356699, 0.45933663845062256, 0.0027415696531534195, -0.24726253747940063, 0.26744845509529114, -0.13654720783233643, -0.36455827951431274, 0.12688037753105164, 0.2043815404176712, 0.03719077631831169, -0.0050898040644824505, 0.08220736682415009, 0.057658012956380844, -0.09575629234313965, 0.08019833266735077, 0.11013372242450714, 0.008278336375951767, 0.10622307658195496, -0.025975991040468216, 0.08394794166088104, -0.06933057308197021, -0.04527265205979347, -0.08451903611421585, 0.16561555862426758, -0.06778045743703842, -0.10119523853063583, -0.0280756875872612, 0.05256414785981178, 0.03113044984638691, -0.0258324071764946, 0.03473762050271034, -0.08419311046600342], "trans": [0.19106586277484894, 0.3614274263381958, 3.9464430809020996]}