{"root_pose": [-1.0183212757110596, -0.0980621874332428, 2.9161605834960938], "body_pose": [[-0.24979253113269806, -0.010126649402081966, 0.029276711866259575], [-0.19275198876857758, 0.08359285444021225, -0.019242772832512856], [0.010011021979153156, -0.015999633818864822, -0.0389588288962841], [0.28704342246055603, -0.011928500607609749, -0.03562760353088379], [0.21384216845035553, -0.28662779927253723, 0.059533651918172836], [0.006336019840091467, 0.006159553769975901, -0.008001599460840225], [0.1126442402601242, 0.1511918157339096, 0.1341203898191452], [0.07916981726884842, -0.3225143551826477, -0.053082648664712906], [0.004922252614051104, -0.002789097372442484, -0.02299465797841549], [-0.0029953166376799345, 0.4858890473842621, -0.0057806712575256824], [0.0024272112641483545, -0.0027952895034104586, -0.15639367699623108], [-0.001834783237427473, -0.08093767613172531, -0.32931405305862427], [-0.02671760693192482, -0.021448256447911263, -0.16300655901432037], [-0.061204008758068085, -0.030766561627388, 0.22462795674800873], [-0.012188071385025978, 0.34983861446380615, 0.3185267150402069], [0.01945348083972931, -0.18047550320625305, -0.646019697189331], [0.006220534443855286, 0.10986226052045822, 0.7931800484657288], [0.05879402160644531, -0.31911787390708923, 0.1758081316947937], [0.005517526995390654, 0.4483505189418793, -0.2069929987192154], [-0.5517780780792236, 0.2353648990392685, 0.24244938790798187], [-0.9482038617134094, 0.04076626896858215, -0.07875049859285355]], "jaw_pose": [0.04026148095726967, -0.004196866415441036, 0.14628785848617554], "leye_pose": [2.0629865957744187e-06, -1.3205540199123789e-05, 4.199495378998108e-06], "reye_pose": [3.5692321489477763e-06, 1.3797629435430281e-05, 4.811714461538941e-06], "lhand_pose": [[-0.0938909575343132, 0.2322748303413391, -0.1548682451248169], [0.11250065267086029, -0.000244914524955675, 0.3130032420158386], [-0.02440767176449299, 0.022602276876568794, 0.43964695930480957], [-0.005648686550557613, -0.0941198468208313, -0.2934316396713257], [0.08787612617015839, 0.03266378492116928, 0.6616588830947876], [0.010573645122349262, 0.028477808460593224, 0.39828312397003174], [0.49097684025764465, -0.18161851167678833, 0.36261677742004395], [-0.07070524990558624, 0.12337104231119156, 0.34118905663490295], [0.24182461202144623, 0.0003709134180098772, 0.20337755978107452], [0.2018638402223587, -0.01690375991165638, -0.008703428320586681], [0.07188345491886139, 0.01544619258493185, 0.5648602843284607], [0.03627065196633339, 0.10469108819961548, 0.3333266079425812], [-0.2106429636478424, 0.0034172290470451117, -0.0040597738698124886], [0.3506116271018982, 0.03649643808603287, -0.14910878241062164], [0.028162561357021332, -0.08861290663480759, 0.14098750054836273]], "rhand_pose": [[0.004323661793023348, -0.40267959237098694, -0.21925854682922363], [-0.025227196514606476, -0.04552717134356499, -0.3208511471748352], [0.1008286252617836, -0.05425401031970978, -0.031216250732541084], [0.04686024412512779, -0.016421860083937645, -0.08226224780082703], [0.028532614931464195, 0.018163273110985756, -0.5608861446380615], [-0.025823159143328667, -0.026611490175127983, -0.21155278384685516], [0.30761730670928955, 0.2728043496608734, -0.49096179008483887], [-0.1337728202342987, 0.02566693350672722, -0.2444898635149002], [0.01511683501303196, 0.04338277503848076, 0.019874708727002144], [0.13049834966659546, 0.0680135115981102, -0.13270112872123718], [0.00891895778477192, 0.0032696181442588568, -0.5452438592910767], [-0.0010843713534995914, -0.04685013368725777, -0.2782917022705078], [-0.31140416860580444, -0.7715941667556763, -0.16652458906173706], [0.02503289468586445, 0.032207489013671875, 0.27135181427001953], [-0.019873177632689476, -0.05722592771053314, -0.2730293869972229]], "expr": [0.6826205849647522, 0.4889267683029175, 0.26284435391426086, 0.7393621802330017, -0.8374046683311462, -0.4475831687450409, 0.19593432545661926, -0.4599267542362213, 0.39637112617492676, 0.33165693283081055, -0.09961189329624176, 0.49015527963638306, 0.19307473301887512, 0.02599569968879223, 0.22525668144226074, -0.4026663899421692, -0.4933021068572998, -0.18676629662513733, -0.08563543856143951, 0.46893635392189026, 0.05170220136642456, -0.25185948610305786, 0.3396959900856018, -0.09917722642421722, -0.32548636198043823, 0.12113034725189209, 0.21608249843120575, 0.11446595191955566, 0.014562848955392838, 0.06355588883161545, 0.07650696486234665, -0.11114078760147095, 0.03699096664786339, 0.10366056859493256, -0.012077567167580128, 0.05899724364280701, -0.0300056803971529, -0.0305195115506649, -0.05682578310370445, 0.010988544672727585, -0.12798891961574554, 0.11902523785829544, -0.027440616860985756, -0.0756920799612999, -0.03625700622797012, 0.08874267339706421, -0.0325777530670166, -0.03807072341442108, 0.013523034751415253, -0.09696701914072037], "trans": [0.18964791297912598, 0.35348373651504517, 3.9484007358551025]}