{"root_pose": [-1.014512062072754, -0.06641483306884766, 2.895460605621338], "body_pose": [[-0.18764188885688782, -0.049303088337183, 0.006565894465893507], [-0.26456913352012634, 0.10725562274456024, 0.013940851204097271], [0.01020146906375885, 0.017881911247968674, -0.0676063746213913], [0.05408140644431114, 0.07856369763612747, -0.011554318480193615], [0.27769654989242554, -0.1911453902721405, 0.029794419184327126], [0.005903008859604597, 0.01785781979560852, -0.006126939319074154], [0.20599697530269623, 0.14771103858947754, 0.12927597761154175], [0.057594116777181625, -0.32658860087394714, -0.03951955959200859], [0.003302967641502619, 0.01632106304168701, -0.022531671449542046], [0.01936718262732029, 0.4660338759422302, 0.0015321859391406178], [0.0012564988574013114, 0.00033050947240553796, -0.1136733666062355], [-2.534084524086211e-05, -0.04594268649816513, -0.2507603168487549], [-0.04425970837473869, 0.04382767528295517, -0.1516658067703247], [-0.04371467977762222, -0.02061813324689865, 0.23450914025306702], [-0.011224393732845783, 0.34142157435417175, 0.2634054720401764], [0.016727393493056297, -0.1746283918619156, -0.6990344524383545], [-0.011240948922932148, 0.17196883261203766, 0.8731696009635925], [0.03729170933365822, -0.3984198272228241, 0.17712511122226715], [0.08059387654066086, 0.48080089688301086, -0.23381245136260986], [-0.48548653721809387, 0.20466022193431854, 0.1671632081270218], [-0.0984121710062027, 0.17944492399692535, -0.22857283055782318]], "jaw_pose": [0.06623495370149612, -0.0066758859902620316, 0.13606911897659302], "leye_pose": [-4.183639248367399e-06, -1.5146922294206888e-07, -9.252020390704274e-06], "reye_pose": [3.3748870009731036e-06, 1.9625682398327626e-05, -2.985836545121856e-06], "lhand_pose": [[-0.11415581405162811, 0.2065107375383377, -0.11713710427284241], [0.07567232847213745, 0.009926742874085903, 0.36612099409103394], [0.0004639353428501636, 0.02411043271422386, 0.3951168358325958], [0.06528741121292114, -0.043911125510931015, -0.14155693352222443], [0.07591007649898529, 0.018583666533231735, 0.6845263242721558], [-0.006490854546427727, 0.03745702654123306, 0.38514599204063416], [0.705237090587616, -0.16855619847774506, 0.5041725039482117], [-0.1786736100912094, 0.11210430413484573, 0.35353735089302063], [0.2810918986797333, -0.03790907561779022, 0.16508956253528595], [0.2594481110572815, 0.040313709527254105, 0.14891599118709564], [0.062212202697992325, -0.00959981232881546, 0.5380991101264954], [0.04015368968248367, 0.0942247286438942, 0.3252630829811096], [-0.27546247839927673, -0.065471351146698, 0.08486136794090271], [0.3002856373786926, 0.1606377512216568, -0.20210318267345428], [-0.0755220428109169, -0.05732296034693718, 0.18039880692958832]], "rhand_pose": [[0.3782997131347656, -0.14315317571163177, -0.27298152446746826], [0.049244292080402374, -0.24389119446277618, 0.027461793273687363], [0.007550866808742285, -0.042338550090789795, -0.0509413480758667], [0.08756657689809799, -0.05570172891020775, 1.2573150396347046], [0.02765406109392643, -0.03088538907468319, 0.3272285461425781], [-0.012078973464667797, -0.0007117210188880563, -0.02053751051425934], [-0.5697062015533447, 0.2611095905303955, -0.16779561340808868], [-0.12242989987134933, 0.16604450345039368, 0.011296801269054413], [-0.06549543142318726, 0.014674080535769463, 0.051418036222457886], [-0.1285395324230194, 0.383573442697525, 0.5087152719497681], [-0.07086777687072754, 0.05483269691467285, 0.8617681264877319], [-0.017053117975592613, -0.04486259073019028, 0.004091666080057621], [-0.10165262222290039, -0.6361128687858582, -0.22395528852939606], [-0.013573288917541504, -0.04993637651205063, 0.07740064710378647], [0.008179849945008755, -0.028579188510775566, -0.12368232756853104]], "expr": [0.5620362758636475, 0.32537245750427246, 0.2892757058143616, 0.7050154209136963, -0.9405277371406555, -0.5323777198791504, 0.21161237359046936, -0.43112123012542725, 0.42894718050956726, 0.36298999190330505, -0.06145608052611351, 0.6092429757118225, 0.19356656074523926, 0.0035799730103462934, 0.2521282434463501, -0.465798556804657, -0.5827389359474182, -0.18681105971336365, -0.16580937802791595, 0.4665357768535614, 0.09423927217721939, -0.26194363832473755, 0.3378506898880005, -0.047490909695625305, -0.28883886337280273, 0.12565584480762482, 0.18193194270133972, 0.08987177908420563, 0.028508322313427925, 0.014451384544372559, 0.044541072100400925, -0.12137818336486816, 0.07309915870428085, 0.12881560623645782, 0.002356278244405985, 0.03538667410612106, -0.10297034680843353, -0.08742375671863556, -0.04087675362825394, 0.06915008276700974, -0.06387978047132492, 0.04021008312702179, -0.04234880581498146, -0.0250127911567688, -0.09070061147212982, 0.09121851623058319, -0.11769500374794006, -0.024976978078484535, -0.0447852648794651, -0.10545478761196136], "trans": [0.18062150478363037, 0.35450083017349243, 3.920111894607544]}